menu_id,menu_date,menu_description,meal_id,meal_description,campus_id,campus_description,scheduling_id,reservation_date,reservation_time,was_present,canceled_by_student,reservation_status,ticket_code,absence_justification,student_justification,student_id,student_name,student_mat,course_id,course_description,course_initials,shift_id,shift_description,is_republic_student
1,2025-01-01,"Cuscuz com queijo e suco",1,"Lanche da Manhã",1,"Campus Cedro",150474,2025-01-01,07:00:00,Sim,Não,Presente,47B570722B81,NULL,NULL,2736,"Jasmin da Rosa Batista",91602346,6,"Tecnologo Mecatrônica Industrial",TMI,2,Tarde,Não
1,2025-01-01,"Cuscuz com queijo e suco",1,"Lanche da Manhã",1,"Campus Cedro",161016,2025-01-01,07:00:00,Sim,Não,Presente,6F3C2B67A9F5,NULL,NULL,2938,"Ícaro Delvalle Pacheco Jr.",92480017,1,"Sistemas de Informação",SI,2,Tarde,Não
1,2025-01-01,"Cuscuz com queijo e suco",1,"Lanche da Manhã",1,"Campus Cedro",44121,2025-01-01,07:02:00,Sim,Não,Presente,CDA32FCE286A,NULL,NULL,799,"Michele Ferminiano Padrão",43669029,5,"Licenciatura em Física",FIS,2,Tarde,Sim
1,2025-01-01,"Cuscuz com queijo e suco",1,"Lanche da Manhã",1,"Campus Cedro",110439,2025-01-01,07:02:00,Sim,Não,Presente,0804691D43DA,NULL,NULL,2016,"Sra. Antonella Pietra Dominato",87134536,5,"Licenciatura em Física",FIS,1,Manhã,Não
1,2025-01-01,"Cuscuz com queijo e suco",1,"Lanche da Manhã",1,"Campus Cedro",155090,2025-01-01,07:02:00,Sim,Não,Presente,1AFA0E97AB36,NULL,NULL,2823,"Sra. Camila Leal Pedrosa",24607304,2,"Engenharia de Elétrica",EE,1,Manhã,Não
1,2025-01-01,"Cuscuz com queijo e suco",1,"Lanche da Manhã",1,"Campus Cedro",100316,2025-01-01,07:03:00,Sim,Não,Presente,D82FF312E708,NULL,NULL,1827,"Dr. Danilo Carvalho Filho",33212155,3,"Engenharia Mecânica",MEC,2,Tarde,Não
1,2025-01-01,"Cuscuz com queijo e suco",1,"Lanche da Manhã",1,"Campus Cedro",107830,2025-01-01,07:03:00,Sim,Não,Presente,1899A238AC60,NULL,NULL,1968,"Sara Dominato",48956543,5,"Licenciatura em Física",FIS,3,Noite,Não
1,2025-01-01,"Cuscuz com queijo e suco",1,"Lanche da Manhã",1,"Campus Cedro",19554,2025-01-01,07:06:00,Sim,Não,Presente,9329D5A81A18,NULL,NULL,356,"Michelle Jéssica Garcia",51384195,4,"Licenciatura em Matemática",MAT,2,Tarde,Não
1,2025-01-01,"Cuscuz com queijo e suco",1,"Lanche da Manhã",1,"Campus Cedro",36753,2025-01-01,07:06:00,Sim,Não,Presente,EF3489AD6265,NULL,NULL,663,"Sr. Fabrício Valente Uchoa Neto",08763795,5,"Licenciatura em Física",FIS,1,Manhã,Não
1,2025-01-01,"Cuscuz com queijo e suco",1,"Lanche da Manhã",1,"Campus Cedro",56541,2025-01-01,07:06:00,Sim,Não,Presente,EA280798952E,NULL,NULL,1035,"Rogério Miguel Gil Sobrinho",41654853,2,"Engenharia de Elétrica",EE,1,Manhã,Não
1,2025-01-01,"Cuscuz com queijo e suco",1,"Lanche da Manhã",1,"Campus Cedro",110386,2025-01-01,07:07:00,Sim,Não,Presente,6CDB60CDFDC7,NULL,NULL,2015,"Máximo João Queirós Neto",50586898,5,"Licenciatura em Física",FIS,1,Manhã,Não
1,2025-01-01,"Cuscuz com queijo e suco",1,"Lanche da Manhã",1,"Campus Cedro",125194,2025-01-01,07:07:00,Não,Sim,Cancelada,B78D7C0C331A,NULL,NULL,2280,"Ester Lorena Santos Sobrinho",99821661,3,"Engenharia Mecânica",MEC,3,Noite,Não
1,2025-01-01,"Cuscuz com queijo e suco",1,"Lanche da Manhã",1,"Campus Cedro",133716,2025-01-01,07:08:00,Não,Não,Ausente,9235235E1560,"Problema de transporte",NULL,2432,"Sra. Pietra Miranda Rezende",09211314,6,"Tecnologo Mecatrônica Industrial",TMI,3,Noite,Não
1,2025-01-01,"Cuscuz com queijo e suco",1,"Lanche da Manhã",1,"Campus Cedro",43930,2025-01-01,07:09:00,Não,Não,Ausente,2E1682564A02,"Atividade acadêmica",NULL,796,"Sr. João Aragão",88582414,1,"Sistemas de Informação",SI,3,Noite,Não
1,2025-01-01,"Cuscuz com queijo e suco",1,"Lanche da Manhã",1,"Campus Cedro",120644,2025-01-01,07:09:00,Sim,Não,Presente,81A589CE4C69,NULL,NULL,2197,"Maiara Fernandes Neto",02609010,1,"Sistemas de Informação",SI,3,Noite,Sim
1,2025-01-01,"Cuscuz com queijo e suco",1,"Lanche da Manhã",1,"Campus Cedro",125767,2025-01-01,07:09:00,Sim,Não,Presente,BFC06861A02E,NULL,NULL,2290,"Dr. Fabiana Campos",59914982,1,"Sistemas de Informação",SI,3,Noite,Não
1,2025-01-01,"Cuscuz com queijo e suco",1,"Lanche da Manhã",1,"Campus Cedro",149062,2025-01-01,07:09:00,Sim,Não,Presente,72CAF9C0C556,NULL,NULL,2710,"Dr. Vanessa Diana Vale",17718399,1,"Sistemas de Informação",SI,3,Noite,Não
1,2025-01-01,"Cuscuz com queijo e suco",1,"Lanche da Manhã",1,"Campus Cedro",46267,2025-01-01,07:10:00,Sim,Não,Presente,D1A51FDDC9AB,NULL,NULL,840,"Srta. Sônia Padrão Alcantara",25499261,3,"Engenharia Mecânica",MEC,3,Noite,Não
1,2025-01-01,"Cuscuz com queijo e suco",1,"Lanche da Manhã",1,"Campus Cedro",112093,2025-01-01,07:10:00,Sim,Não,Presente,DDE0EA2C546B,NULL,NULL,2046,"Srta. Mila Bárbara das Neves",32210983,1,"Sistemas de Informação",SI,2,Tarde,Não
1,2025-01-01,"Cuscuz com queijo e suco",1,"Lanche da Manhã",1,"Campus Cedro",148364,2025-01-01,07:10:00,Sim,Não,Presente,656C8006F11D,NULL,NULL,2697,"Srta. Talita Pontes",27343611,3,"Engenharia Mecânica",MEC,3,Noite,Não
1,2025-01-01,"Cuscuz com queijo e suco",1,"Lanche da Manhã",1,"Campus Cedro",14680,2025-01-01,07:15:00,Sim,Não,Presente,049396AC184B,NULL,NULL,267,"Nero de Freitas Sobrinho",15616896,3,"Engenharia Mecânica",MEC,1,Manhã,Não
1,2025-01-01,"Cuscuz com queijo e suco",1,"Lanche da Manhã",1,"Campus Cedro",144760,2025-01-01,07:16:00,Sim,Não,Presente,990685E9F184,NULL,NULL,2633,"Sr. Téo José Gonçalves Filho",32003957,2,"Engenharia de Elétrica",EE,2,Tarde,Não
1,2025-01-01,"Cuscuz com queijo e suco",1,"Lanche da Manhã",1,"Campus Cedro",2886,2025-01-01,07:17:00,Não,Não,Ausente,D9153880D9C5,"Imprevisto pessoal",NULL,52,"Franciele Casanova",05642186,3,"Engenharia Mecânica",MEC,2,Tarde,Não
1,2025-01-01,"Cuscuz com queijo e suco",1,"Lanche da Manhã",1,"Campus Cedro",57950,2025-01-01,07:17:00,Não,Não,Ausente,9224AF5C9ECC,"Problema de saúde",NULL,1060,"Demian Antônio Benez",62728500,3,"Engenharia Mecânica",MEC,2,Tarde,Não
1,2025-01-01,"Cuscuz com queijo e suco",1,"Lanche da Manhã",1,"Campus Cedro",91702,2025-01-01,07:19:00,Não,Não,Ausente,5A688007C44C,"Ausência justificada pelo estudante",NULL,1668,"Sr. Ronaldo Domingues Bonilha",47405930,1,"Sistemas de Informação",SI,2,Tarde,Não
1,2025-01-01,"Cuscuz com queijo e suco",1,"Lanche da Manhã",1,"Campus Cedro",157325,2025-01-01,07:19:00,Não,Sim,Cancelada,94B19BC23EB6,NULL,NULL,2865,"Rodolfo Quintana Filho",94210521,3,"Engenharia Mecânica",MEC,2,Tarde,Sim
1,2025-01-01,"Cuscuz com queijo e suco",1,"Lanche da Manhã",1,"Campus Cedro",148782,2025-01-01,07:20:00,Sim,Não,Presente,B12AFEF142C7,NULL,NULL,2705,"Caroline Salas",75959203,6,"Tecnologo Mecatrônica Industrial",TMI,2,Tarde,Não
1,2025-01-01,"Cuscuz com queijo e suco",1,"Lanche da Manhã",1,"Campus Cedro",48982,2025-01-01,07:21:00,Não,Sim,Cancelada,967C8918BF71,NULL,NULL,893,"Viviane Pedrosa",49398636,6,"Tecnologo Mecatrônica Industrial",TMI,2,Tarde,Sim
1,2025-01-01,"Cuscuz com queijo e suco",1,"Lanche da Manhã",1,"Campus Cedro",108436,2025-01-01,07:22:00,Não,Sim,Cancelada,3D07EE0B3DBC,NULL,NULL,1979,"Srta. Dirce Ohana de Oliveira",74897076,2,"Engenharia de Elétrica",EE,3,Noite,Não
1,2025-01-01,"Cuscuz com queijo e suco",1,"Lanche da Manhã",1,"Campus Cedro",59850,2025-01-01,07:24:00,Sim,Não,Presente,F493D0D85349,NULL,NULL,1095,"Sra. Fernanda Ortega",98823151,2,"Engenharia de Elétrica",EE,3,Noite,Sim
1,2025-01-01,"Cuscuz com queijo e suco",1,"Lanche da Manhã",1,"Campus Cedro",44561,2025-01-01,07:25:00,Sim,Não,Presente,397E5943841B,NULL,NULL,806,"Estela Arruda",39401948,5,"Licenciatura em Física",FIS,1,Manhã,Sim
1,2025-01-01,"Cuscuz com queijo e suco",1,"Lanche da Manhã",1,"Campus Cedro",18709,2025-01-01,07:26:00,Sim,Não,Presente,E22AE1A8B97F,NULL,NULL,341,"Adriano Allan Gil",17557848,2,"Engenharia de Elétrica",EE,3,Noite,Sim
1,2025-01-01,"Cuscuz com queijo e suco",1,"Lanche da Manhã",1,"Campus Cedro",39611,2025-01-01,07:26:00,Não,Sim,Cancelada,43ED9FF7173B,NULL,NULL,719,"Anderson Burgos Serrano",29832201,6,"Tecnologo Mecatrônica Industrial",TMI,3,Noite,Não
1,2025-01-01,"Cuscuz com queijo e suco",1,"Lanche da Manhã",1,"Campus Cedro",69438,2025-01-01,07:28:00,Não,Não,Ausente,4069D5A48C44,"Problema de transporte",NULL,1264,"Mauro João Paes Filho",91347130,1,"Sistemas de Informação",SI,3,Noite,Não
1,2025-01-01,"Cuscuz com queijo e suco",1,"Lanche da Manhã",1,"Campus Cedro",131481,2025-01-01,07:28:00,Não,Não,Ausente,E0C83E7A93A4,"Problema de saúde",NULL,2392,"Natália Michelle Estrada",62945132,6,"Tecnologo Mecatrônica Industrial",TMI,2,Tarde,Não
1,2025-01-01,"Cuscuz com queijo e suco",1,"Lanche da Manhã",1,"Campus Cedro",25284,2025-01-01,07:32:00,Sim,Não,Presente,5B85F54EE1FB,NULL,NULL,458,"Dr. Hugo Furtado Velasques",16509435,1,"Sistemas de Informação",SI,3,Noite,Não
1,2025-01-01,"Cuscuz com queijo e suco",1,"Lanche da Manhã",1,"Campus Cedro",7986,2025-01-01,07:34:00,Sim,Não,Presente,4E038E573D08,NULL,NULL,142,"Sr. Kevin Feliciano Sobrinho",87807608,4,"Licenciatura em Matemática",MAT,3,Noite,Não
1,2025-01-01,"Cuscuz com queijo e suco",1,"Lanche da Manhã",1,"Campus Cedro",50291,2025-01-01,07:34:00,Sim,Não,Presente,478E41D68C17,NULL,NULL,918,"Sr. Christian Solano Neto",28605272,2,"Engenharia de Elétrica",EE,3,Noite,Não
1,2025-01-01,"Cuscuz com queijo e suco",1,"Lanche da Manhã",1,"Campus Cedro",97625,2025-01-01,07:34:00,Sim,Não,Presente,B638238F474E,NULL,NULL,1778,"Manuel Batista Rico",43519553,1,"Sistemas de Informação",SI,2,Tarde,Não
1,2025-01-01,"Cuscuz com queijo e suco",1,"Lanche da Manhã",1,"Campus Cedro",104017,2025-01-01,07:34:00,Não,Sim,Cancelada,F5C5AD5DAE44,NULL,NULL,1897,"André Noel Beltrão",24851891,4,"Licenciatura em Matemática",MAT,3,Noite,Não
1,2025-01-01,"Cuscuz com queijo e suco",1,"Lanche da Manhã",1,"Campus Cedro",157636,2025-01-01,07:35:00,Sim,Não,Presente,057AB7D73B9F,NULL,NULL,2870,"Dr. Stefany Cíntia Ortiz Jr.",17371466,6,"Tecnologo Mecatrônica Industrial",TMI,1,Manhã,Não
1,2025-01-01,"Cuscuz com queijo e suco",1,"Lanche da Manhã",1,"Campus Cedro",160757,2025-01-01,07:35:00,Sim,Não,Presente,69DD74DAAF18,NULL,NULL,2934,"Dr. Beatriz Dirce Domingues",96605268,3,"Engenharia Mecânica",MEC,1,Manhã,Não
1,2025-01-01,"Cuscuz com queijo e suco",1,"Lanche da Manhã",1,"Campus Cedro",146715,2025-01-01,07:36:00,Sim,Não,Presente,A1BF7FFD6359,NULL,NULL,2669,"Leo Sebastião Teles",95555852,6,"Tecnologo Mecatrônica Industrial",TMI,2,Tarde,Não
1,2025-01-01,"Cuscuz com queijo e suco",1,"Lanche da Manhã",1,"Campus Cedro",66236,2025-01-01,07:38:00,Sim,Não,Presente,AE2B1DDF445B,NULL,NULL,1209,"Nádia Cruz Ferreira Sobrinho",88494019,5,"Licenciatura em Física",FIS,2,Tarde,Não
1,2025-01-01,"Cuscuz com queijo e suco",1,"Lanche da Manhã",1,"Campus Cedro",158580,2025-01-01,07:38:00,Sim,Não,Presente,D29E389A8D70,NULL,NULL,2890,"Dr. Yuri Matos Filho",45261316,6,"Tecnologo Mecatrônica Industrial",TMI,2,Tarde,Não
1,2025-01-01,"Cuscuz com queijo e suco",1,"Lanche da Manhã",1,"Campus Cedro",78500,2025-01-01,07:40:00,Sim,Não,Presente,4A85A0E25FCD,NULL,NULL,1429,"Srta. Marina Faria Sobrinho",52432376,3,"Engenharia Mecânica",MEC,2,Tarde,Não
1,2025-01-01,"Cuscuz com queijo e suco",1,"Lanche da Manhã",1,"Campus Cedro",42318,2025-01-01,07:42:00,Não,Sim,Cancelada,FC52A3B59E3B,NULL,NULL,766,"Antônio das Dores Ávila Filho",58607465,1,"Sistemas de Informação",SI,3,Noite,Não
1,2025-01-01,"Cuscuz com queijo e suco",1,"Lanche da Manhã",1,"Campus Cedro",13366,2025-01-01,07:43:00,Sim,Não,Presente,F28924050064,NULL,NULL,240,"Ariana da Cruz",22265593,2,"Engenharia de Elétrica",EE,1,Manhã,Não
1,2025-01-01,"Cuscuz com queijo e suco",1,"Lanche da Manhã",1,"Campus Cedro",53191,2025-01-01,07:43:00,Sim,Não,Presente,472912EF2A41,NULL,NULL,972,"Fernando James Paes",06362270,5,"Licenciatura em Física",FIS,3,Noite,Não
1,2025-01-01,"Cuscuz com queijo e suco",1,"Lanche da Manhã",1,"Campus Cedro",7202,2025-01-01,07:44:00,Sim,Não,Presente,8C40296B34C8,NULL,NULL,129,"Dr. Leo Reis",61754429,5,"Licenciatura em Física",FIS,3,Noite,Sim
1,2025-01-01,"Cuscuz com queijo e suco",1,"Lanche da Manhã",1,"Campus Cedro",91063,2025-01-01,07:47:00,Sim,Não,Presente,B6B07C91A072,NULL,NULL,1655,"Estêvão Escobar",01176897,6,"Tecnologo Mecatrônica Industrial",TMI,2,Tarde,Sim
1,2025-01-01,"Cuscuz com queijo e suco",1,"Lanche da Manhã",1,"Campus Cedro",115765,2025-01-01,07:47:00,Sim,Não,Presente,419F26018F06,NULL,NULL,2111,"Dr. Lucio Benedito Pedrosa Filho",66114096,5,"Licenciatura em Física",FIS,1,Manhã,Não
1,2025-01-01,"Cuscuz com queijo e suco",1,"Lanche da Manhã",1,"Campus Cedro",26379,2025-01-01,07:48:00,Não,Sim,Cancelada,B4FA362BAFF0,NULL,NULL,478,"Dr. Eloah Fernanda Ferreira",49242991,5,"Licenciatura em Física",FIS,1,Manhã,Não
1,2025-01-01,"Cuscuz com queijo e suco",1,"Lanche da Manhã",1,"Campus Cedro",91340,2025-01-01,07:49:00,Sim,Não,Presente,6C3C20CA0895,NULL,NULL,1660,"Fabrício Ortega Jr.",51204092,4,"Licenciatura em Matemática",MAT,2,Tarde,Sim
1,2025-01-01,"Cuscuz com queijo e suco",1,"Lanche da Manhã",1,"Campus Cedro",67323,2025-01-01,07:51:00,Sim,Não,Presente,E1E5567226A4,NULL,NULL,1228,"Srta. Helena de Souza",44553634,6,"Tecnologo Mecatrônica Industrial",TMI,1,Manhã,Não
1,2025-01-01,"Cuscuz com queijo e suco",1,"Lanche da Manhã",1,"Campus Cedro",79719,2025-01-01,07:53:00,Sim,Não,Presente,DD9FF8410EE1,NULL,NULL,1449,"Dr. Léia Saraiva",48511386,3,"Engenharia Mecânica",MEC,3,Noite,Não
1,2025-01-01,"Cuscuz com queijo e suco",1,"Lanche da Manhã",1,"Campus Cedro",61834,2025-01-01,07:54:00,Sim,Não,Presente,317C4E0159CF,NULL,NULL,1131,"Luis Espinoza",92076370,5,"Licenciatura em Física",FIS,2,Tarde,Não
1,2025-01-01,"Cuscuz com queijo e suco",1,"Lanche da Manhã",1,"Campus Cedro",14373,2025-01-01,07:57:00,Sim,Não,Presente,B0EA50DAF824,NULL,NULL,260,"Gean Barreto Filho",65910194,6,"Tecnologo Mecatrônica Industrial",TMI,1,Manhã,Não
1,2025-01-01,"Cuscuz com queijo e suco",1,"Lanche da Manhã",1,"Campus Cedro",100076,2025-01-01,07:58:00,Sim,Não,Presente,A5CDAE1FB326,NULL,NULL,1823,"Dayana Lira Filho",88962875,6,"Tecnologo Mecatrônica Industrial",TMI,2,Tarde,Sim
1,2025-01-01,"Cuscuz com queijo e suco",1,"Lanche da Manhã",1,"Campus Cedro",103948,2025-01-01,07:58:00,Sim,Não,Presente,1EC0DE30A199,NULL,NULL,1896,"Sergio Jorge Valdez",00858993,4,"Licenciatura em Matemática",MAT,3,Noite,Não
1,2025-01-01,"Cuscuz com queijo e suco",1,"Lanche da Manhã",1,"Campus Cedro",158157,2025-01-01,07:59:00,Não,Não,Ausente,5BB2A6DDD286,"Imprevisto pessoal",NULL,2881,"Clarice Queirós Jr.",76008699,4,"Licenciatura em Matemática",MAT,2,Tarde,Não
1,2025-01-01,"Cuscuz com queijo e suco",1,"Lanche da Manhã",1,"Campus Cedro",151174,2025-01-01,08:00:00,Sim,Não,Presente,2A9318B056B1,NULL,NULL,2752,"Dr. Isaac Henrique Sanches",53865100,5,"Licenciatura em Física",FIS,1,Manhã,Não
1,2025-01-01,"Cuscuz com queijo e suco",1,"Lanche da Manhã",1,"Campus Cedro",135124,2025-01-01,08:01:00,Sim,Não,Presente,400C1A71D680,NULL,NULL,2457,"Sr. Martinho Vasques Santana",69745247,2,"Engenharia de Elétrica",EE,1,Manhã,Não
1,2025-01-01,"Cuscuz com queijo e suco",1,"Lanche da Manhã",1,"Campus Cedro",97310,2025-01-01,08:03:00,Sim,Não,Presente,0A9C1F353232,NULL,NULL,1773,"Maitê Pontes Benez",64367514,3,"Engenharia Mecânica",MEC,1,Manhã,Não
1,2025-01-01,"Cuscuz com queijo e suco",1,"Lanche da Manhã",1,"Campus Cedro",140004,2025-01-01,08:06:00,Sim,Não,Presente,C1B08723EFD1,NULL,NULL,2547,"Dr. Tainara Verdara Sobrinho",12199017,4,"Licenciatura em Matemática",MAT,1,Manhã,Não
1,2025-01-01,"Cuscuz com queijo e suco",1,"Lanche da Manhã",1,"Campus Cedro",28666,2025-01-01,08:09:00,Sim,Não,Presente,4A7F139480A5,NULL,NULL,519,"Dirce Sandra Leal",04813318,5,"Licenciatura em Física",FIS,1,Manhã,Não
1,2025-01-01,"Cuscuz com queijo e suco",1,"Lanche da Manhã",1,"Campus Cedro",72043,2025-01-01,08:09:00,Sim,Não,Presente,164693389035,NULL,NULL,1311,"Otávio Tamoio",75155570,3,"Engenharia Mecânica",MEC,2,Tarde,Não
1,2025-01-01,"Cuscuz com queijo e suco",1,"Lanche da Manhã",1,"Campus Cedro",109204,2025-01-01,08:09:00,Sim,Não,Presente,66B43DA6CB6B,NULL,NULL,1994,"Nero Serna Furtado Neto",05091141,2,"Engenharia de Elétrica",EE,3,Noite,Não
1,2025-01-01,"Cuscuz com queijo e suco",1,"Lanche da Manhã",1,"Campus Cedro",113277,2025-01-01,08:09:00,Sim,Não,Presente,87584D9CE9CC,NULL,NULL,2067,"Kauan Bezerra Quintana",42333560,4,"Licenciatura em Matemática",MAT,2,Tarde,Não
1,2025-01-01,"Cuscuz com queijo e suco",1,"Lanche da Manhã",1,"Campus Cedro",114228,2025-01-01,08:09:00,Não,Sim,Cancelada,049640766738,NULL,NULL,2083,"Franciele Guerra Aranda Sobrinho",13485580,6,"Tecnologo Mecatrônica Industrial",TMI,2,Tarde,Não
1,2025-01-01,"Cuscuz com queijo e suco",1,"Lanche da Manhã",1,"Campus Cedro",47305,2025-01-01,08:11:00,Sim,Não,Presente,7D21E678E4C3,NULL,NULL,861,"Larissa Escobar de Aguiar",84788595,1,"Sistemas de Informação",SI,1,Manhã,Não
1,2025-01-01,"Cuscuz com queijo e suco",1,"Lanche da Manhã",1,"Campus Cedro",111250,2025-01-01,08:12:00,Não,Sim,Cancelada,3FDFF1F14EE4,NULL,NULL,2031,"Dr. Martinho Ivan Valência Filho",78256242,1,"Sistemas de Informação",SI,1,Manhã,Não
1,2025-01-01,"Cuscuz com queijo e suco",1,"Lanche da Manhã",1,"Campus Cedro",150561,2025-01-01,08:19:00,Sim,Não,Presente,2DA8B9281195,NULL,NULL,2738,"Sr. Davi Padrão Ferreira",68782836,6,"Tecnologo Mecatrônica Industrial",TMI,2,Tarde,Não
1,2025-01-01,"Cuscuz com queijo e suco",1,"Lanche da Manhã",1,"Campus Cedro",140180,2025-01-01,08:20:00,Sim,Não,Presente,F0E7FC92ACF5,NULL,NULL,2550,"Cléber Espinoza",33260365,6,"Tecnologo Mecatrônica Industrial",TMI,1,Manhã,Não
1,2025-01-01,"Cuscuz com queijo e suco",1,"Lanche da Manhã",1,"Campus Cedro",80714,2025-01-01,08:21:00,Sim,Não,Presente,A07E9B60CD7F,NULL,NULL,1468,"Sra. Tainara Lozano",24982141,1,"Sistemas de Informação",SI,1,Manhã,Não
1,2025-01-01,"Cuscuz com queijo e suco",1,"Lanche da Manhã",1,"Campus Cedro",132188,2025-01-01,08:22:00,Sim,Não,Presente,28D44B15CD97,NULL,NULL,2404,"Dr. Sérgio Nero Corona Sobrinho",04283667,6,"Tecnologo Mecatrônica Industrial",TMI,3,Noite,Não
1,2025-01-01,"Cuscuz com queijo e suco",1,"Lanche da Manhã",1,"Campus Cedro",30403,2025-01-01,08:23:00,Não,Sim,Cancelada,B5006D66FE1B,NULL,NULL,547,"Raquel Jaqueline Soares Jr.",50567410,3,"Engenharia Mecânica",MEC,1,Manhã,Não
1,2025-01-01,"Cuscuz com queijo e suco",1,"Lanche da Manhã",1,"Campus Cedro",114092,2025-01-01,08:24:00,Não,Sim,Cancelada,4F87F5FDA7EE,NULL,NULL,2081,"Giovane Queirós Caldeira",86790875,2,"Engenharia de Elétrica",EE,1,Manhã,Sim
1,2025-01-01,"Cuscuz com queijo e suco",1,"Lanche da Manhã",1,"Campus Cedro",2776,2025-01-01,08:27:00,Sim,Não,Presente,22F7536ED501,NULL,NULL,50,"Mauro Aranda Quintana",03297060,6,"Tecnologo Mecatrônica Industrial",TMI,1,Manhã,Não
1,2025-01-01,"Cuscuz com queijo e suco",1,"Lanche da Manhã",1,"Campus Cedro",52952,2025-01-01,08:28:00,Sim,Não,Presente,7111C75A4BA3,NULL,NULL,967,"Anderson de Souza Amaral Neto",93402730,3,"Engenharia Mecânica",MEC,1,Manhã,Não
1,2025-01-01,"Cuscuz com queijo e suco",1,"Lanche da Manhã",1,"Campus Cedro",114012,2025-01-01,08:28:00,Sim,Não,Presente,903F9BF08BCF,NULL,NULL,2080,"Daiane Medina",84247960,1,"Sistemas de Informação",SI,3,Noite,Não
1,2025-01-01,"Cuscuz com queijo e suco",1,"Lanche da Manhã",1,"Campus Cedro",156430,2025-01-01,08:28:00,Sim,Não,Presente,12396DC0334F,NULL,NULL,2847,"Daniele Zamana Prado Jr.",84552017,5,"Licenciatura em Física",FIS,3,Noite,Sim
1,2025-01-01,"Cuscuz com queijo e suco",1,"Lanche da Manhã",1,"Campus Cedro",30272,2025-01-01,08:29:00,Sim,Não,Presente,76F6987FCAC7,NULL,NULL,545,"Débora Ferraz Guerra Jr.",85206340,5,"Licenciatura em Física",FIS,1,Manhã,Não
1,2025-01-01,"Cuscuz com queijo e suco",1,"Lanche da Manhã",1,"Campus Cedro",87177,2025-01-01,08:29:00,Sim,Não,Presente,2FF6587A007F,NULL,NULL,1585,"Srta. Melina Stella Franco",81862096,1,"Sistemas de Informação",SI,1,Manhã,Não
1,2025-01-01,"Cuscuz com queijo e suco",1,"Lanche da Manhã",1,"Campus Cedro",144091,2025-01-01,08:31:00,Sim,Não,Presente,C517A190EE55,NULL,NULL,2620,"Giovana da Silva Filho",36878748,4,"Licenciatura em Matemática",MAT,3,Noite,Não
1,2025-01-01,"Cuscuz com queijo e suco",1,"Lanche da Manhã",1,"Campus Cedro",146557,2025-01-01,08:31:00,Não,Não,Ausente,00806115A270,"Problema de transporte",NULL,2666,"Srta. Suzana Faro",91355850,2,"Engenharia de Elétrica",EE,3,Noite,Não
1,2025-01-01,"Cuscuz com queijo e suco",1,"Lanche da Manhã",1,"Campus Cedro",55042,2025-01-01,08:32:00,Sim,Não,Presente,0F6769ECCEF8,NULL,NULL,1007,"Srta. Louise Manoela Salazar",11133232,1,"Sistemas de Informação",SI,2,Tarde,Não
1,2025-01-01,"Cuscuz com queijo e suco",1,"Lanche da Manhã",1,"Campus Cedro",102194,2025-01-01,08:33:00,Sim,Não,Presente,1EDCA534F0FA,NULL,NULL,1863,"Srta. Simone Marília Oliveira",87961693,4,"Licenciatura em Matemática",MAT,1,Manhã,Sim
1,2025-01-01,"Cuscuz com queijo e suco",1,"Lanche da Manhã",1,"Campus Cedro",89991,2025-01-01,08:34:00,Sim,Não,Presente,D430187F07F7,NULL,NULL,1636,"Karine Feliciano Mascarenhas Filho",04028955,2,"Engenharia de Elétrica",EE,2,Tarde,Não
1,2025-01-01,"Cuscuz com queijo e suco",1,"Lanche da Manhã",1,"Campus Cedro",130516,2025-01-01,08:34:00,Sim,Não,Presente,8F8E5AD9F9D4,NULL,NULL,2376,"Srta. Thaís Santana",38897576,2,"Engenharia de Elétrica",EE,3,Noite,Sim
1,2025-01-01,"Cuscuz com queijo e suco",1,"Lanche da Manhã",1,"Campus Cedro",84284,2025-01-01,08:35:00,Sim,Não,Presente,29B4B6A93ECA,NULL,NULL,1531,"Dr. Elias Casanova Montenegro Jr.",53774181,5,"Licenciatura em Física",FIS,1,Manhã,Não
1,2025-01-01,"Cuscuz com queijo e suco",1,"Lanche da Manhã",1,"Campus Cedro",124864,2025-01-01,08:36:00,Não,Não,Ausente,D27477056AED,"Compromisso acadêmico",NULL,2275,"Felipe Christian Leal",61684737,5,"Licenciatura em Física",FIS,3,Noite,Não
1,2025-01-01,"Cuscuz com queijo e suco",1,"Lanche da Manhã",1,"Campus Cedro",119139,2025-01-01,08:41:00,Não,Sim,Cancelada,73EF3F6B1907,NULL,NULL,2171,"Silvana Carolina Mendes",21606599,3,"Engenharia Mecânica",MEC,3,Noite,Não
1,2025-01-01,"Cuscuz com queijo e suco",1,"Lanche da Manhã",1,"Campus Cedro",20069,2025-01-01,08:42:00,Sim,Não,Presente,A94CD7C1312A,NULL,NULL,365,"Eva Valência",12633139,4,"Licenciatura em Matemática",MAT,2,Tarde,Sim
1,2025-01-01,"Cuscuz com queijo e suco",1,"Lanche da Manhã",1,"Campus Cedro",82369,2025-01-01,08:42:00,Sim,Não,Presente,E42FE7E007B2,NULL,NULL,1498,"Dr. Artur Martinho Chaves Jr.",30975085,4,"Licenciatura em Matemática",MAT,1,Manhã,Não
1,2025-01-01,"Cuscuz com queijo e suco",1,"Lanche da Manhã",1,"Campus Cedro",100911,2025-01-01,08:43:00,Sim,Não,Presente,83058FBE68F6,NULL,NULL,1838,"Daiane Azevedo Zamana Sobrinho",93814676,4,"Licenciatura em Matemática",MAT,2,Tarde,Não
1,2025-01-01,"Cuscuz com queijo e suco",1,"Lanche da Manhã",1,"Campus Cedro",39747,2025-01-01,08:44:00,Sim,Não,Presente,F67878B7EAF3,NULL,NULL,721,"Srta. Daiane Leal",86015740,4,"Licenciatura em Matemática",MAT,1,Manhã,Não
1,2025-01-01,"Cuscuz com queijo e suco",1,"Lanche da Manhã",1,"Campus Cedro",25827,2025-01-01,08:45:00,Sim,Não,Presente,89A84763B368,NULL,NULL,467,"Mário da Rosa Galvão",29372517,1,"Sistemas de Informação",SI,1,Manhã,Não
1,2025-01-01,"Cuscuz com queijo e suco",1,"Lanche da Manhã",1,"Campus Cedro",61497,2025-01-01,08:45:00,Sim,Não,Presente,F99982540F04,NULL,NULL,1124,"Sra. Daiane Campos Sobrinho",50260249,3,"Engenharia Mecânica",MEC,1,Manhã,Não
1,2025-01-01,"Cuscuz com queijo e suco",1,"Lanche da Manhã",1,"Campus Cedro",122549,2025-01-01,08:46:00,Não,Não,Ausente,5C77C487872A,"Imprevisto pessoal",NULL,2230,"Miranda Emily Barreto Neto",57171215,4,"Licenciatura em Matemática",MAT,3,Noite,Não
1,2025-01-01,"Cuscuz com queijo e suco",1,"Lanche da Manhã",1,"Campus Cedro",51015,2025-01-01,08:47:00,Sim,Não,Presente,F882E883DDE1,NULL,NULL,931,"Ian Prado Mascarenhas",93630947,3,"Engenharia Mecânica",MEC,2,Tarde,Sim
1,2025-01-01,"Cuscuz com queijo e suco",1,"Lanche da Manhã",1,"Campus Cedro",123751,2025-01-01,08:49:00,Sim,Não,Presente,05953A9E533D,NULL,NULL,2254,"Enzo Marcos Sanches",47911481,3,"Engenharia Mecânica",MEC,2,Tarde,Não
1,2025-01-01,"Cuscuz com queijo e suco",1,"Lanche da Manhã",1,"Campus Cedro",92074,2025-01-01,08:50:00,Sim,Não,Presente,2E566302D08A,NULL,NULL,1676,"Dr. Everton Queirós da Silva Filho",45889154,4,"Licenciatura em Matemática",MAT,2,Tarde,Não
1,2025-01-01,"Cuscuz com queijo e suco",1,"Lanche da Manhã",1,"Campus Cedro",144729,2025-01-01,08:51:00,Sim,Não,Presente,2CFE648C2DF0,NULL,NULL,2632,"Mário D'ávila",57377563,1,"Sistemas de Informação",SI,1,Manhã,Não
1,2025-01-01,"Cuscuz com queijo e suco",1,"Lanche da Manhã",1,"Campus Cedro",143660,2025-01-01,08:54:00,Sim,Não,Presente,8360D57B9598,NULL,NULL,2612,"Sra. Clarice Alma Arruda Filho",71826758,3,"Engenharia Mecânica",MEC,1,Manhã,Não
1,2025-01-01,"Cuscuz com queijo e suco",1,"Lanche da Manhã",1,"Campus Cedro",9117,2025-01-01,08:56:00,Não,Sim,Cancelada,57DBEAB6D687,NULL,NULL,163,"Thaís Furtado Sobrinho",47894165,2,"Engenharia de Elétrica",EE,1,Manhã,Não
1,2025-01-01,"Cuscuz com queijo e suco",1,"Lanche da Manhã",1,"Campus Cedro",93535,2025-01-01,08:57:00,Sim,Não,Presente,4829B04F2229,NULL,NULL,1704,"Ingrid Sales",38729970,4,"Licenciatura em Matemática",MAT,2,Tarde,Sim
1,2025-01-01,"Cuscuz com queijo e suco",1,"Lanche da Manhã",1,"Campus Cedro",15502,2025-01-01,08:58:00,Sim,Não,Presente,51FD52FFC91A,NULL,NULL,281,"Giovane Benício Neves",95878299,4,"Licenciatura em Matemática",MAT,2,Tarde,Não
1,2025-01-01,"Cuscuz com queijo e suco",1,"Lanche da Manhã",1,"Campus Cedro",43090,2025-01-01,08:58:00,Sim,Não,Presente,825C91A60AC6,NULL,NULL,781,"Miguel Santos Jr.",73297771,4,"Licenciatura em Matemática",MAT,1,Manhã,Não
1,2025-01-01,"Cuscuz com queijo e suco",1,"Lanche da Manhã",1,"Campus Cedro",141318,2025-01-01,08:59:00,Sim,Não,Presente,E48D0A6B95DC,NULL,NULL,2569,"Sr. Inácio Santiago Beltrão",57952587,1,"Sistemas de Informação",SI,2,Tarde,Não
1,2025-01-01,"Cuscuz com queijo e suco",1,"Lanche da Manhã",1,"Campus Cedro",153013,2025-01-01,08:59:00,Sim,Não,Presente,0E61696F04C2,NULL,NULL,2785,"Dr. Luis de Freitas Neto",48371472,3,"Engenharia Mecânica",MEC,2,Tarde,Não
2,2025-01-01,"Arroz, feijão, carne de panela, arroz colorido e salada",2,Almoço,1,"Campus Cedro",103834,2025-01-01,11:01:00,Sim,Não,Presente,323DC6E2E3FA,NULL,NULL,1894,"Sr. Ian Tomás Lovato Sobrinho",87368255,2,"Engenharia de Elétrica",EE,3,Noite,Não
2,2025-01-01,"Arroz, feijão, carne de panela, arroz colorido e salada",2,Almoço,1,"Campus Cedro",162379,2025-01-01,11:01:00,Não,Sim,Cancelada,E55A3C61FCB5,NULL,NULL,2964,"Ketlin Souza Santiago Sobrinho",63569775,1,"Sistemas de Informação",SI,1,Manhã,Sim
2,2025-01-01,"Arroz, feijão, carne de panela, arroz colorido e salada",2,Almoço,1,"Campus Cedro",7133,2025-01-01,11:02:00,Não,Não,Ausente,099DC92D7C15,"Ausência justificada pelo estudante",NULL,128,"Sr. Marcos Pablo Balestero Jr.",52049294,2,"Engenharia de Elétrica",EE,1,Manhã,Não
2,2025-01-01,"Arroz, feijão, carne de panela, arroz colorido e salada",2,Almoço,1,"Campus Cedro",42727,2025-01-01,11:03:00,Sim,Não,Presente,0E71F87CBDFB,NULL,NULL,774,"Yohanna Lutero Neto",48471362,6,"Tecnologo Mecatrônica Industrial",TMI,3,Noite,Não
2,2025-01-01,"Arroz, feijão, carne de panela, arroz colorido e salada",2,Almoço,1,"Campus Cedro",94055,2025-01-01,11:07:00,Sim,Não,Presente,4A23F8E971B5,NULL,NULL,1714,"Dr. Ohana Gabriela Ramires",59659052,6,"Tecnologo Mecatrônica Industrial",TMI,2,Tarde,Sim
2,2025-01-01,"Arroz, feijão, carne de panela, arroz colorido e salada",2,Almoço,1,"Campus Cedro",119563,2025-01-01,11:10:00,Sim,Não,Presente,BF4675EEF128,NULL,NULL,2178,"Dener Carrara Cordeiro",52328407,4,"Licenciatura em Matemática",MAT,3,Noite,Sim
2,2025-01-01,"Arroz, feijão, carne de panela, arroz colorido e salada",2,Almoço,1,"Campus Cedro",52837,2025-01-01,11:11:00,Sim,Não,Presente,158DD9CD8F0B,NULL,NULL,965,"Robson Padrão",46357836,5,"Licenciatura em Física",FIS,3,Noite,Não
2,2025-01-01,"Arroz, feijão, carne de panela, arroz colorido e salada",2,Almoço,1,"Campus Cedro",68548,2025-01-01,11:11:00,Sim,Não,Presente,6D09A9074818,NULL,NULL,1250,"Sra. Rafaela Ayla Soto Neto",74508362,2,"Engenharia de Elétrica",EE,2,Tarde,Sim
2,2025-01-01,"Arroz, feijão, carne de panela, arroz colorido e salada",2,Almoço,1,"Campus Cedro",79513,2025-01-01,11:11:00,Sim,Não,Presente,84DCC73156C5,NULL,NULL,1445,"Dr. Elis Delvalle",72012474,1,"Sistemas de Informação",SI,3,Noite,Sim
2,2025-01-01,"Arroz, feijão, carne de panela, arroz colorido e salada",2,Almoço,1,"Campus Cedro",140005,2025-01-01,11:13:00,Sim,Não,Presente,2882EC1CF32B,NULL,NULL,2547,"Dr. Tainara Verdara Sobrinho",12199017,4,"Licenciatura em Matemática",MAT,1,Manhã,Não
2,2025-01-01,"Arroz, feijão, carne de panela, arroz colorido e salada",2,Almoço,1,"Campus Cedro",88907,2025-01-01,11:14:00,Sim,Não,Presente,98AD8AFEA87C,NULL,NULL,1616,"Sr. Caio Molina Ferminiano",23525250,4,"Licenciatura em Matemática",MAT,1,Manhã,Não
2,2025-01-01,"Arroz, feijão, carne de panela, arroz colorido e salada",2,Almoço,1,"Campus Cedro",145654,2025-01-01,11:15:00,Sim,Não,Presente,2A88CA3EA91A,NULL,NULL,2649,"Sra. Sandra Alcantara Rivera",51219015,5,"Licenciatura em Física",FIS,1,Manhã,Não
2,2025-01-01,"Arroz, feijão, carne de panela, arroz colorido e salada",2,Almoço,1,"Campus Cedro",99496,2025-01-01,11:16:00,Sim,Não,Presente,9048F61B8AE5,NULL,NULL,1814,"Sr. Nicolas de Aguiar Filho",86534353,1,"Sistemas de Informação",SI,2,Tarde,Não
2,2025-01-01,"Arroz, feijão, carne de panela, arroz colorido e salada",2,Almoço,1,"Campus Cedro",62455,2025-01-01,11:18:00,Sim,Não,Presente,8E7DDE3FC21C,NULL,NULL,1142,"Sr. Maurício Sanches Leal Jr.",92912151,5,"Licenciatura em Física",FIS,3,Noite,Sim
2,2025-01-01,"Arroz, feijão, carne de panela, arroz colorido e salada",2,Almoço,1,"Campus Cedro",142350,2025-01-01,11:18:00,Sim,Não,Presente,A23F062CA1E7,NULL,NULL,2587,"Filipe Yuri Carmona",25555133,1,"Sistemas de Informação",SI,1,Manhã,Não
2,2025-01-01,"Arroz, feijão, carne de panela, arroz colorido e salada",2,Almoço,1,"Campus Cedro",126309,2025-01-01,11:19:00,Não,Sim,Cancelada,A443C5CC8BD4,NULL,NULL,2299,"Jácomo Rico Queirós Filho",01732117,2,"Engenharia de Elétrica",EE,1,Manhã,Não
2,2025-01-01,"Arroz, feijão, carne de panela, arroz colorido e salada",2,Almoço,1,"Campus Cedro",19107,2025-01-01,11:20:00,Sim,Não,Presente,307A0D4456B8,NULL,NULL,347,"Dr. Raysa Marinho Mendonça",41364165,4,"Licenciatura em Matemática",MAT,3,Noite,Não
2,2025-01-01,"Arroz, feijão, carne de panela, arroz colorido e salada",2,Almoço,1,"Campus Cedro",55446,2025-01-01,11:20:00,Sim,Não,Presente,E18F6AB4DB9C,NULL,NULL,1015,"Vicente Verdugo Filho",72846013,2,"Engenharia de Elétrica",EE,3,Noite,Sim
2,2025-01-01,"Arroz, feijão, carne de panela, arroz colorido e salada",2,Almoço,1,"Campus Cedro",35282,2025-01-01,11:21:00,Sim,Não,Presente,3E197DFDF9CC,NULL,NULL,635,"Dr. Patrícia de Aguiar",76128135,6,"Tecnologo Mecatrônica Industrial",TMI,1,Manhã,Não
2,2025-01-01,"Arroz, feijão, carne de panela, arroz colorido e salada",2,Almoço,1,"Campus Cedro",104999,2025-01-01,11:23:00,Sim,Não,Presente,BF1F65374447,NULL,NULL,1916,"Júlio Michael Corona Neto",67651969,4,"Licenciatura em Matemática",MAT,2,Tarde,Não
2,2025-01-01,"Arroz, feijão, carne de panela, arroz colorido e salada",2,Almoço,1,"Campus Cedro",134990,2025-01-01,11:23:00,Sim,Não,Presente,22482EE98CDC,NULL,NULL,2455,"Gustavo Madeira Neto",00180556,2,"Engenharia de Elétrica",EE,1,Manhã,Sim
2,2025-01-01,"Arroz, feijão, carne de panela, arroz colorido e salada",2,Almoço,1,"Campus Cedro",32229,2025-01-01,11:24:00,Sim,Não,Presente,1C86D60A0246,NULL,NULL,580,"Dr. Amanda Pereira Jr.",44956781,6,"Tecnologo Mecatrônica Industrial",TMI,1,Manhã,Não
2,2025-01-01,"Arroz, feijão, carne de panela, arroz colorido e salada",2,Almoço,1,"Campus Cedro",147573,2025-01-01,11:24:00,Sim,Não,Presente,D6485D23D0CB,NULL,NULL,2684,"Sérgio Pontes",36942834,5,"Licenciatura em Física",FIS,3,Noite,Não
2,2025-01-01,"Arroz, feijão, carne de panela, arroz colorido e salada",2,Almoço,1,"Campus Cedro",83704,2025-01-01,11:26:00,Sim,Não,Presente,4A8F01B061BA,NULL,NULL,1521,"Dr. Paulina Agatha Pedrosa",49203010,5,"Licenciatura em Física",FIS,2,Tarde,Não
2,2025-01-01,"Arroz, feijão, carne de panela, arroz colorido e salada",2,Almoço,1,"Campus Cedro",38055,2025-01-01,11:27:00,Sim,Não,Presente,B9E981E5BF29,NULL,NULL,688,"Sr. Teobaldo D'ávila",42417232,5,"Licenciatura em Física",FIS,1,Manhã,Não
2,2025-01-01,"Arroz, feijão, carne de panela, arroz colorido e salada",2,Almoço,1,"Campus Cedro",113421,2025-01-01,11:30:00,Sim,Não,Presente,3B48465CF80C,NULL,NULL,2070,"Srta. Dirce Graziela Serna Sobrinho",38478866,5,"Licenciatura em Física",FIS,2,Tarde,Sim
2,2025-01-01,"Arroz, feijão, carne de panela, arroz colorido e salada",2,Almoço,1,"Campus Cedro",51553,2025-01-01,11:31:00,Sim,Não,Presente,3B3CC6520467,NULL,NULL,940,"Joaquin Burgos",45398465,1,"Sistemas de Informação",SI,3,Noite,Sim
2,2025-01-01,"Arroz, feijão, carne de panela, arroz colorido e salada",2,Almoço,1,"Campus Cedro",78118,2025-01-01,11:33:00,Sim,Não,Presente,17A0ED070BF5,NULL,NULL,1422,"Sra. Patrícia Vanessa Carmona",38515886,1,"Sistemas de Informação",SI,3,Noite,Não
2,2025-01-01,"Arroz, feijão, carne de panela, arroz colorido e salada",2,Almoço,1,"Campus Cedro",7312,2025-01-01,11:38:00,Sim,Não,Presente,1333485F7816,NULL,NULL,131,"Andréia Carmona da Rosa Filho",88401895,6,"Tecnologo Mecatrônica Industrial",TMI,2,Tarde,Não
2,2025-01-01,"Arroz, feijão, carne de panela, arroz colorido e salada",2,Almoço,1,"Campus Cedro",89992,2025-01-01,11:38:00,Sim,Não,Presente,9CED59C6B1B1,NULL,NULL,1636,"Karine Feliciano Mascarenhas Filho",04028955,2,"Engenharia de Elétrica",EE,2,Tarde,Não
2,2025-01-01,"Arroz, feijão, carne de panela, arroz colorido e salada",2,Almoço,1,"Campus Cedro",67424,2025-01-01,11:43:00,Sim,Não,Presente,DADE181D45CB,NULL,NULL,1230,"Mário Queirós Reis Jr.",59030625,3,"Engenharia Mecânica",MEC,1,Manhã,Não
2,2025-01-01,"Arroz, feijão, carne de panela, arroz colorido e salada",2,Almoço,1,"Campus Cedro",122207,2025-01-01,11:44:00,Sim,Não,Presente,2CF16C2CC51F,NULL,NULL,2225,"Maximiano Théo Ramos",77543890,2,"Engenharia de Elétrica",EE,3,Noite,Não
2,2025-01-01,"Arroz, feijão, carne de panela, arroz colorido e salada",2,Almoço,1,"Campus Cedro",125910,2025-01-01,11:46:00,Sim,Não,Presente,3E5D8696B020,NULL,NULL,2292,"Dr. Gian Sandro Paz Filho",22093159,1,"Sistemas de Informação",SI,2,Tarde,Sim
2,2025-01-01,"Arroz, feijão, carne de panela, arroz colorido e salada",2,Almoço,1,"Campus Cedro",80844,2025-01-01,11:48:00,Sim,Não,Presente,6698E11940D1,NULL,NULL,1470,"Sr. Emílio Artur de Freitas",77989687,1,"Sistemas de Informação",SI,3,Noite,Não
2,2025-01-01,"Arroz, feijão, carne de panela, arroz colorido e salada",2,Almoço,1,"Campus Cedro",131768,2025-01-01,11:48:00,Sim,Não,Presente,C7896C6AE261,NULL,NULL,2397,"Silvana Ferraz Neto",28319080,2,"Engenharia de Elétrica",EE,2,Tarde,Sim
2,2025-01-01,"Arroz, feijão, carne de panela, arroz colorido e salada",2,Almoço,1,"Campus Cedro",139811,2025-01-01,11:48:00,Sim,Não,Presente,676F09D9E3D8,NULL,NULL,2544,"Sra. Lorena Marinho Pereira",53953245,3,"Engenharia Mecânica",MEC,1,Manhã,Não
2,2025-01-01,"Arroz, feijão, carne de panela, arroz colorido e salada",2,Almoço,1,"Campus Cedro",117361,2025-01-01,11:49:00,Não,Não,Ausente,2B9DD98C3E61,"Compromisso acadêmico",NULL,2139,"Ian Tomás Ramos",47471417,2,"Engenharia de Elétrica",EE,3,Noite,Não
2,2025-01-01,"Arroz, feijão, carne de panela, arroz colorido e salada",2,Almoço,1,"Campus Cedro",106282,2025-01-01,11:51:00,Sim,Não,Presente,B0DE7BEC5667,NULL,NULL,1940,"Adriana Marisa D'ávila Neto",47285458,3,"Engenharia Mecânica",MEC,1,Manhã,Sim
2,2025-01-01,"Arroz, feijão, carne de panela, arroz colorido e salada",2,Almoço,1,"Campus Cedro",147502,2025-01-01,11:51:00,Sim,Não,Presente,060DA22307EE,NULL,NULL,2683,"Sra. Ayla Perez Correia",25114149,4,"Licenciatura em Matemática",MAT,2,Tarde,Não
2,2025-01-01,"Arroz, feijão, carne de panela, arroz colorido e salada",2,Almoço,1,"Campus Cedro",11485,2025-01-01,11:52:00,Sim,Não,Presente,BBFF6744EFAE,NULL,NULL,206,"Srta. Suzana Deverso Neto",60086560,5,"Licenciatura em Física",FIS,1,Manhã,Não
2,2025-01-01,"Arroz, feijão, carne de panela, arroz colorido e salada",2,Almoço,1,"Campus Cedro",6725,2025-01-01,11:54:00,Sim,Não,Presente,FE24180E8DB8,NULL,NULL,120,"Srta. Carol Catarina Ferraz Neto",31247382,4,"Licenciatura em Matemática",MAT,2,Tarde,Não
2,2025-01-01,"Arroz, feijão, carne de panela, arroz colorido e salada",2,Almoço,1,"Campus Cedro",19634,2025-01-01,11:54:00,Sim,Não,Presente,FFF093D41102,NULL,NULL,357,"Yuri Aaron Padrão Filho",98696711,3,"Engenharia Mecânica",MEC,3,Noite,Não
2,2025-01-01,"Arroz, feijão, carne de panela, arroz colorido e salada",2,Almoço,1,"Campus Cedro",29720,2025-01-01,11:54:00,Sim,Não,Presente,ED8B04BBDDA1,NULL,NULL,536,"Catarina Feliciano Jr.",23369291,1,"Sistemas de Informação",SI,1,Manhã,Não
2,2025-01-01,"Arroz, feijão, carne de panela, arroz colorido e salada",2,Almoço,1,"Campus Cedro",123519,2025-01-01,11:58:00,Sim,Não,Presente,4C02EDAC566D,NULL,NULL,2249,"Agustina Uchoa Marés Sobrinho",17382995,1,"Sistemas de Informação",SI,1,Manhã,Não
2,2025-01-01,"Arroz, feijão, carne de panela, arroz colorido e salada",2,Almoço,1,"Campus Cedro",109819,2025-01-01,12:00:00,Sim,Não,Presente,A548A049169D,NULL,NULL,2005,"Jaqueline Duarte Romero",77948859,6,"Tecnologo Mecatrônica Industrial",TMI,1,Manhã,Não
2,2025-01-01,"Arroz, feijão, carne de panela, arroz colorido e salada",2,Almoço,1,"Campus Cedro",113124,2025-01-01,12:01:00,Sim,Não,Presente,5A235615D773,NULL,NULL,2065,"Cláudio Victor Delvalle Filho",53723640,4,"Licenciatura em Matemática",MAT,2,Tarde,Não
2,2025-01-01,"Arroz, feijão, carne de panela, arroz colorido e salada",2,Almoço,1,"Campus Cedro",112859,2025-01-01,12:02:00,Sim,Não,Presente,D235989A9818,NULL,NULL,2060,"Aurora Leon",97487382,4,"Licenciatura em Matemática",MAT,3,Noite,Não
2,2025-01-01,"Arroz, feijão, carne de panela, arroz colorido e salada",2,Almoço,1,"Campus Cedro",120756,2025-01-01,12:02:00,Sim,Não,Presente,4EEC971A7B71,NULL,NULL,2199,"Sr. Gilberto Balestero",25191211,2,"Engenharia de Elétrica",EE,3,Noite,Não
2,2025-01-01,"Arroz, feijão, carne de panela, arroz colorido e salada",2,Almoço,1,"Campus Cedro",79017,2025-01-01,12:03:00,Sim,Não,Presente,1AF2ACDF6A2F,NULL,NULL,1437,"Horácio Saito Neto",58196153,5,"Licenciatura em Física",FIS,1,Manhã,Não
2,2025-01-01,"Arroz, feijão, carne de panela, arroz colorido e salada",2,Almoço,1,"Campus Cedro",52072,2025-01-01,12:04:00,Sim,Não,Presente,94350498DB50,NULL,NULL,950,"Diego das Dores Santos Neto",75776735,3,"Engenharia Mecânica",MEC,3,Noite,Não
2,2025-01-01,"Arroz, feijão, carne de panela, arroz colorido e salada",2,Almoço,1,"Campus Cedro",144246,2025-01-01,12:06:00,Sim,Não,Presente,81948B9DA3C9,NULL,NULL,2623,"Dr. Daniel Samuel Torres Jr.",14680085,3,"Engenharia Mecânica",MEC,3,Noite,Não
2,2025-01-01,"Arroz, feijão, carne de panela, arroz colorido e salada",2,Almoço,1,"Campus Cedro",93383,2025-01-01,12:07:00,Sim,Não,Presente,286C11208F50,NULL,NULL,1701,"Tainara Rangel",67166717,4,"Licenciatura em Matemática",MAT,3,Noite,Não
2,2025-01-01,"Arroz, feijão, carne de panela, arroz colorido e salada",2,Almoço,1,"Campus Cedro",79720,2025-01-01,12:08:00,Sim,Não,Presente,85EE3EBB509E,NULL,NULL,1449,"Dr. Léia Saraiva",48511386,3,"Engenharia Mecânica",MEC,3,Noite,Não
2,2025-01-01,"Arroz, feijão, carne de panela, arroz colorido e salada",2,Almoço,1,"Campus Cedro",163936,2025-01-01,12:10:00,Sim,Não,Presente,E8A13FC90A78,NULL,NULL,2992,"Dr. Francisco Matias Maldonado",39077253,5,"Licenciatura em Física",FIS,3,Noite,Sim
2,2025-01-01,"Arroz, feijão, carne de panela, arroz colorido e salada",2,Almoço,1,"Campus Cedro",131056,2025-01-01,12:11:00,Sim,Não,Presente,536F06CA25A8,NULL,NULL,2385,"Dr. Artur Corona Zambrano Sobrinho",37768499,3,"Engenharia Mecânica",MEC,1,Manhã,Não
2,2025-01-01,"Arroz, feijão, carne de panela, arroz colorido e salada",2,Almoço,1,"Campus Cedro",100692,2025-01-01,12:17:00,Sim,Não,Presente,33C28993D569,NULL,NULL,1834,"Nádia da Cruz",07714940,6,"Tecnologo Mecatrônica Industrial",TMI,1,Manhã,Não
2,2025-01-01,"Arroz, feijão, carne de panela, arroz colorido e salada",2,Almoço,1,"Campus Cedro",132530,2025-01-01,12:17:00,Sim,Não,Presente,6B1CC4DE80D1,NULL,NULL,2410,"Otávio Afonso Gonçalves Filho",99176215,2,"Engenharia de Elétrica",EE,3,Noite,Não
2,2025-01-01,"Arroz, feijão, carne de panela, arroz colorido e salada",2,Almoço,1,"Campus Cedro",156700,2025-01-01,12:20:00,Não,Sim,Cancelada,0802986849FC,NULL,NULL,2853,"Dr. Mila Quintana Verdugo",01779835,1,"Sistemas de Informação",SI,3,Noite,Sim
2,2025-01-01,"Arroz, feijão, carne de panela, arroz colorido e salada",2,Almoço,1,"Campus Cedro",54363,2025-01-01,12:21:00,Sim,Não,Presente,27D53AF6F81B,NULL,NULL,995,"Srta. Thalissa Priscila Sepúlveda",16374288,5,"Licenciatura em Física",FIS,1,Manhã,Não
2,2025-01-01,"Arroz, feijão, carne de panela, arroz colorido e salada",2,Almoço,1,"Campus Cedro",60319,2025-01-01,12:22:00,Sim,Não,Presente,931CFCA9BC27,NULL,NULL,1103,"Sr. Juan Elias Verdugo Neto",93008439,6,"Tecnologo Mecatrônica Industrial",TMI,1,Manhã,Não
2,2025-01-01,"Arroz, feijão, carne de panela, arroz colorido e salada",2,Almoço,1,"Campus Cedro",128135,2025-01-01,12:25:00,Sim,Não,Presente,ECDFD2BE236C,NULL,NULL,2331,"André Nero Esteves Sobrinho",15404326,2,"Engenharia de Elétrica",EE,3,Noite,Não
2,2025-01-01,"Arroz, feijão, carne de panela, arroz colorido e salada",2,Almoço,1,"Campus Cedro",34771,2025-01-01,12:27:00,Sim,Não,Presente,B05339C6A9AC,NULL,NULL,626,"Dr. Joaquin Neves Madeira",28253266,4,"Licenciatura em Matemática",MAT,3,Noite,Não
2,2025-01-01,"Arroz, feijão, carne de panela, arroz colorido e salada",2,Almoço,1,"Campus Cedro",89608,2025-01-01,12:27:00,Sim,Não,Presente,1B984E98936F,NULL,NULL,1630,"Dr. Samuel Ferreira Jr.",37422454,4,"Licenciatura em Matemática",MAT,3,Noite,Não
2,2025-01-01,"Arroz, feijão, carne de panela, arroz colorido e salada",2,Almoço,1,"Campus Cedro",112312,2025-01-01,12:27:00,Sim,Não,Presente,27ADF03EDBA8,NULL,NULL,2050,"Sr. Emílio Luiz Verdugo",76254035,5,"Licenciatura em Física",FIS,1,Manhã,Não
2,2025-01-01,"Arroz, feijão, carne de panela, arroz colorido e salada",2,Almoço,1,"Campus Cedro",72184,2025-01-01,12:29:00,Sim,Não,Presente,CAFB0FE42D29,NULL,NULL,1314,"Dr. Manuela Luana Dominato Jr.",05840608,2,"Engenharia de Elétrica",EE,1,Manhã,Não
2,2025-01-01,"Arroz, feijão, carne de panela, arroz colorido e salada",2,Almoço,1,"Campus Cedro",131700,2025-01-01,12:29:00,Sim,Não,Presente,09E5FF8738DC,NULL,NULL,2396,"Ruth Molina Rivera",25489309,1,"Sistemas de Informação",SI,1,Manhã,Não
2,2025-01-01,"Arroz, feijão, carne de panela, arroz colorido e salada",2,Almoço,1,"Campus Cedro",53442,2025-01-01,12:30:00,Sim,Não,Presente,0BB44CC7393A,NULL,NULL,978,"Sra. Pâmela Carvalho Ferminiano Sobrinho",19819996,5,"Licenciatura em Física",FIS,2,Tarde,Não
2,2025-01-01,"Arroz, feijão, carne de panela, arroz colorido e salada",2,Almoço,1,"Campus Cedro",4820,2025-01-01,12:32:00,Não,Não,Ausente,19CCCBA5D472,"Atividade acadêmica",NULL,87,"Elisa Faria Flores Jr.",93668359,2,"Engenharia de Elétrica",EE,3,Noite,Não
2,2025-01-01,"Arroz, feijão, carne de panela, arroz colorido e salada",2,Almoço,1,"Campus Cedro",59478,2025-01-01,12:32:00,Sim,Não,Presente,5FB5038F29BA,NULL,NULL,1088,"Srta. Laiane Rangel Neto",28632293,6,"Tecnologo Mecatrônica Industrial",TMI,3,Noite,Não
2,2025-01-01,"Arroz, feijão, carne de panela, arroz colorido e salada",2,Almoço,1,"Campus Cedro",157980,2025-01-01,12:32:00,Sim,Não,Presente,85849F4BF020,NULL,NULL,2877,"Sra. Alícia Cíntia Matos",03501617,4,"Licenciatura em Matemática",MAT,1,Manhã,Não
2,2025-01-01,"Arroz, feijão, carne de panela, arroz colorido e salada",2,Almoço,1,"Campus Cedro",74150,2025-01-01,12:34:00,Não,Não,Ausente,041578DBF25F,"Atividade acadêmica",NULL,1350,"Carla Daniele Gil Sobrinho",70648507,2,"Engenharia de Elétrica",EE,3,Noite,Não
2,2025-01-01,"Arroz, feijão, carne de panela, arroz colorido e salada",2,Almoço,1,"Campus Cedro",39821,2025-01-01,12:35:00,Sim,Não,Presente,A6C9017FFDA8,NULL,NULL,722,"Raissa Saito Zaragoça Jr.",99380894,5,"Licenciatura em Física",FIS,3,Noite,Não
2,2025-01-01,"Arroz, feijão, carne de panela, arroz colorido e salada",2,Almoço,1,"Campus Cedro",46831,2025-01-01,12:35:00,Não,Sim,Cancelada,A25641DB8B8E,NULL,NULL,852,"Sr. Christian Martines Casanova",48112675,3,"Engenharia Mecânica",MEC,1,Manhã,Não
2,2025-01-01,"Arroz, feijão, carne de panela, arroz colorido e salada",2,Almoço,1,"Campus Cedro",112391,2025-01-01,12:36:00,Sim,Não,Presente,135ABEE84120,NULL,NULL,2052,"Evandro Padrão Filho",54358732,4,"Licenciatura em Matemática",MAT,2,Tarde,Não
2,2025-01-01,"Arroz, feijão, carne de panela, arroz colorido e salada",2,Almoço,1,"Campus Cedro",119218,2025-01-01,12:36:00,Sim,Não,Presente,3FF1697ECFA3,NULL,NULL,2172,"Sr. Reinaldo Verdugo Gomes Neto",40101105,4,"Licenciatura em Matemática",MAT,1,Manhã,Sim
2,2025-01-01,"Arroz, feijão, carne de panela, arroz colorido e salada",2,Almoço,1,"Campus Cedro",23779,2025-01-01,12:37:00,Sim,Não,Presente,EBE9FEDCC2C4,NULL,NULL,432,"Raquel Valente Souza",01696642,5,"Licenciatura em Física",FIS,2,Tarde,Não
2,2025-01-01,"Arroz, feijão, carne de panela, arroz colorido e salada",2,Almoço,1,"Campus Cedro",47253,2025-01-01,12:37:00,Sim,Não,Presente,A5D51B7AC599,NULL,NULL,860,"Tiago James Campos Filho",74500732,2,"Engenharia de Elétrica",EE,3,Noite,Não
2,2025-01-01,"Arroz, feijão, carne de panela, arroz colorido e salada",2,Almoço,1,"Campus Cedro",116429,2025-01-01,12:37:00,Sim,Não,Presente,BFD42E6BAE9E,NULL,NULL,2124,"Sr. Emerson Ramos Furtado Sobrinho",78088295,5,"Licenciatura em Física",FIS,2,Tarde,Não
2,2025-01-01,"Arroz, feijão, carne de panela, arroz colorido e salada",2,Almoço,1,"Campus Cedro",132300,2025-01-01,12:37:00,Sim,Não,Presente,3C1C3115573F,NULL,NULL,2406,"Sr. Ricardo José Faro",67510338,5,"Licenciatura em Física",FIS,3,Noite,Não
2,2025-01-01,"Arroz, feijão, carne de panela, arroz colorido e salada",2,Almoço,1,"Campus Cedro",134868,2025-01-01,12:37:00,Sim,Não,Presente,F0B54A0DE95A,NULL,NULL,2453,"Cauan Feliciano",22425653,5,"Licenciatura em Física",FIS,1,Manhã,Não
2,2025-01-01,"Arroz, feijão, carne de panela, arroz colorido e salada",2,Almoço,1,"Campus Cedro",157225,2025-01-01,12:37:00,Sim,Não,Presente,0301BD758DD4,NULL,NULL,2863,"Pâmela Ramires",48124852,2,"Engenharia de Elétrica",EE,2,Tarde,Não
2,2025-01-01,"Arroz, feijão, carne de panela, arroz colorido e salada",2,Almoço,1,"Campus Cedro",129390,2025-01-01,12:42:00,Sim,Não,Presente,1EDEBFD35902,NULL,NULL,2355,"Srta. Antonieta Roque",19217697,4,"Licenciatura em Matemática",MAT,2,Tarde,Não
2,2025-01-01,"Arroz, feijão, carne de panela, arroz colorido e salada",2,Almoço,1,"Campus Cedro",92518,2025-01-01,12:43:00,Sim,Não,Presente,7A19417165D3,NULL,NULL,1684,"Dr. Joaquin Flávio Mendonça",85942987,5,"Licenciatura em Física",FIS,2,Tarde,Não
2,2025-01-01,"Arroz, feijão, carne de panela, arroz colorido e salada",2,Almoço,1,"Campus Cedro",53306,2025-01-01,12:45:00,Sim,Não,Presente,6B09BB79B07A,NULL,NULL,975,"Sra. Tatiana Dirce Delvalle",60530729,4,"Licenciatura em Matemática",MAT,2,Tarde,Não
2,2025-01-01,"Arroz, feijão, carne de panela, arroz colorido e salada",2,Almoço,1,"Campus Cedro",113874,2025-01-01,12:46:00,Sim,Não,Presente,E54E69B39618,NULL,NULL,2078,"Dr. Ícaro da Rosa",80392863,4,"Licenciatura em Matemática",MAT,2,Tarde,Sim
2,2025-01-01,"Arroz, feijão, carne de panela, arroz colorido e salada",2,Almoço,1,"Campus Cedro",114013,2025-01-01,12:46:00,Sim,Não,Presente,6CE443FF4D20,NULL,NULL,2080,"Daiane Medina",84247960,1,"Sistemas de Informação",SI,3,Noite,Não
2,2025-01-01,"Arroz, feijão, carne de panela, arroz colorido e salada",2,Almoço,1,"Campus Cedro",91887,2025-01-01,12:48:00,Sim,Não,Presente,93D0DCBEEF67,NULL,NULL,1672,"Lia Serna Padilha Jr.",76564839,4,"Licenciatura em Matemática",MAT,2,Tarde,Não
2,2025-01-01,"Arroz, feijão, carne de panela, arroz colorido e salada",2,Almoço,1,"Campus Cedro",19752,2025-01-01,12:49:00,Sim,Não,Presente,9BDB951A901C,NULL,NULL,359,"Sr. Renan Deverso Neto",68044306,4,"Licenciatura em Matemática",MAT,2,Tarde,Não
2,2025-01-01,"Arroz, feijão, carne de panela, arroz colorido e salada",2,Almoço,1,"Campus Cedro",36754,2025-01-01,12:49:00,Sim,Não,Presente,87E15F8DBBB8,NULL,NULL,663,"Sr. Fabrício Valente Uchoa Neto",08763795,5,"Licenciatura em Física",FIS,1,Manhã,Não
2,2025-01-01,"Arroz, feijão, carne de panela, arroz colorido e salada",2,Almoço,1,"Campus Cedro",101583,2025-01-01,12:50:00,Sim,Não,Presente,22D70E071A16,NULL,NULL,1851,"Dr. Estêvão Ferreira Valência",78176651,1,"Sistemas de Informação",SI,3,Noite,Não
2,2025-01-01,"Arroz, feijão, carne de panela, arroz colorido e salada",2,Almoço,1,"Campus Cedro",37715,2025-01-01,12:51:00,Sim,Não,Presente,1321A52ACC18,NULL,NULL,681,"Alessandro Campos Azevedo",91108124,6,"Tecnologo Mecatrônica Industrial",TMI,3,Noite,Não
2,2025-01-01,"Arroz, feijão, carne de panela, arroz colorido e salada",2,Almoço,1,"Campus Cedro",96624,2025-01-01,12:51:00,Sim,Não,Presente,A84286CF42EF,NULL,NULL,1761,"Dr. Samuel Santana Velasques",22899724,3,"Engenharia Mecânica",MEC,1,Manhã,Não
2,2025-01-01,"Arroz, feijão, carne de panela, arroz colorido e salada",2,Almoço,1,"Campus Cedro",72727,2025-01-01,12:53:00,Sim,Não,Presente,96B379C08C7C,NULL,NULL,1324,"Dr. Maurício Demian Faro Filho",22164849,3,"Engenharia Mecânica",MEC,2,Tarde,Não
2,2025-01-01,"Arroz, feijão, carne de panela, arroz colorido e salada",2,Almoço,1,"Campus Cedro",157368,2025-01-01,12:53:00,Sim,Não,Presente,88C76E3DF2EA,NULL,NULL,2866,"Renata Rangel das Dores",54933853,1,"Sistemas de Informação",SI,1,Manhã,Não
2,2025-01-01,"Arroz, feijão, carne de panela, arroz colorido e salada",2,Almoço,1,"Campus Cedro",68436,2025-01-01,12:54:00,Sim,Não,Presente,FFB0516B6449,NULL,NULL,1248,"Sr. Andres César Medina",45185597,6,"Tecnologo Mecatrônica Industrial",TMI,1,Manhã,Não
2,2025-01-01,"Arroz, feijão, carne de panela, arroz colorido e salada",2,Almoço,1,"Campus Cedro",40270,2025-01-01,12:55:00,Sim,Não,Presente,2844A11ED3F3,NULL,NULL,729,"Erik Souza Santos Filho",81305968,3,"Engenharia Mecânica",MEC,3,Noite,Não
2,2025-01-01,"Arroz, feijão, carne de panela, arroz colorido e salada",2,Almoço,1,"Campus Cedro",58802,2025-01-01,12:55:00,Sim,Não,Presente,8F079248B3C1,NULL,NULL,1076,"Jéssica Mel Reis",79285127,3,"Engenharia Mecânica",MEC,2,Tarde,Não
2,2025-01-01,"Arroz, feijão, carne de panela, arroz colorido e salada",2,Almoço,1,"Campus Cedro",4512,2025-01-01,12:57:00,Sim,Não,Presente,924AB8053001,NULL,NULL,81,"Dr. Mariana Paulina Ramos",67656842,6,"Tecnologo Mecatrônica Industrial",TMI,2,Tarde,Sim
2,2025-01-01,"Arroz, feijão, carne de panela, arroz colorido e salada",2,Almoço,1,"Campus Cedro",58948,2025-01-01,12:57:00,Sim,Não,Presente,DF87E67167D7,NULL,NULL,1079,"Dr. Nathalia da Rosa Neto",51200602,2,"Engenharia de Elétrica",EE,2,Tarde,Não
2,2025-01-01,"Arroz, feijão, carne de panela, arroz colorido e salada",2,Almoço,1,"Campus Cedro",143661,2025-01-01,12:57:00,Não,Não,Ausente,4585063114A8,"Problema de saúde",NULL,2612,"Sra. Clarice Alma Arruda Filho",71826758,3,"Engenharia Mecânica",MEC,1,Manhã,Não
2,2025-01-01,"Arroz, feijão, carne de panela, arroz colorido e salada",2,Almoço,1,"Campus Cedro",163783,2025-01-01,12:57:00,Sim,Não,Presente,6092A39B6D91,NULL,NULL,2989,"Sra. Michele Milena Carrara",74849401,5,"Licenciatura em Física",FIS,3,Noite,Não
2,2025-01-01,"Arroz, feijão, carne de panela, arroz colorido e salada",2,Almoço,1,"Campus Cedro",11417,2025-01-01,12:59:00,Sim,Não,Presente,FA9AE004ED38,NULL,NULL,205,"Léia Allison Valente",77722284,3,"Engenharia Mecânica",MEC,1,Manhã,Não
2,2025-01-01,"Arroz, feijão, carne de panela, arroz colorido e salada",2,Almoço,1,"Campus Cedro",24915,2025-01-01,12:59:00,Sim,Não,Presente,C109F0D5CBB4,NULL,NULL,452,"Ziraldo Robson da Rosa Neto",99416142,5,"Licenciatura em Física",FIS,3,Noite,Sim
2,2025-01-01,"Arroz, feijão, carne de panela, arroz colorido e salada",2,Almoço,1,"Campus Cedro",146485,2025-01-01,12:59:00,Sim,Não,Presente,AFA582D8840E,NULL,NULL,2665,"Sr. Murilo Padrão Benez",45550275,1,"Sistemas de Informação",SI,3,Noite,Sim
3,2025-01-01,"Cuscuz com queijo e suco",3,"Lanche da Tarde",1,"Campus Cedro",62960,2025-01-01,14:01:00,Sim,Não,Presente,C284ADCC8B56,NULL,NULL,1151,"Sr. Emiliano Joaquim Godói Jr.",26895270,4,"Licenciatura em Matemática",MAT,1,Manhã,Não
3,2025-01-01,"Cuscuz com queijo e suco",3,"Lanche da Tarde",1,"Campus Cedro",151733,2025-01-01,14:04:00,Sim,Não,Presente,E990E1313060,NULL,NULL,2762,"Sra. Gabrielle Betina Soto",79099159,4,"Licenciatura em Matemática",MAT,1,Manhã,Não
3,2025-01-01,"Cuscuz com queijo e suco",3,"Lanche da Tarde",1,"Campus Cedro",84127,2025-01-01,14:05:00,Não,Sim,Cancelada,CFFC93AC3BA9,NULL,NULL,1528,"Micaela Vitória Zambrano Neto",38710988,4,"Licenciatura em Matemática",MAT,3,Noite,Não
3,2025-01-01,"Cuscuz com queijo e suco",3,"Lanche da Tarde",1,"Campus Cedro",92954,2025-01-01,14:05:00,Sim,Não,Presente,535EB4FF2F14,NULL,NULL,1692,"Srta. Júlia Furtado Sobrinho",53154608,3,"Engenharia Mecânica",MEC,2,Tarde,Sim
3,2025-01-01,"Cuscuz com queijo e suco",3,"Lanche da Tarde",1,"Campus Cedro",82813,2025-01-01,14:13:00,Sim,Não,Presente,A3B17966BEB7,NULL,NULL,1506,"Márcia Esteves",89429116,5,"Licenciatura em Física",FIS,2,Tarde,Não
3,2025-01-01,"Cuscuz com queijo e suco",3,"Lanche da Tarde",1,"Campus Cedro",6574,2025-01-01,14:15:00,Sim,Não,Presente,654337FF08FD,NULL,NULL,118,"Alexandre Gomes",63524913,3,"Engenharia Mecânica",MEC,1,Manhã,Não
3,2025-01-01,"Cuscuz com queijo e suco",3,"Lanche da Tarde",1,"Campus Cedro",41365,2025-01-01,14:15:00,Sim,Não,Presente,E835DF5EA1A6,NULL,NULL,749,"Hosana Barros",03009108,1,"Sistemas de Informação",SI,1,Manhã,Não
3,2025-01-01,"Cuscuz com queijo e suco",3,"Lanche da Tarde",1,"Campus Cedro",48983,2025-01-01,14:18:00,Sim,Não,Presente,BABF75845FAC,NULL,NULL,893,"Viviane Pedrosa",49398636,6,"Tecnologo Mecatrônica Industrial",TMI,2,Tarde,Sim
3,2025-01-01,"Cuscuz com queijo e suco",3,"Lanche da Tarde",1,"Campus Cedro",76221,2025-01-01,14:19:00,Não,Não,Ausente,8F02FFEC67C5,"Problema de saúde",NULL,1387,"Sebastião da Rosa Neto",94953240,4,"Licenciatura em Matemática",MAT,3,Noite,Não
3,2025-01-01,"Cuscuz com queijo e suco",3,"Lanche da Tarde",1,"Campus Cedro",92705,2025-01-01,14:19:00,Não,Não,Ausente,7BA571E53465,"Ausência justificada pelo estudante",NULL,1687,"Mateus Ortega Padilha Jr.",48437059,3,"Engenharia Mecânica",MEC,1,Manhã,Não
3,2025-01-01,"Cuscuz com queijo e suco",3,"Lanche da Tarde",1,"Campus Cedro",152786,2025-01-01,14:20:00,Sim,Não,Presente,D44BF305206B,NULL,NULL,2781,"Sra. Nayara Maldonado Pereira Neto",21527660,2,"Engenharia de Elétrica",EE,1,Manhã,Sim
3,2025-01-01,"Cuscuz com queijo e suco",3,"Lanche da Tarde",1,"Campus Cedro",80591,2025-01-01,14:28:00,Sim,Não,Presente,3025115F4D63,NULL,NULL,1466,"Aparecida Padilha",82222602,1,"Sistemas de Informação",SI,2,Tarde,Não
3,2025-01-01,"Cuscuz com queijo e suco",3,"Lanche da Tarde",1,"Campus Cedro",163502,2025-01-01,14:28:00,Sim,Não,Presente,0020855C564A,NULL,NULL,2984,"Filipe Victor Saito",74915531,6,"Tecnologo Mecatrônica Industrial",TMI,3,Noite,Sim
3,2025-01-01,"Cuscuz com queijo e suco",3,"Lanche da Tarde",1,"Campus Cedro",110157,2025-01-01,14:32:00,Sim,Não,Presente,FBC364B21112,NULL,NULL,2011,"Catarina Barreto Ferminiano Neto",71918030,4,"Licenciatura em Matemática",MAT,1,Manhã,Não
3,2025-01-01,"Cuscuz com queijo e suco",3,"Lanche da Tarde",1,"Campus Cedro",15636,2025-01-01,14:33:00,Sim,Não,Presente,CA7B24A571DC,NULL,NULL,284,"Agustina Velasques",88156315,2,"Engenharia de Elétrica",EE,2,Tarde,Não
3,2025-01-01,"Cuscuz com queijo e suco",3,"Lanche da Tarde",1,"Campus Cedro",66573,2025-01-01,14:33:00,Não,Sim,Cancelada,2817C6DB6491,NULL,NULL,1215,"Sr. Alonso Fernandes Amaral",90491415,3,"Engenharia Mecânica",MEC,3,Noite,Não
3,2025-01-01,"Cuscuz com queijo e suco",3,"Lanche da Tarde",1,"Campus Cedro",86771,2025-01-01,14:33:00,Não,Sim,Cancelada,064EF49085DC,NULL,NULL,1577,"Dr. Tainara Maldonado Martines",40666964,6,"Tecnologo Mecatrônica Industrial",TMI,1,Manhã,Sim
3,2025-01-01,"Cuscuz com queijo e suco",3,"Lanche da Tarde",1,"Campus Cedro",103174,2025-01-01,14:33:00,Sim,Não,Presente,27C60BBBCA98,NULL,NULL,1883,"Sra. Pâmela Galindo",39325986,4,"Licenciatura em Matemática",MAT,3,Noite,Não
3,2025-01-01,"Cuscuz com queijo e suco",3,"Lanche da Tarde",1,"Campus Cedro",7747,2025-01-01,14:37:00,Sim,Não,Presente,086264A8B1D4,NULL,NULL,138,"Sr. Cléber Gomes",76782807,3,"Engenharia Mecânica",MEC,2,Tarde,Não
3,2025-01-01,"Cuscuz com queijo e suco",3,"Lanche da Tarde",1,"Campus Cedro",26751,2025-01-01,14:39:00,Sim,Não,Presente,39B7D350FAC0,NULL,NULL,485,"Raphael Faro Vila Jr.",72132238,1,"Sistemas de Informação",SI,2,Tarde,Não
3,2025-01-01,"Cuscuz com queijo e suco",3,"Lanche da Tarde",1,"Campus Cedro",38888,2025-01-01,14:39:00,Sim,Não,Presente,B9C63A62981C,NULL,NULL,705,"Lorena Tamoio Espinoza",19174783,1,"Sistemas de Informação",SI,1,Manhã,Não
3,2025-01-01,"Cuscuz com queijo e suco",3,"Lanche da Tarde",1,"Campus Cedro",110920,2025-01-01,14:39:00,Sim,Não,Presente,29983B95FD5E,NULL,NULL,2025,"Sr. André Lourenço",11597451,4,"Licenciatura em Matemática",MAT,2,Tarde,Não
3,2025-01-01,"Cuscuz com queijo e suco",3,"Lanche da Tarde",1,"Campus Cedro",123008,2025-01-01,14:39:00,Sim,Não,Presente,CD676410FF77,NULL,NULL,2238,"Sra. Amanda Lovato Lira",50070272,3,"Engenharia Mecânica",MEC,1,Manhã,Sim
3,2025-01-01,"Cuscuz com queijo e suco",3,"Lanche da Tarde",1,"Campus Cedro",145066,2025-01-01,14:39:00,Sim,Não,Presente,588E02D3F7B3,NULL,NULL,2638,"Demian Salas Madeira",25973110,1,"Sistemas de Informação",SI,1,Manhã,Não
3,2025-01-01,"Cuscuz com queijo e suco",3,"Lanche da Tarde",1,"Campus Cedro",142994,2025-01-01,14:40:00,Sim,Não,Presente,74345400AEBD,NULL,NULL,2600,"Clara Isabel Madeira",32808217,1,"Sistemas de Informação",SI,1,Manhã,Não
3,2025-01-01,"Cuscuz com queijo e suco",3,"Lanche da Tarde",1,"Campus Cedro",46530,2025-01-01,14:42:00,Sim,Não,Presente,14F9010EE53F,NULL,NULL,846,"Máximo Serra",89849031,2,"Engenharia de Elétrica",EE,2,Tarde,Não
3,2025-01-01,"Cuscuz com queijo e suco",3,"Lanche da Tarde",1,"Campus Cedro",51142,2025-01-01,14:42:00,Sim,Não,Presente,ACC23B78F4E9,NULL,NULL,933,"Alan Tiago Ramires",71019678,3,"Engenharia Mecânica",MEC,3,Noite,Não
3,2025-01-01,"Cuscuz com queijo e suco",3,"Lanche da Tarde",1,"Campus Cedro",147503,2025-01-01,14:42:00,Não,Não,Ausente,68C046DBBCCA,"Atividade acadêmica",NULL,2683,"Sra. Ayla Perez Correia",25114149,4,"Licenciatura em Matemática",MAT,2,Tarde,Não
3,2025-01-01,"Cuscuz com queijo e suco",3,"Lanche da Tarde",1,"Campus Cedro",156838,2025-01-01,14:43:00,Sim,Não,Presente,70A97F4C7D6B,NULL,NULL,2856,"Dr. Sérgio Anderson Teles",93296515,2,"Engenharia de Elétrica",EE,3,Noite,Não
3,2025-01-01,"Cuscuz com queijo e suco",3,"Lanche da Tarde",1,"Campus Cedro",14033,2025-01-01,14:45:00,Sim,Não,Presente,11E1D7112D24,NULL,NULL,254,"Dr. Bárbara das Dores Sanches",38422652,2,"Engenharia de Elétrica",EE,2,Tarde,Não
3,2025-01-01,"Cuscuz com queijo e suco",3,"Lanche da Tarde",1,"Campus Cedro",33750,2025-01-01,14:45:00,Sim,Não,Presente,4468215C0E6F,NULL,NULL,607,"Dr. Cláudia Deverso Sobrinho",76653259,4,"Licenciatura em Matemática",MAT,3,Noite,Não
3,2025-01-01,"Cuscuz com queijo e suco",3,"Lanche da Tarde",1,"Campus Cedro",49709,2025-01-01,14:46:00,Sim,Não,Presente,93010024F0F4,NULL,NULL,908,"Dayana Azevedo D'ávila Neto",89332758,4,"Licenciatura em Matemática",MAT,3,Noite,Não
3,2025-01-01,"Cuscuz com queijo e suco",3,"Lanche da Tarde",1,"Campus Cedro",58226,2025-01-01,14:46:00,Não,Não,Ausente,E428D19B9328,"Problema de saúde",NULL,1065,"Fabrício Quintana Filho",45571470,4,"Licenciatura em Matemática",MAT,1,Manhã,Não
3,2025-01-01,"Cuscuz com queijo e suco",3,"Lanche da Tarde",1,"Campus Cedro",45791,2025-01-01,14:47:00,Não,Sim,Cancelada,1445AC275A4B,NULL,NULL,831,"Laís Montenegro Neto",40624118,6,"Tecnologo Mecatrônica Industrial",TMI,2,Tarde,Não
3,2025-01-01,"Cuscuz com queijo e suco",3,"Lanche da Tarde",1,"Campus Cedro",70030,2025-01-01,14:47:00,Sim,Não,Presente,22A784D76DAC,NULL,NULL,1275,"Emanuelly Campos Sobrinho",41487537,5,"Licenciatura em Física",FIS,3,Noite,Não
3,2025-01-01,"Cuscuz com queijo e suco",3,"Lanche da Tarde",1,"Campus Cedro",78801,2025-01-01,14:48:00,Sim,Não,Presente,6844FC515CEB,NULL,NULL,1434,"Sr. Afonso Aguiar Uchoa Sobrinho",81356300,1,"Sistemas de Informação",SI,3,Noite,Não
3,2025-01-01,"Cuscuz com queijo e suco",3,"Lanche da Tarde",1,"Campus Cedro",97626,2025-01-01,14:49:00,Não,Não,Ausente,3B7720B6B7BC,"Problema de transporte",NULL,1778,"Manuel Batista Rico",43519553,1,"Sistemas de Informação",SI,2,Tarde,Não
3,2025-01-01,"Cuscuz com queijo e suco",3,"Lanche da Tarde",1,"Campus Cedro",114446,2025-01-01,14:49:00,Não,Não,Ausente,5F1AD28DCBE3,"Problema de saúde",NULL,2088,"Dr. Alexandre Gustavo Ferminiano Sobrinho",24143734,3,"Engenharia Mecânica",MEC,1,Manhã,Não
3,2025-01-01,"Cuscuz com queijo e suco",3,"Lanche da Tarde",1,"Campus Cedro",16710,2025-01-01,14:51:00,Sim,Não,Presente,97FCCFF94257,NULL,NULL,303,"Sr. Valentin Lourenço Salazar Neto",03286932,1,"Sistemas de Informação",SI,3,Noite,Não
3,2025-01-01,"Cuscuz com queijo e suco",3,"Lanche da Tarde",1,"Campus Cedro",37106,2025-01-01,14:52:00,Sim,Não,Presente,CB1B5A7E724C,NULL,NULL,670,"Breno Azevedo Padilha Neto",16566303,3,"Engenharia Mecânica",MEC,2,Tarde,Não
3,2025-01-01,"Cuscuz com queijo e suco",3,"Lanche da Tarde",1,"Campus Cedro",22671,2025-01-01,14:57:00,Sim,Não,Presente,C78E2C4F6949,NULL,NULL,413,"Dr. Natal Alcantara",18248335,4,"Licenciatura em Matemática",MAT,2,Tarde,Não
3,2025-01-01,"Cuscuz com queijo e suco",3,"Lanche da Tarde",1,"Campus Cedro",101953,2025-01-01,14:57:00,Sim,Não,Presente,66A0ADF120F5,NULL,NULL,1858,"Alice Viviane Queirós",93312852,2,"Engenharia de Elétrica",EE,2,Tarde,Não
3,2025-01-01,"Cuscuz com queijo e suco",3,"Lanche da Tarde",1,"Campus Cedro",145502,2025-01-01,15:00:00,Sim,Não,Presente,DFD374C00924,NULL,NULL,2646,"Dr. Daniele Jaqueline Ortiz Neto",43470906,1,"Sistemas de Informação",SI,3,Noite,Não
3,2025-01-01,"Cuscuz com queijo e suco",3,"Lanche da Tarde",1,"Campus Cedro",81489,2025-01-01,15:01:00,Sim,Não,Presente,2FF5E5CAB833,NULL,NULL,1483,"Dr. Christian Tamoio Uchoa",45724246,4,"Licenciatura em Matemática",MAT,1,Manhã,Não
3,2025-01-01,"Cuscuz com queijo e suco",3,"Lanche da Tarde",1,"Campus Cedro",159674,2025-01-01,15:01:00,Não,Não,Ausente,F8E88FE68747,"Problema de saúde",NULL,2910,"Márcio Reis Filho",56101616,3,"Engenharia Mecânica",MEC,1,Manhã,Não
3,2025-01-01,"Cuscuz com queijo e suco",3,"Lanche da Tarde",1,"Campus Cedro",161790,2025-01-01,15:02:00,Sim,Não,Presente,C4D2C469519A,NULL,NULL,2954,"Srta. Mel Juliana Mendonça",45235066,6,"Tecnologo Mecatrônica Industrial",TMI,2,Tarde,Não
3,2025-01-01,"Cuscuz com queijo e suco",3,"Lanche da Tarde",1,"Campus Cedro",88421,2025-01-01,15:05:00,Sim,Não,Presente,69F1A4817E5E,NULL,NULL,1608,"Ivana Verdugo Cortês Sobrinho",68183406,5,"Licenciatura em Física",FIS,2,Tarde,Não
3,2025-01-01,"Cuscuz com queijo e suco",3,"Lanche da Tarde",1,"Campus Cedro",104525,2025-01-01,15:05:00,Sim,Não,Presente,EEFE1C4E5257,NULL,NULL,1905,"Sra. Taís Faro",32565460,1,"Sistemas de Informação",SI,2,Tarde,Sim
3,2025-01-01,"Cuscuz com queijo e suco",3,"Lanche da Tarde",1,"Campus Cedro",90954,2025-01-01,15:06:00,Sim,Não,Presente,82196C3A28E7,NULL,NULL,1652,"Sr. Emerson Ferreira",22020471,1,"Sistemas de Informação",SI,2,Tarde,Não
3,2025-01-01,"Cuscuz com queijo e suco",3,"Lanche da Tarde",1,"Campus Cedro",146486,2025-01-01,15:08:00,Sim,Não,Presente,CB75E6CF976C,NULL,NULL,2665,"Sr. Murilo Padrão Benez",45550275,1,"Sistemas de Informação",SI,3,Noite,Sim
3,2025-01-01,"Cuscuz com queijo e suco",3,"Lanche da Tarde",1,"Campus Cedro",95247,2025-01-01,15:11:00,Sim,Não,Presente,D45C6F731A35,NULL,NULL,1736,"Robson Abreu Rezende Jr.",89830105,3,"Engenharia Mecânica",MEC,1,Manhã,Sim
3,2025-01-01,"Cuscuz com queijo e suco",3,"Lanche da Tarde",1,"Campus Cedro",145957,2025-01-01,15:11:00,Sim,Não,Presente,396CE8B84C88,NULL,NULL,2655,"Hernani Saito Maia Sobrinho",18269282,1,"Sistemas de Informação",SI,3,Noite,Não
3,2025-01-01,"Cuscuz com queijo e suco",3,"Lanche da Tarde",1,"Campus Cedro",12472,2025-01-01,15:13:00,Sim,Não,Presente,FB6B4F825A86,NULL,NULL,224,"Dr. Luiz Cléber Lovato",72490518,1,"Sistemas de Informação",SI,3,Noite,Sim
3,2025-01-01,"Cuscuz com queijo e suco",3,"Lanche da Tarde",1,"Campus Cedro",112034,2025-01-01,15:13:00,Sim,Não,Presente,6A4198B88371,NULL,NULL,2045,"Dr. Clara Brito",76839215,5,"Licenciatura em Física",FIS,1,Manhã,Não
3,2025-01-01,"Cuscuz com queijo e suco",3,"Lanche da Tarde",1,"Campus Cedro",31939,2025-01-01,15:14:00,Não,Sim,Cancelada,52E4A6AD1CD4,NULL,NULL,575,"Sra. Valéria Colaço Vale Sobrinho",42726232,1,"Sistemas de Informação",SI,3,Noite,Sim
3,2025-01-01,"Cuscuz com queijo e suco",3,"Lanche da Tarde",1,"Campus Cedro",133079,2025-01-01,15:18:00,Sim,Não,Presente,933439858F46,NULL,NULL,2419,"Fábio Kléber Barros Neto",28425929,4,"Licenciatura em Matemática",MAT,3,Noite,Não
3,2025-01-01,"Cuscuz com queijo e suco",3,"Lanche da Tarde",1,"Campus Cedro",48430,2025-01-01,15:22:00,Sim,Não,Presente,3202C19ABFAE,NULL,NULL,883,"Marco Wilson Fonseca",84514499,3,"Engenharia Mecânica",MEC,2,Tarde,Não
3,2025-01-01,"Cuscuz com queijo e suco",3,"Lanche da Tarde",1,"Campus Cedro",161993,2025-01-01,15:22:00,Sim,Não,Presente,B0C6F133A5FC,NULL,NULL,2957,"Dr. Maicon Mascarenhas Lozano Neto",65943611,3,"Engenharia Mecânica",MEC,3,Noite,Não
3,2025-01-01,"Cuscuz com queijo e suco",3,"Lanche da Tarde",1,"Campus Cedro",83486,2025-01-01,15:24:00,Sim,Não,Presente,7F108E5EB9E4,NULL,NULL,1518,"Sarah Sueli Guerra",32978913,3,"Engenharia Mecânica",MEC,3,Noite,Não
3,2025-01-01,"Cuscuz com queijo e suco",3,"Lanche da Tarde",1,"Campus Cedro",161753,2025-01-01,15:24:00,Sim,Não,Presente,0D9018DA4FA7,NULL,NULL,2953,"Fernanda Janaina Grego Neto",25267838,3,"Engenharia Mecânica",MEC,2,Tarde,Não
3,2025-01-01,"Cuscuz com queijo e suco",3,"Lanche da Tarde",1,"Campus Cedro",125838,2025-01-01,15:31:00,Sim,Não,Presente,838EBD8A6A4C,NULL,NULL,2291,"Marcelo Leon Matos Sobrinho",24138232,3,"Engenharia Mecânica",MEC,1,Manhã,Não
3,2025-01-01,"Cuscuz com queijo e suco",3,"Lanche da Tarde",1,"Campus Cedro",126310,2025-01-01,15:32:00,Sim,Não,Presente,9FA2E3EBC298,NULL,NULL,2299,"Jácomo Rico Queirós Filho",01732117,2,"Engenharia de Elétrica",EE,1,Manhã,Não
3,2025-01-01,"Cuscuz com queijo e suco",3,"Lanche da Tarde",1,"Campus Cedro",101259,2025-01-01,15:34:00,Sim,Não,Presente,DC8C9135251E,NULL,NULL,1845,"Miguel Isaac Pedrosa Neto",59147970,6,"Tecnologo Mecatrônica Industrial",TMI,3,Noite,Não
3,2025-01-01,"Cuscuz com queijo e suco",3,"Lanche da Tarde",1,"Campus Cedro",128798,2025-01-01,15:35:00,Não,Não,Ausente,80A42735DC76,"Problema de transporte",NULL,2344,"Beatriz Medina Rosa Filho",21527973,5,"Licenciatura em Física",FIS,3,Noite,Não
3,2025-01-01,"Cuscuz com queijo e suco",3,"Lanche da Tarde",1,"Campus Cedro",130450,2025-01-01,15:35:00,Não,Sim,Cancelada,391E78CDD169,NULL,NULL,2375,"Srta. Bruna Gusmão Ortiz",14841092,1,"Sistemas de Informação",SI,2,Tarde,Não
3,2025-01-01,"Cuscuz com queijo e suco",3,"Lanche da Tarde",1,"Campus Cedro",82884,2025-01-01,15:37:00,Não,Sim,Cancelada,063DB10723FF,NULL,NULL,1507,"Sra. Valéria das Neves Feliciano",83189974,5,"Licenciatura em Física",FIS,2,Tarde,Sim
3,2025-01-01,"Cuscuz com queijo e suco",3,"Lanche da Tarde",1,"Campus Cedro",163719,2025-01-01,15:37:00,Sim,Não,Presente,8D9E0D1CCFAF,NULL,NULL,2988,"Priscila Pérola Ferraz",46693883,5,"Licenciatura em Física",FIS,1,Manhã,Não
3,2025-01-01,"Cuscuz com queijo e suco",3,"Lanche da Tarde",1,"Campus Cedro",45331,2025-01-01,15:39:00,Sim,Não,Presente,0FE1D59EFAFE,NULL,NULL,821,"Thalia Joyce Vale Sobrinho",58930752,2,"Engenharia de Elétrica",EE,1,Manhã,Não
3,2025-01-01,"Cuscuz com queijo e suco",3,"Lanche da Tarde",1,"Campus Cedro",153758,2025-01-01,15:39:00,Sim,Não,Presente,04D21ECD808D,NULL,NULL,2799,"Dr. Dayana Amaral",45934489,2,"Engenharia de Elétrica",EE,1,Manhã,Sim
3,2025-01-01,"Cuscuz com queijo e suco",3,"Lanche da Tarde",1,"Campus Cedro",103248,2025-01-01,15:40:00,Sim,Não,Presente,D6630AC32AD6,NULL,NULL,1884,"Sr. Arthur Jerônimo Ferreira",02008255,5,"Licenciatura em Física",FIS,3,Noite,Não
3,2025-01-01,"Cuscuz com queijo e suco",3,"Lanche da Tarde",1,"Campus Cedro",83362,2025-01-01,15:42:00,Sim,Não,Presente,D5C90880C5BF,NULL,NULL,1516,"Sr. Ivan Santos de Aguiar Sobrinho",51966678,1,"Sistemas de Informação",SI,3,Noite,Não
3,2025-01-01,"Cuscuz com queijo e suco",3,"Lanche da Tarde",1,"Campus Cedro",47799,2025-01-01,15:45:00,Sim,Não,Presente,727A4D3F72F9,NULL,NULL,870,"Anderson Maurício Montenegro",93547392,2,"Engenharia de Elétrica",EE,3,Noite,Não
3,2025-01-01,"Cuscuz com queijo e suco",3,"Lanche da Tarde",1,"Campus Cedro",23513,2025-01-01,15:48:00,Sim,Não,Presente,5EE953708969,NULL,NULL,427,"Sra. Malena Marta Lozano",73939404,4,"Licenciatura em Matemática",MAT,3,Noite,Sim
3,2025-01-01,"Cuscuz com queijo e suco",3,"Lanche da Tarde",1,"Campus Cedro",102478,2025-01-01,15:50:00,Sim,Não,Presente,F36113D3ED5B,NULL,NULL,1869,"Mila Pacheco Vieira",29815321,2,"Engenharia de Elétrica",EE,1,Manhã,Não
3,2025-01-01,"Cuscuz com queijo e suco",3,"Lanche da Tarde",1,"Campus Cedro",13423,2025-01-01,15:51:00,Sim,Não,Presente,655DBAAAAF89,NULL,NULL,241,"Dr. Mauro Gonçalves Zambrano Jr.",56950822,4,"Licenciatura em Matemática",MAT,1,Manhã,Não
3,2025-01-01,"Cuscuz com queijo e suco",3,"Lanche da Tarde",1,"Campus Cedro",59011,2025-01-01,15:53:00,Sim,Não,Presente,2459B9477575,NULL,NULL,1080,"Elias Lovato Sobrinho",51682211,5,"Licenciatura em Física",FIS,3,Noite,Não
3,2025-01-01,"Cuscuz com queijo e suco",3,"Lanche da Tarde",1,"Campus Cedro",82267,2025-01-01,15:53:00,Sim,Não,Presente,85F921ACA480,NULL,NULL,1496,"Dr. Anderson Vitor Rivera",11367890,3,"Engenharia Mecânica",MEC,1,Manhã,Não
3,2025-01-01,"Cuscuz com queijo e suco",3,"Lanche da Tarde",1,"Campus Cedro",47306,2025-01-01,15:56:00,Sim,Não,Presente,7407325C305C,NULL,NULL,861,"Larissa Escobar de Aguiar",84788595,1,"Sistemas de Informação",SI,1,Manhã,Não
3,2025-01-01,"Cuscuz com queijo e suco",3,"Lanche da Tarde",1,"Campus Cedro",91962,2025-01-01,15:58:00,Sim,Não,Presente,37221B8BA893,NULL,NULL,1674,"Demian Lira Faro Sobrinho",90983042,6,"Tecnologo Mecatrônica Industrial",TMI,1,Manhã,Não
3,2025-01-01,"Cuscuz com queijo e suco",3,"Lanche da Tarde",1,"Campus Cedro",109820,2025-01-01,15:59:00,Sim,Não,Presente,735308444692,NULL,NULL,2005,"Jaqueline Duarte Romero",77948859,6,"Tecnologo Mecatrônica Industrial",TMI,1,Manhã,Não
3,2025-01-01,"Cuscuz com queijo e suco",3,"Lanche da Tarde",1,"Campus Cedro",154787,2025-01-01,16:00:00,Sim,Não,Presente,984E98C74FB0,NULL,NULL,2817,"Michael Mascarenhas Jr.",37455356,1,"Sistemas de Informação",SI,2,Tarde,Não
3,2025-01-01,"Cuscuz com queijo e suco",3,"Lanche da Tarde",1,"Campus Cedro",52462,2025-01-01,16:01:00,Sim,Não,Presente,6E1B58AC2D77,NULL,NULL,957,"Elis Ferraz",22445751,4,"Licenciatura em Matemática",MAT,2,Tarde,Não
3,2025-01-01,"Cuscuz com queijo e suco",3,"Lanche da Tarde",1,"Campus Cedro",118667,2025-01-01,16:01:00,Sim,Não,Presente,18004B4B10E8,NULL,NULL,2163,"Srta. Lara Colaço Zambrano Neto",43982101,6,"Tecnologo Mecatrônica Industrial",TMI,3,Noite,Não
3,2025-01-01,"Cuscuz com queijo e suco",3,"Lanche da Tarde",1,"Campus Cedro",37249,2025-01-01,16:03:00,Sim,Não,Presente,C27E867EB2C3,NULL,NULL,672,"Jefferson Faro Santiago",34510890,3,"Engenharia Mecânica",MEC,1,Manhã,Não
3,2025-01-01,"Cuscuz com queijo e suco",3,"Lanche da Tarde",1,"Campus Cedro",70312,2025-01-01,16:05:00,Sim,Não,Presente,F839DF073E73,NULL,NULL,1280,"Dr. Filipe Davi Alcantara Filho",33434021,4,"Licenciatura em Matemática",MAT,2,Tarde,Não
3,2025-01-01,"Cuscuz com queijo e suco",3,"Lanche da Tarde",1,"Campus Cedro",79685,2025-01-01,16:08:00,Sim,Não,Presente,C4F6022FFEC9,NULL,NULL,1448,"Sra. Larissa de Freitas Aragão Neto",90164201,6,"Tecnologo Mecatrônica Industrial",TMI,2,Tarde,Não
3,2025-01-01,"Cuscuz com queijo e suco",3,"Lanche da Tarde",1,"Campus Cedro",118284,2025-01-01,16:12:00,Sim,Não,Presente,0034A61C0D3B,NULL,NULL,2156,"Willian de Freitas Neves Neto",00424391,6,"Tecnologo Mecatrônica Industrial",TMI,2,Tarde,Não
3,2025-01-01,"Cuscuz com queijo e suco",3,"Lanche da Tarde",1,"Campus Cedro",129519,2025-01-01,16:18:00,Sim,Não,Presente,9D6BA0CDC54C,NULL,NULL,2357,"Horácio Barreto Franco Sobrinho",80477816,2,"Engenharia de Elétrica",EE,3,Noite,Não
3,2025-01-01,"Cuscuz com queijo e suco",3,"Lanche da Tarde",1,"Campus Cedro",84246,2025-01-01,16:20:00,Sim,Não,Presente,CDDA1C9A0DB4,NULL,NULL,1530,"Dr. Raquel Sepúlveda",17225765,6,"Tecnologo Mecatrônica Industrial",TMI,2,Tarde,Não
3,2025-01-01,"Cuscuz com queijo e suco",3,"Lanche da Tarde",1,"Campus Cedro",46679,2025-01-01,16:21:00,Sim,Não,Presente,96307CCC9022,NULL,NULL,849,"Sra. Sônia Ketlin Roque",77293387,2,"Engenharia de Elétrica",EE,3,Noite,Não
3,2025-01-01,"Cuscuz com queijo e suco",3,"Lanche da Tarde",1,"Campus Cedro",47600,2025-01-01,16:21:00,Sim,Não,Presente,09DCCCFA56B2,NULL,NULL,866,"Srta. Vitória Aragão Jr.",48328665,1,"Sistemas de Informação",SI,2,Tarde,Não
3,2025-01-01,"Cuscuz com queijo e suco",3,"Lanche da Tarde",1,"Campus Cedro",136928,2025-01-01,16:22:00,Sim,Não,Presente,02133DBEC1D1,NULL,NULL,2490,"Srta. Karine Sepúlveda Valdez Sobrinho",93882902,1,"Sistemas de Informação",SI,2,Tarde,Não
3,2025-01-01,"Cuscuz com queijo e suco",3,"Lanche da Tarde",1,"Campus Cedro",147048,2025-01-01,16:23:00,Sim,Não,Presente,A2AFC63F116E,NULL,NULL,2675,"Eloah Cruz Sobrinho",11764813,6,"Tecnologo Mecatrônica Industrial",TMI,2,Tarde,Não
3,2025-01-01,"Cuscuz com queijo e suco",3,"Lanche da Tarde",1,"Campus Cedro",160758,2025-01-01,16:27:00,Sim,Não,Presente,7BD1346226E2,NULL,NULL,2934,"Dr. Beatriz Dirce Domingues",96605268,3,"Engenharia Mecânica",MEC,1,Manhã,Não
3,2025-01-01,"Cuscuz com queijo e suco",3,"Lanche da Tarde",1,"Campus Cedro",34728,2025-01-01,16:30:00,Sim,Não,Presente,666265C37D1F,NULL,NULL,625,"Srta. Fátima Furtado de Freitas",21081044,5,"Licenciatura em Física",FIS,3,Noite,Não
3,2025-01-01,"Cuscuz com queijo e suco",3,"Lanche da Tarde",1,"Campus Cedro",32674,2025-01-01,16:39:00,Não,Não,Ausente,3262301331F2,"Problema de transporte",NULL,587,"Dr. Samuel Christopher Faria",43234705,3,"Engenharia Mecânica",MEC,2,Tarde,Não
3,2025-01-01,"Cuscuz com queijo e suco",3,"Lanche da Tarde",1,"Campus Cedro",154846,2025-01-01,16:40:00,Sim,Não,Presente,EB1EF2B23E10,NULL,NULL,2818,"Jasmin Azevedo Ramires",37326176,5,"Licenciatura em Física",FIS,1,Manhã,Não
3,2025-01-01,"Cuscuz com queijo e suco",3,"Lanche da Tarde",1,"Campus Cedro",101750,2025-01-01,16:41:00,Sim,Não,Presente,6C5832831A44,NULL,NULL,1854,"Srta. Léia Verdugo de Souza Filho",34209719,6,"Tecnologo Mecatrônica Industrial",TMI,1,Manhã,Não
3,2025-01-01,"Cuscuz com queijo e suco",3,"Lanche da Tarde",1,"Campus Cedro",108475,2025-01-01,16:41:00,Sim,Não,Presente,E873F00F23FC,NULL,NULL,1980,"Srta. Dirce Carvalho Carrara",18804189,1,"Sistemas de Informação",SI,2,Tarde,Não
3,2025-01-01,"Cuscuz com queijo e suco",3,"Lanche da Tarde",1,"Campus Cedro",76525,2025-01-01,16:42:00,Não,Sim,Cancelada,88F106C3838E,NULL,NULL,1393,"Benício Rivera Jr.",88104713,5,"Licenciatura em Física",FIS,3,Noite,Não
3,2025-01-01,"Cuscuz com queijo e suco",3,"Lanche da Tarde",1,"Campus Cedro",29107,2025-01-01,16:44:00,Sim,Não,Presente,B82391F0FA62,NULL,NULL,526,"Sra. Nathalia Márcia de Arruda",85358294,2,"Engenharia de Elétrica",EE,2,Tarde,Não
3,2025-01-01,"Cuscuz com queijo e suco",3,"Lanche da Tarde",1,"Campus Cedro",28501,2025-01-01,16:48:00,Sim,Não,Presente,D250B4EE4A83,NULL,NULL,516,"Michael Breno Quintana",99772455,1,"Sistemas de Informação",SI,3,Noite,Não
3,2025-01-01,"Cuscuz com queijo e suco",3,"Lanche da Tarde",1,"Campus Cedro",151074,2025-01-01,16:49:00,Sim,Não,Presente,A4CA5467E5CC,NULL,NULL,2750,"Dr. Thiago Rosa Sobrinho",55002790,5,"Licenciatura em Física",FIS,1,Manhã,Não
3,2025-01-01,"Cuscuz com queijo e suco",3,"Lanche da Tarde",1,"Campus Cedro",66046,2025-01-01,16:50:00,Sim,Não,Presente,A576F2ECFAF2,NULL,NULL,1206,"Pedro Ronaldo Estrada",62689541,2,"Engenharia de Elétrica",EE,1,Manhã,Não
3,2025-01-01,"Cuscuz com queijo e suco",3,"Lanche da Tarde",1,"Campus Cedro",29347,2025-01-01,16:53:00,Sim,Não,Presente,A0EBD0FCF720,NULL,NULL,530,"Sra. Sarah Abreu",50189948,2,"Engenharia de Elétrica",EE,3,Noite,Não
3,2025-01-01,"Cuscuz com queijo e suco",3,"Lanche da Tarde",1,"Campus Cedro",58060,2025-01-01,16:53:00,Sim,Não,Presente,95A65C41C08F,NULL,NULL,1062,"Dr. Wagner de Freitas Lovato",36537988,6,"Tecnologo Mecatrônica Industrial",TMI,2,Tarde,Não
3,2025-01-01,"Cuscuz com queijo e suco",3,"Lanche da Tarde",1,"Campus Cedro",71363,2025-01-01,16:54:00,Não,Não,Ausente,ADA653D04FA9,"Ausência justificada pelo estudante",NULL,1299,"Dr. Aurora Saraiva Saraiva Neto",98830076,1,"Sistemas de Informação",SI,1,Manhã,Não
3,2025-01-01,"Cuscuz com queijo e suco",3,"Lanche da Tarde",1,"Campus Cedro",137133,2025-01-01,16:58:00,Sim,Não,Presente,EAE74E1664AC,NULL,NULL,2494,"Dr. Alexandre Alcantara",53374407,1,"Sistemas de Informação",SI,3,Noite,Não
4,2025-01-01,"Tapioca de frango com suco",4,"Lanche da Noite",1,"Campus Cedro",54687,2025-01-01,19:02:00,Sim,Não,Presente,B9666D2BA798,NULL,NULL,1001,"Sr. Everton Esteves",91950069,3,"Engenharia Mecânica",MEC,3,Noite,Não
4,2025-01-01,"Tapioca de frango com suco",4,"Lanche da Noite",1,"Campus Cedro",154986,2025-01-01,19:04:00,Sim,Não,Presente,CA818AAEA752,NULL,NULL,2821,"Sr. Cléber Renato Valentin",77484956,6,"Tecnologo Mecatrônica Industrial",TMI,2,Tarde,Não
4,2025-01-01,"Tapioca de frango com suco",4,"Lanche da Noite",1,"Campus Cedro",109348,2025-01-01,19:06:00,Não,Não,Ausente,BE91FD599F1C,"Problema de transporte",NULL,1997,"Elaine Madalena Barros",83484944,5,"Licenciatura em Física",FIS,3,Noite,Não
4,2025-01-01,"Tapioca de frango com suco",4,"Lanche da Noite",1,"Campus Cedro",63420,2025-01-01,19:07:00,Sim,Não,Presente,58A4A5156D27,NULL,NULL,1161,"Sra. Isabelly Verdara Jr.",97827245,4,"Licenciatura em Matemática",MAT,3,Noite,Não
4,2025-01-01,"Tapioca de frango com suco",4,"Lanche da Noite",1,"Campus Cedro",141219,2025-01-01,19:07:00,Não,Sim,Cancelada,90A2C9ED6420,NULL,NULL,2567,"Sra. Lúcia da Rosa Vega Jr.",08481627,2,"Engenharia de Elétrica",EE,2,Tarde,Não
4,2025-01-01,"Tapioca de frango com suco",4,"Lanche da Noite",1,"Campus Cedro",34022,2025-01-01,19:10:00,Sim,Não,Presente,AE6AEFD08F86,NULL,NULL,611,"Isabella Thaís das Neves Jr.",17825654,4,"Licenciatura em Matemática",MAT,1,Manhã,Não
4,2025-01-01,"Tapioca de frango com suco",4,"Lanche da Noite",1,"Campus Cedro",45475,2025-01-01,19:11:00,Sim,Não,Presente,241AC6F5458E,NULL,NULL,824,"Fabiano Estrada Urias",87298132,6,"Tecnologo Mecatrônica Industrial",TMI,3,Noite,Não
4,2025-01-01,"Tapioca de frango com suco",4,"Lanche da Noite",1,"Campus Cedro",32230,2025-01-01,19:16:00,Sim,Não,Presente,C8AE614C4D32,NULL,NULL,580,"Dr. Amanda Pereira Jr.",44956781,6,"Tecnologo Mecatrônica Industrial",TMI,1,Manhã,Não
4,2025-01-01,"Tapioca de frango com suco",4,"Lanche da Noite",1,"Campus Cedro",102260,2025-01-01,19:16:00,Sim,Não,Presente,8E8239F96CDA,NULL,NULL,1865,"Srta. Mayara Valente Assunção Sobrinho",90381855,5,"Licenciatura em Física",FIS,3,Noite,Não
4,2025-01-01,"Tapioca de frango com suco",4,"Lanche da Noite",1,"Campus Cedro",21956,2025-01-01,19:17:00,Não,Não,Ausente,33AC262AFA58,"Problema de transporte",NULL,401,"Dr. Cláudio Valência Serna",10180357,2,"Engenharia de Elétrica",EE,1,Manhã,Não
4,2025-01-01,"Tapioca de frango com suco",4,"Lanche da Noite",1,"Campus Cedro",82443,2025-01-01,19:18:00,Sim,Não,Presente,F47F2EDDEBC2,NULL,NULL,1499,"Dr. Elias Dias Filho",23794788,1,"Sistemas de Informação",SI,1,Manhã,Não
4,2025-01-01,"Tapioca de frango com suco",4,"Lanche da Noite",1,"Campus Cedro",8127,2025-01-01,19:19:00,Sim,Não,Presente,EF52B052F9AC,NULL,NULL,145,"Maraisa Vila D'ávila",74337785,6,"Tecnologo Mecatrônica Industrial",TMI,2,Tarde,Não
4,2025-01-01,"Tapioca de frango com suco",4,"Lanche da Noite",1,"Campus Cedro",8594,2025-01-01,19:20:00,Sim,Não,Presente,306B3E650E50,NULL,NULL,154,"Giovane Ícaro Casanova Sobrinho",27295644,6,"Tecnologo Mecatrônica Industrial",TMI,3,Noite,Não
4,2025-01-01,"Tapioca de frango com suco",4,"Lanche da Noite",1,"Campus Cedro",54297,2025-01-01,19:21:00,Sim,Não,Presente,70D0C72AAC59,NULL,NULL,994,"Dr. Wagner Teles Serrano Sobrinho",62336493,3,"Engenharia Mecânica",MEC,2,Tarde,Não
4,2025-01-01,"Tapioca de frango com suco",4,"Lanche da Noite",1,"Campus Cedro",82370,2025-01-01,19:22:00,Não,Sim,Cancelada,F5032D17A1C7,NULL,NULL,1498,"Dr. Artur Martinho Chaves Jr.",30975085,4,"Licenciatura em Matemática",MAT,1,Manhã,Não
4,2025-01-01,"Tapioca de frango com suco",4,"Lanche da Noite",1,"Campus Cedro",140722,2025-01-01,19:24:00,Sim,Não,Presente,30DC622C46E7,NULL,NULL,2560,"Nathalia Vale Delgado",09921011,2,"Engenharia de Elétrica",EE,1,Manhã,Sim
4,2025-01-01,"Tapioca de frango com suco",4,"Lanche da Noite",1,"Campus Cedro",41665,2025-01-01,19:27:00,Não,Não,Ausente,4F614F066990,"Atividade acadêmica",NULL,754,"Dr. Roberto Molina Verdugo Filho",21286712,4,"Licenciatura em Matemática",MAT,2,Tarde,Não
4,2025-01-01,"Tapioca de frango com suco",4,"Lanche da Noite",1,"Campus Cedro",113875,2025-01-01,19:30:00,Não,Não,Ausente,23787E3C62BD,"Imprevisto pessoal",NULL,2078,"Dr. Ícaro da Rosa",80392863,4,"Licenciatura em Matemática",MAT,2,Tarde,Sim
4,2025-01-01,"Tapioca de frango com suco",4,"Lanche da Noite",1,"Campus Cedro",85568,2025-01-01,19:31:00,Sim,Não,Presente,07583298D6A1,NULL,NULL,1555,"Dr. Anderson Queirós Fontes",84043508,4,"Licenciatura em Matemática",MAT,3,Noite,Não
4,2025-01-01,"Tapioca de frango com suco",4,"Lanche da Noite",1,"Campus Cedro",11652,2025-01-01,19:32:00,Sim,Não,Presente,A86D83699827,NULL,NULL,210,"Giovanna Verdugo",88882433,6,"Tecnologo Mecatrônica Industrial",TMI,2,Tarde,Não
4,2025-01-01,"Tapioca de frango com suco",4,"Lanche da Noite",1,"Campus Cedro",71364,2025-01-01,19:32:00,Sim,Não,Presente,C73B229965DE,NULL,NULL,1299,"Dr. Aurora Saraiva Saraiva Neto",98830076,1,"Sistemas de Informação",SI,1,Manhã,Não
4,2025-01-01,"Tapioca de frango com suco",4,"Lanche da Noite",1,"Campus Cedro",145503,2025-01-01,19:33:00,Sim,Não,Presente,7FAAB3879C2D,NULL,NULL,2646,"Dr. Daniele Jaqueline Ortiz Neto",43470906,1,"Sistemas de Informação",SI,3,Noite,Não
4,2025-01-01,"Tapioca de frango com suco",4,"Lanche da Noite",1,"Campus Cedro",119219,2025-01-01,19:41:00,Não,Não,Ausente,2454377F6E4E,"Compromisso acadêmico",NULL,2172,"Sr. Reinaldo Verdugo Gomes Neto",40101105,4,"Licenciatura em Matemática",MAT,1,Manhã,Sim
4,2025-01-01,"Tapioca de frango com suco",4,"Lanche da Noite",1,"Campus Cedro",32675,2025-01-01,19:45:00,Sim,Não,Presente,4932CDCBC57A,NULL,NULL,587,"Dr. Samuel Christopher Faria",43234705,3,"Engenharia Mecânica",MEC,2,Tarde,Não
4,2025-01-01,"Tapioca de frango com suco",4,"Lanche da Noite",1,"Campus Cedro",8673,2025-01-01,19:47:00,Sim,Não,Presente,889FBC8E6534,NULL,NULL,155,"Anita Carrara Rocha Neto",81045191,2,"Engenharia de Elétrica",EE,2,Tarde,Não
4,2025-01-01,"Tapioca de frango com suco",4,"Lanche da Noite",1,"Campus Cedro",36571,2025-01-01,19:47:00,Sim,Não,Presente,3C8E3CFAAB47,NULL,NULL,660,"Milena Soares Marés",04718838,3,"Engenharia Mecânica",MEC,1,Manhã,Não
4,2025-01-01,"Tapioca de frango com suco",4,"Lanche da Noite",1,"Campus Cedro",121736,2025-01-01,19:48:00,Sim,Não,Presente,113556E3B8DC,NULL,NULL,2215,"Srta. Natália Salazar",04453376,5,"Licenciatura em Física",FIS,3,Noite,Não
4,2025-01-01,"Tapioca de frango com suco",4,"Lanche da Noite",1,"Campus Cedro",44964,2025-01-01,19:50:00,Sim,Não,Presente,9C656C427D80,NULL,NULL,815,"Márcio Leon Paes Sobrinho",88656009,1,"Sistemas de Informação",SI,1,Manhã,Não
4,2025-01-01,"Tapioca de frango com suco",4,"Lanche da Noite",1,"Campus Cedro",129761,2025-01-01,19:50:00,Sim,Não,Presente,454EBBA8DA44,NULL,NULL,2362,"Dr. William Rodrigues Urias",10023251,6,"Tecnologo Mecatrônica Industrial",TMI,1,Manhã,Sim
4,2025-01-01,"Tapioca de frango com suco",4,"Lanche da Noite",1,"Campus Cedro",19108,2025-01-01,19:51:00,Sim,Não,Presente,609978723257,NULL,NULL,347,"Dr. Raysa Marinho Mendonça",41364165,4,"Licenciatura em Matemática",MAT,3,Noite,Não
4,2025-01-01,"Tapioca de frango com suco",4,"Lanche da Noite",1,"Campus Cedro",51509,2025-01-01,19:57:00,Sim,Não,Presente,82A1A6343313,NULL,NULL,939,"Sr. João Vega Guerra",71622296,5,"Licenciatura em Física",FIS,1,Manhã,Não
4,2025-01-01,"Tapioca de frango com suco",4,"Lanche da Noite",1,"Campus Cedro",115472,2025-01-01,20:03:00,Sim,Não,Presente,2D1729A8CD4F,NULL,NULL,2106,"Tatiana Renata Pena",65896264,6,"Tecnologo Mecatrônica Industrial",TMI,2,Tarde,Não
4,2025-01-01,"Tapioca de frango com suco",4,"Lanche da Noite",1,"Campus Cedro",114014,2025-01-01,20:06:00,Sim,Não,Presente,CBC298E026A0,NULL,NULL,2080,"Daiane Medina",84247960,1,"Sistemas de Informação",SI,3,Noite,Não
4,2025-01-01,"Tapioca de frango com suco",4,"Lanche da Noite",1,"Campus Cedro",22156,2025-01-01,20:07:00,Sim,Não,Presente,30605640E7DF,NULL,NULL,405,"Camilo Delatorre Duarte Filho",22440379,1,"Sistemas de Informação",SI,2,Tarde,Não
4,2025-01-01,"Tapioca de frango com suco",4,"Lanche da Noite",1,"Campus Cedro",107265,2025-01-01,20:07:00,Sim,Não,Presente,AFF2D74118CE,NULL,NULL,1959,"Srta. Esther Mônica Mendes",09263686,1,"Sistemas de Informação",SI,2,Tarde,Não
4,2025-01-01,"Tapioca de frango com suco",4,"Lanche da Noite",1,"Campus Cedro",111210,2025-01-01,20:07:00,Sim,Não,Presente,5C1CFE93D24F,NULL,NULL,2030,"Mauro Soto Jr.",31781843,1,"Sistemas de Informação",SI,3,Noite,Sim
4,2025-01-01,"Tapioca de frango com suco",4,"Lanche da Noite",1,"Campus Cedro",68513,2025-01-01,20:09:00,Sim,Não,Presente,9543A6B74498,NULL,NULL,1249,"Dr. Maitê Soto Ávila",75827682,3,"Engenharia Mecânica",MEC,2,Tarde,Não
4,2025-01-01,"Tapioca de frango com suco",4,"Lanche da Noite",1,"Campus Cedro",36681,2025-01-01,20:10:00,Sim,Não,Presente,F71CE027547B,NULL,NULL,662,"Dr. Silvana Ferreira Rodrigues Jr.",94057780,5,"Licenciatura em Física",FIS,1,Manhã,Não
4,2025-01-01,"Tapioca de frango com suco",4,"Lanche da Noite",1,"Campus Cedro",37107,2025-01-01,20:11:00,Sim,Não,Presente,332B7D997E9B,NULL,NULL,670,"Breno Azevedo Padilha Neto",16566303,3,"Engenharia Mecânica",MEC,2,Tarde,Não
4,2025-01-01,"Tapioca de frango com suco",4,"Lanche da Noite",1,"Campus Cedro",22745,2025-01-01,20:16:00,Sim,Não,Presente,B53703DF10B4,NULL,NULL,414,"Dr. Rogério Cauan Domingues",17367464,6,"Tecnologo Mecatrônica Industrial",TMI,1,Manhã,Não
4,2025-01-01,"Tapioca de frango com suco",4,"Lanche da Noite",1,"Campus Cedro",28224,2025-01-01,20:18:00,Sim,Não,Presente,7F92994259A1,NULL,NULL,511,"André Zaragoça",96327617,1,"Sistemas de Informação",SI,1,Manhã,Não
4,2025-01-01,"Tapioca de frango com suco",4,"Lanche da Noite",1,"Campus Cedro",3023,2025-01-01,20:19:00,Sim,Não,Presente,08BDA4709AB0,NULL,NULL,54,"Sr. Alexandre Esteves de Oliveira Neto",65052560,3,"Engenharia Mecânica",MEC,3,Noite,Não
4,2025-01-01,"Tapioca de frango com suco",4,"Lanche da Noite",1,"Campus Cedro",137095,2025-01-01,20:20:00,Sim,Não,Presente,60C69521D8C3,NULL,NULL,2493,"Sr. Emanuel Rosa Molina Neto",26344596,6,"Tecnologo Mecatrônica Industrial",TMI,3,Noite,Não
4,2025-01-01,"Tapioca de frango com suco",4,"Lanche da Noite",1,"Campus Cedro",118285,2025-01-01,20:22:00,Sim,Não,Presente,BBD36A623E17,NULL,NULL,2156,"Willian de Freitas Neves Neto",00424391,6,"Tecnologo Mecatrônica Industrial",TMI,2,Tarde,Não
4,2025-01-01,"Tapioca de frango com suco",4,"Lanche da Noite",1,"Campus Cedro",74515,2025-01-01,20:23:00,Sim,Não,Presente,4CD44C334E1B,NULL,NULL,1357,"Paola Jimenes",07693659,2,"Engenharia de Elétrica",EE,3,Noite,Sim
4,2025-01-01,"Tapioca de frango com suco",4,"Lanche da Noite",1,"Campus Cedro",6520,2025-01-01,20:26:00,Sim,Não,Presente,D8284E29113D,NULL,NULL,117,"Dr. Alexandre Delvalle",77080713,5,"Licenciatura em Física",FIS,1,Manhã,Não
4,2025-01-01,"Tapioca de frango com suco",4,"Lanche da Noite",1,"Campus Cedro",145139,2025-01-01,20:29:00,Sim,Não,Presente,CD909490DB90,NULL,NULL,2639,"Manoela Deverso Lozano",25356357,3,"Engenharia Mecânica",MEC,1,Manhã,Sim
4,2025-01-01,"Tapioca de frango com suco",4,"Lanche da Noite",1,"Campus Cedro",72510,2025-01-01,20:30:00,Sim,Não,Presente,561106609CD5,NULL,NULL,1320,"Márcio Téo Ferraz",91466316,4,"Licenciatura em Matemática",MAT,2,Tarde,Não
4,2025-01-01,"Tapioca de frango com suco",4,"Lanche da Noite",1,"Campus Cedro",91963,2025-01-01,20:35:00,Sim,Não,Presente,A81CAAD38337,NULL,NULL,1674,"Demian Lira Faro Sobrinho",90983042,6,"Tecnologo Mecatrônica Industrial",TMI,1,Manhã,Não
4,2025-01-01,"Tapioca de frango com suco",4,"Lanche da Noite",1,"Campus Cedro",72988,2025-01-01,20:37:00,Sim,Não,Presente,C38D8A2A49B2,NULL,NULL,1329,"Moisés Martinho Pedrosa Filho",18889880,3,"Engenharia Mecânica",MEC,3,Noite,Sim
4,2025-01-01,"Tapioca de frango com suco",4,"Lanche da Noite",1,"Campus Cedro",136813,2025-01-01,20:38:00,Sim,Não,Presente,B935F40AA7F8,NULL,NULL,2488,"Cristiano Amaral",44103169,2,"Engenharia de Elétrica",EE,1,Manhã,Não
4,2025-01-01,"Tapioca de frango com suco",4,"Lanche da Noite",1,"Campus Cedro",34299,2025-01-01,20:39:00,Sim,Não,Presente,9EA3BA6C580B,NULL,NULL,616,"Dr. Valéria Mirella Ferminiano Sobrinho",49206319,3,"Engenharia Mecânica",MEC,2,Tarde,Não
4,2025-01-01,"Tapioca de frango com suco",4,"Lanche da Noite",1,"Campus Cedro",54139,2025-01-01,20:40:00,Sim,Não,Presente,40F9B87633E2,NULL,NULL,991,"Dr. Guilherme Alessandro Grego",39871277,5,"Licenciatura em Física",FIS,1,Manhã,Não
4,2025-01-01,"Tapioca de frango com suco",4,"Lanche da Noite",1,"Campus Cedro",42996,2025-01-01,20:42:00,Sim,Não,Presente,D39DF9496C75,NULL,NULL,779,"Sr. Vicente Fábio Santana Filho",53160756,3,"Engenharia Mecânica",MEC,1,Manhã,Não
4,2025-01-01,"Tapioca de frango com suco",4,"Lanche da Noite",1,"Campus Cedro",32513,2025-01-01,20:44:00,Sim,Não,Presente,DD497BA43D74,NULL,NULL,584,"Igor Danilo Sepúlveda Filho",97379176,2,"Engenharia de Elétrica",EE,1,Manhã,Não
4,2025-01-01,"Tapioca de frango com suco",4,"Lanche da Noite",1,"Campus Cedro",17281,2025-01-01,20:47:00,Sim,Não,Presente,7B9ABF1DBC4A,NULL,NULL,314,"Arthur Andres da Silva Sobrinho",48680393,6,"Tecnologo Mecatrônica Industrial",TMI,2,Tarde,Sim
4,2025-01-01,"Tapioca de frango com suco",4,"Lanche da Noite",1,"Campus Cedro",41440,2025-01-01,20:47:00,Sim,Não,Presente,9FD56BE4A4D5,NULL,NULL,750,"Alonso Ítalo Santos Filho",46486922,3,"Engenharia Mecânica",MEC,3,Noite,Não
4,2025-01-01,"Tapioca de frango com suco",4,"Lanche da Noite",1,"Campus Cedro",85900,2025-01-01,20:49:00,Sim,Não,Presente,D045FFD4A3F1,NULL,NULL,1561,"Sr. Adriano Zambrano Delgado",71875396,5,"Licenciatura em Física",FIS,3,Noite,Não
4,2025-01-01,"Tapioca de frango com suco",4,"Lanche da Noite",1,"Campus Cedro",40155,2025-01-01,20:50:00,Sim,Não,Presente,B1758DD59B52,NULL,NULL,727,"Sr. Everton Jácomo Maldonado Neto",36700853,4,"Licenciatura em Matemática",MAT,2,Tarde,Sim
4,2025-01-01,"Tapioca de frango com suco",4,"Lanche da Noite",1,"Campus Cedro",81746,2025-01-01,20:51:00,Sim,Não,Presente,2F4688D180B0,NULL,NULL,1487,"Tatiana Natália Carrara Jr.",48551548,4,"Licenciatura em Matemática",MAT,2,Tarde,Não
4,2025-01-01,"Tapioca de frango com suco",4,"Lanche da Noite",1,"Campus Cedro",153278,2025-01-01,20:51:00,Sim,Não,Presente,0E27FD3BA532,NULL,NULL,2790,"Sra. Olívia Katherine Urias",35150664,3,"Engenharia Mecânica",MEC,3,Noite,Sim
4,2025-01-01,"Tapioca de frango com suco",4,"Lanche da Noite",1,"Campus Cedro",70698,2025-01-01,20:53:00,Sim,Não,Presente,41CE3CBE21B6,NULL,NULL,1287,"Naiara Samanta Marin Sobrinho",81501993,5,"Licenciatura em Física",FIS,2,Tarde,Sim
4,2025-01-01,"Tapioca de frango com suco",4,"Lanche da Noite",1,"Campus Cedro",142571,2025-01-01,20:55:00,Sim,Não,Presente,A0EDB08D9EAF,NULL,NULL,2591,"Srta. Angélica Tamoio Jr.",44720631,3,"Engenharia Mecânica",MEC,3,Noite,Não
4,2025-01-01,"Tapioca de frango com suco",4,"Lanche da Noite",1,"Campus Cedro",80592,2025-01-01,20:56:00,Sim,Não,Presente,173BE6CDFC63,NULL,NULL,1466,"Aparecida Padilha",82222602,1,"Sistemas de Informação",SI,2,Tarde,Não
4,2025-01-01,"Tapioca de frango com suco",4,"Lanche da Noite",1,"Campus Cedro",86666,2025-01-01,20:57:00,Sim,Não,Presente,A1B410A5CB00,NULL,NULL,1575,"Dr. Luis Marés Serra Neto",10214675,5,"Licenciatura em Física",FIS,1,Manhã,Não
4,2025-01-01,"Tapioca de frango com suco",4,"Lanche da Noite",1,"Campus Cedro",17351,2025-01-01,20:59:00,Sim,Não,Presente,703E30ED7378,NULL,NULL,315,"Michele Larissa Alcantara",48769964,5,"Licenciatura em Física",FIS,1,Manhã,Não
4,2025-01-01,"Tapioca de frango com suco",4,"Lanche da Noite",1,"Campus Cedro",37946,2025-01-01,21:00:00,Sim,Não,Presente,1504BD0F7048,NULL,NULL,686,"Gabriela Pontes Valência Sobrinho",10582469,1,"Sistemas de Informação",SI,2,Tarde,Não
4,2025-01-01,"Tapioca de frango com suco",4,"Lanche da Noite",1,"Campus Cedro",119981,2025-01-01,21:00:00,Sim,Não,Presente,A390D041F3B5,NULL,NULL,2185,"Manuela Aguiar Filho",28524976,5,"Licenciatura em Física",FIS,2,Tarde,Não
4,2025-01-01,"Tapioca de frango com suco",4,"Lanche da Noite",1,"Campus Cedro",123905,2025-01-01,21:00:00,Sim,Não,Presente,B40694DA99AB,NULL,NULL,2257,"Mary de Aguiar Jr.",14929733,3,"Engenharia Mecânica",MEC,1,Manhã,Não
4,2025-01-01,"Tapioca de frango com suco",4,"Lanche da Noite",1,"Campus Cedro",55495,2025-01-01,21:01:00,Sim,Não,Presente,6D53BE69F6C2,NULL,NULL,1016,"Sra. Sueli Godói Ramires Jr.",16609017,3,"Engenharia Mecânica",MEC,3,Noite,Não
4,2025-01-01,"Tapioca de frango com suco",4,"Lanche da Noite",1,"Campus Cedro",9171,2025-01-01,21:04:00,Sim,Não,Presente,22F3134700D0,NULL,NULL,164,"Dr. Emerson Leo Rosa Filho",31158505,2,"Engenharia de Elétrica",EE,3,Noite,Não
4,2025-01-01,"Tapioca de frango com suco",4,"Lanche da Noite",1,"Campus Cedro",150360,2025-01-01,21:11:00,Sim,Não,Presente,CB11FA098DFA,NULL,NULL,2734,"Vicente Fontes Santana",44530657,2,"Engenharia de Elétrica",EE,1,Manhã,Não
4,2025-01-01,"Tapioca de frango com suco",4,"Lanche da Noite",1,"Campus Cedro",14963,2025-01-01,21:13:00,Sim,Não,Presente,C0819DA75EE2,NULL,NULL,272,"Dr. Alonso Ramos Jr.",62368918,2,"Engenharia de Elétrica",EE,1,Manhã,Não
4,2025-01-01,"Tapioca de frango com suco",4,"Lanche da Noite",1,"Campus Cedro",41057,2025-01-01,21:14:00,Sim,Não,Presente,3702D5D3AF6A,NULL,NULL,744,"Srta. Mônica Cláudia Lourenço Sobrinho",78917122,2,"Engenharia de Elétrica",EE,3,Noite,Não
4,2025-01-01,"Tapioca de frango com suco",4,"Lanche da Noite",1,"Campus Cedro",72246,2025-01-01,21:14:00,Sim,Não,Presente,1D49B90DF6AD,NULL,NULL,1315,"Sr. Michael Estrada Toledo Neto",93139095,3,"Engenharia Mecânica",MEC,2,Tarde,Não
4,2025-01-01,"Tapioca de frango com suco",4,"Lanche da Noite",1,"Campus Cedro",140395,2025-01-01,21:15:00,Sim,Não,Presente,7CAF867EACC6,NULL,NULL,2554,"Thomas Márcio Montenegro",32295509,3,"Engenharia Mecânica",MEC,1,Manhã,Não
4,2025-01-01,"Tapioca de frango com suco",4,"Lanche da Noite",1,"Campus Cedro",135627,2025-01-01,21:16:00,Não,Sim,Cancelada,DFA72AE9B377,NULL,NULL,2466,"Dr. Roberto Zambrano Galvão Filho",95857319,1,"Sistemas de Informação",SI,1,Manhã,Não
4,2025-01-01,"Tapioca de frango com suco",4,"Lanche da Noite",1,"Campus Cedro",119369,2025-01-01,21:18:00,Sim,Não,Presente,45ABA87BB471,NULL,NULL,2175,"Dr. Ziraldo Galindo",82074397,3,"Engenharia Mecânica",MEC,1,Manhã,Não
4,2025-01-01,"Tapioca de frango com suco",4,"Lanche da Noite",1,"Campus Cedro",22389,2025-01-01,21:20:00,Sim,Não,Presente,0AE36FA39C84,NULL,NULL,409,"Paulina Caroline Pereira Sobrinho",14927836,4,"Licenciatura em Matemática",MAT,3,Noite,Não
4,2025-01-01,"Tapioca de frango com suco",4,"Lanche da Noite",1,"Campus Cedro",103339,2025-01-01,21:21:00,Não,Não,Ausente,225A53EAEE57,"Imprevisto pessoal",NULL,1886,"Yohanna Queirós Jr.",91233610,6,"Tecnologo Mecatrônica Industrial",TMI,3,Noite,Não
4,2025-01-01,"Tapioca de frango com suco",4,"Lanche da Noite",1,"Campus Cedro",14420,2025-01-01,21:22:00,Sim,Não,Presente,906B74BEF24F,NULL,NULL,261,"Patrícia Escobar Assunção",93072388,3,"Engenharia Mecânica",MEC,3,Noite,Não
4,2025-01-01,"Tapioca de frango com suco",4,"Lanche da Noite",1,"Campus Cedro",155399,2025-01-01,21:23:00,Sim,Não,Presente,B65CD22889EC,NULL,NULL,2828,"Srta. Ayla Quintana Leon",61721894,5,"Licenciatura em Física",FIS,2,Tarde,Sim
4,2025-01-01,"Tapioca de frango com suco",4,"Lanche da Noite",1,"Campus Cedro",153571,2025-01-01,21:24:00,Sim,Não,Presente,3C706A60804B,NULL,NULL,2795,"Saulo Eduardo Guerra Neto",78456314,2,"Engenharia de Elétrica",EE,1,Manhã,Não
4,2025-01-01,"Tapioca de frango com suco",4,"Lanche da Noite",1,"Campus Cedro",83784,2025-01-01,21:25:00,Sim,Não,Presente,FC28F5E1C4D5,NULL,NULL,1522,"Paloma Batista Balestero Jr.",77041383,6,"Tecnologo Mecatrônica Industrial",TMI,3,Noite,Não
4,2025-01-01,"Tapioca de frango com suco",4,"Lanche da Noite",1,"Campus Cedro",39470,2025-01-01,21:27:00,Sim,Não,Presente,ED019306CD18,NULL,NULL,716,"Sr. Ronaldo Lutero Carvalho",81186145,3,"Engenharia Mecânica",MEC,3,Noite,Não
4,2025-01-01,"Tapioca de frango com suco",4,"Lanche da Noite",1,"Campus Cedro",52779,2025-01-01,21:27:00,Sim,Não,Presente,89247DFF46A7,NULL,NULL,964,"Sérgio Wagner Zamana",42500963,3,"Engenharia Mecânica",MEC,2,Tarde,Sim
4,2025-01-01,"Tapioca de frango com suco",4,"Lanche da Noite",1,"Campus Cedro",68291,2025-01-01,21:27:00,Sim,Não,Presente,D9E055D528D5,NULL,NULL,1245,"Dr. Samuel Denis Godói",93709106,5,"Licenciatura em Física",FIS,3,Noite,Não
4,2025-01-01,"Tapioca de frango com suco",4,"Lanche da Noite",1,"Campus Cedro",131167,2025-01-01,21:27:00,Sim,Não,Presente,EA02F220B911,NULL,NULL,2387,"Sr. Bruno Ferreira Vale",59810703,2,"Engenharia de Elétrica",EE,1,Manhã,Sim
4,2025-01-01,"Tapioca de frango com suco",4,"Lanche da Noite",1,"Campus Cedro",52236,2025-01-01,21:28:00,Sim,Não,Presente,D1CC1E18BA46,NULL,NULL,953,"Sra. Isabel Soto Mascarenhas Jr.",80108235,1,"Sistemas de Informação",SI,2,Tarde,Não
4,2025-01-01,"Tapioca de frango com suco",4,"Lanche da Noite",1,"Campus Cedro",93303,2025-01-01,21:31:00,Sim,Não,Presente,CA2DC981786F,NULL,NULL,1699,"Cezar Paz",87115425,6,"Tecnologo Mecatrônica Industrial",TMI,3,Noite,Não
4,2025-01-01,"Tapioca de frango com suco",4,"Lanche da Noite",1,"Campus Cedro",36153,2025-01-01,21:33:00,Sim,Não,Presente,66B0B9ACF051,NULL,NULL,653,"Dr. Rogério Noel Beltrão Filho",05184208,5,"Licenciatura em Física",FIS,2,Tarde,Não
4,2025-01-01,"Tapioca de frango com suco",4,"Lanche da Noite",1,"Campus Cedro",16514,2025-01-01,21:34:00,Sim,Não,Presente,D016A6871B2B,NULL,NULL,299,"Sr. Nelson Santiago Lovato Filho",25797442,4,"Licenciatura em Matemática",MAT,1,Manhã,Não
4,2025-01-01,"Tapioca de frango com suco",4,"Lanche da Noite",1,"Campus Cedro",107524,2025-01-01,21:35:00,Sim,Não,Presente,AF8D24AFE7FA,NULL,NULL,1963,"Dr. Henrique Verdugo Marin",12599342,1,"Sistemas de Informação",SI,3,Noite,Não
4,2025-01-01,"Tapioca de frango com suco",4,"Lanche da Noite",1,"Campus Cedro",154174,2025-01-01,21:36:00,Sim,Não,Presente,4C7B2EBC5F91,NULL,NULL,2806,"Dr. Jerônimo Evandro Neves Neto",10144941,6,"Tecnologo Mecatrônica Industrial",TMI,2,Tarde,Não
4,2025-01-01,"Tapioca de frango com suco",4,"Lanche da Noite",1,"Campus Cedro",106463,2025-01-01,21:37:00,Sim,Não,Presente,11BE81F7653B,NULL,NULL,1943,"Sra. Michele Kamila Escobar Neto",91627450,1,"Sistemas de Informação",SI,2,Tarde,Não
4,2025-01-01,"Tapioca de frango com suco",4,"Lanche da Noite",1,"Campus Cedro",83953,2025-01-01,21:38:00,Sim,Não,Presente,E9E63035D2D2,NULL,NULL,1525,"Ayla de Aguiar das Dores Sobrinho",41961583,6,"Tecnologo Mecatrônica Industrial",TMI,3,Noite,Não
4,2025-01-01,"Tapioca de frango com suco",4,"Lanche da Noite",1,"Campus Cedro",28187,2025-01-01,21:39:00,Sim,Não,Presente,0565A4F7E1E7,NULL,NULL,510,"Verônica Daiane Soares Jr.",28826583,2,"Engenharia de Elétrica",EE,2,Tarde,Sim
4,2025-01-01,"Tapioca de frango com suco",4,"Lanche da Noite",1,"Campus Cedro",51093,2025-01-01,21:40:00,Sim,Não,Presente,FA6F4DC277E0,NULL,NULL,932,"Everton Delvalle Cordeiro Sobrinho",76167177,2,"Engenharia de Elétrica",EE,2,Tarde,Não
4,2025-01-01,"Tapioca de frango com suco",4,"Lanche da Noite",1,"Campus Cedro",153874,2025-01-01,21:40:00,Sim,Não,Presente,BBF042D0D6E4,NULL,NULL,2801,"Srta. Letícia Meireles Ortiz",64009880,5,"Licenciatura em Física",FIS,3,Noite,Não
4,2025-01-01,"Tapioca de frango com suco",4,"Lanche da Noite",1,"Campus Cedro",39748,2025-01-01,21:43:00,Não,Não,Ausente,0ABA1806EC4D,"Problema de transporte",NULL,721,"Srta. Daiane Leal",86015740,4,"Licenciatura em Matemática",MAT,1,Manhã,Não
4,2025-01-01,"Tapioca de frango com suco",4,"Lanche da Noite",1,"Campus Cedro",104589,2025-01-01,21:49:00,Sim,Não,Presente,E0232C3BE6A7,NULL,NULL,1906,"Dr. Wilson Ronaldo Rodrigues",70027417,5,"Licenciatura em Física",FIS,3,Noite,Não
4,2025-01-01,"Tapioca de frango com suco",4,"Lanche da Noite",1,"Campus Cedro",63673,2025-01-01,21:51:00,Sim,Não,Presente,B0F2335A59BF,NULL,NULL,1165,"Benício Barros",81439013,2,"Engenharia de Elétrica",EE,2,Tarde,Sim
4,2025-01-01,"Tapioca de frango com suco",4,"Lanche da Noite",1,"Campus Cedro",109119,2025-01-01,21:52:00,Sim,Não,Presente,EBBC3D25C515,NULL,NULL,1992,"Thalia Vale Soares Jr.",61224992,4,"Licenciatura em Matemática",MAT,2,Tarde,Sim
4,2025-01-01,"Tapioca de frango com suco",4,"Lanche da Noite",1,"Campus Cedro",130661,2025-01-01,21:54:00,Sim,Não,Presente,D4BED7A06272,NULL,NULL,2378,"Stephany Benites",46276496,5,"Licenciatura em Física",FIS,3,Noite,Não
4,2025-01-01,"Tapioca de frango com suco",4,"Lanche da Noite",1,"Campus Cedro",147174,2025-01-01,21:54:00,Não,Sim,Cancelada,06C6E9B8DCE2,NULL,NULL,2678,"Sr. Marcos Correia Paz Neto",23237144,3,"Engenharia Mecânica",MEC,2,Tarde,Não
4,2025-01-01,"Tapioca de frango com suco",4,"Lanche da Noite",1,"Campus Cedro",41496,2025-01-01,21:57:00,Sim,Não,Presente,A646F3E2542A,NULL,NULL,751,"Dr. Verônica Marques",90210294,6,"Tecnologo Mecatrônica Industrial",TMI,2,Tarde,Sim
4,2025-01-01,"Tapioca de frango com suco",4,"Lanche da Noite",1,"Campus Cedro",53836,2025-01-01,21:58:00,Sim,Não,Presente,18EEAE144DB3,NULL,NULL,986,"Sônia Leal Gonçalves",86999345,4,"Licenciatura em Matemática",MAT,2,Tarde,Não
5,2025-01-02,"Cuscuz com queijo e suco",1,"Lanche da Manhã",1,"Campus Cedro",125981,2025-01-02,07:00:00,Sim,Não,Presente,C43F21FD9FAF,NULL,NULL,2293,"Lara Sarah Pena Filho",58694112,4,"Licenciatura em Matemática",MAT,3,Noite,Não
5,2025-01-02,"Cuscuz com queijo e suco",1,"Lanche da Manhã",1,"Campus Cedro",142273,2025-01-02,07:00:00,Sim,Não,Presente,58DE745309BA,NULL,NULL,2585,"Sr. Saulo Ortega",76904479,2,"Engenharia de Elétrica",EE,1,Manhã,Sim
5,2025-01-02,"Cuscuz com queijo e suco",1,"Lanche da Manhã",1,"Campus Cedro",45792,2025-01-02,07:01:00,Sim,Não,Presente,C71AF4B57ECA,NULL,NULL,831,"Laís Montenegro Neto",40624118,6,"Tecnologo Mecatrônica Industrial",TMI,2,Tarde,Não
5,2025-01-02,"Cuscuz com queijo e suco",1,"Lanche da Manhã",1,"Campus Cedro",139021,2025-01-02,07:03:00,Sim,Não,Presente,D2DAB74BDE7C,NULL,NULL,2530,"Mila Tainara Fonseca Filho",53905501,4,"Licenciatura em Matemática",MAT,1,Manhã,Sim
5,2025-01-02,"Cuscuz com queijo e suco",1,"Lanche da Manhã",1,"Campus Cedro",4315,2025-01-02,07:04:00,Sim,Não,Presente,EE23905D8AA4,NULL,NULL,77,"Jennifer Pena Colaço",08501009,4,"Licenciatura em Matemática",MAT,1,Manhã,Não
5,2025-01-02,"Cuscuz com queijo e suco",1,"Lanche da Manhã",1,"Campus Cedro",27031,2025-01-02,07:04:00,Sim,Não,Presente,E270891B03A5,NULL,NULL,490,"Cristina Velasques Benez",19673142,4,"Licenciatura em Matemática",MAT,1,Manhã,Não
5,2025-01-02,"Cuscuz com queijo e suco",1,"Lanche da Manhã",1,"Campus Cedro",84357,2025-01-02,07:04:00,Sim,Não,Presente,88735732D69F,NULL,NULL,1532,"Rogério Yuri Deverso Jr.",31712625,4,"Licenciatura em Matemática",MAT,2,Tarde,Não
5,2025-01-02,"Cuscuz com queijo e suco",1,"Lanche da Manhã",1,"Campus Cedro",109427,2025-01-02,07:05:00,Sim,Não,Presente,728F8EFB935B,NULL,NULL,1998,"Juliano Paz Campos",74462680,5,"Licenciatura em Física",FIS,2,Tarde,Sim
5,2025-01-02,"Cuscuz com queijo e suco",1,"Lanche da Manhã",1,"Campus Cedro",101316,2025-01-02,07:06:00,Sim,Não,Presente,E4085DD2396D,NULL,NULL,1846,"Jasmin Stephany Rezende Sobrinho",39859347,6,"Tecnologo Mecatrônica Industrial",TMI,1,Manhã,Não
5,2025-01-02,"Cuscuz com queijo e suco",1,"Lanche da Manhã",1,"Campus Cedro",120832,2025-01-02,07:06:00,Sim,Não,Presente,6FA289A39385,NULL,NULL,2200,"Luísa Pedrosa",88709076,6,"Tecnologo Mecatrônica Industrial",TMI,2,Tarde,Não
5,2025-01-02,"Cuscuz com queijo e suco",1,"Lanche da Manhã",1,"Campus Cedro",15113,2025-01-02,07:11:00,Não,Não,Ausente,820E8EABF36E,"Compromisso acadêmico",NULL,275,"Dr. Luana Manuela Padrão",60936538,3,"Engenharia Mecânica",MEC,1,Manhã,Não
5,2025-01-02,"Cuscuz com queijo e suco",1,"Lanche da Manhã",1,"Campus Cedro",110921,2025-01-02,07:11:00,Sim,Não,Presente,E119E9440608,NULL,NULL,2025,"Sr. André Lourenço",11597451,4,"Licenciatura em Matemática",MAT,2,Tarde,Não
5,2025-01-02,"Cuscuz com queijo e suco",1,"Lanche da Manhã",1,"Campus Cedro",20473,2025-01-02,07:12:00,Sim,Não,Presente,32525440F0E3,NULL,NULL,373,"Cléber Fábio Perez",33479286,5,"Licenciatura em Física",FIS,1,Manhã,Não
5,2025-01-02,"Cuscuz com queijo e suco",1,"Lanche da Manhã",1,"Campus Cedro",67146,2025-01-02,07:12:00,Não,Não,Ausente,9CAB14A2BFE9,"Ausência justificada pelo estudante",NULL,1225,"Dr. Isadora Queirós Neto",64857491,1,"Sistemas de Informação",SI,1,Manhã,Não
5,2025-01-02,"Cuscuz com queijo e suco",1,"Lanche da Manhã",1,"Campus Cedro",61981,2025-01-02,07:13:00,Sim,Não,Presente,107CA7612FB6,NULL,NULL,1133,"Antonieta Antonella Rico",95506915,1,"Sistemas de Informação",SI,3,Noite,Sim
5,2025-01-02,"Cuscuz com queijo e suco",1,"Lanche da Manhã",1,"Campus Cedro",86176,2025-01-02,07:15:00,Sim,Não,Presente,033C78AACC5C,NULL,NULL,1566,"Murilo Lovato Cervantes Filho",11466651,2,"Engenharia de Elétrica",EE,3,Noite,Não
5,2025-01-02,"Cuscuz com queijo e suco",1,"Lanche da Manhã",1,"Campus Cedro",124712,2025-01-02,07:15:00,Sim,Não,Presente,FE4316391083,NULL,NULL,2273,"Dr. Cezar Matias",25733537,5,"Licenciatura em Física",FIS,1,Manhã,Não
5,2025-01-02,"Cuscuz com queijo e suco",1,"Lanche da Manhã",1,"Campus Cedro",40271,2025-01-02,07:17:00,Não,Não,Ausente,8B4CBD69A889,"Problema de transporte",NULL,729,"Erik Souza Santos Filho",81305968,3,"Engenharia Mecânica",MEC,3,Noite,Não
5,2025-01-02,"Cuscuz com queijo e suco",1,"Lanche da Manhã",1,"Campus Cedro",14210,2025-01-02,07:18:00,Sim,Não,Presente,43630A844B82,NULL,NULL,257,"Tiago Luan Dias",05688727,2,"Engenharia de Elétrica",EE,3,Noite,Não
5,2025-01-02,"Cuscuz com queijo e suco",1,"Lanche da Manhã",1,"Campus Cedro",149063,2025-01-02,07:18:00,Sim,Não,Presente,B5D5E6B2498A,NULL,NULL,2710,"Dr. Vanessa Diana Vale",17718399,1,"Sistemas de Informação",SI,3,Noite,Não
5,2025-01-02,"Cuscuz com queijo e suco",1,"Lanche da Manhã",1,"Campus Cedro",9877,2025-01-02,07:19:00,Sim,Não,Presente,2C424D773663,NULL,NULL,177,"Thales Gonçalves",60388971,2,"Engenharia de Elétrica",EE,3,Noite,Não
5,2025-01-02,"Cuscuz com queijo e suco",1,"Lanche da Manhã",1,"Campus Cedro",17940,2025-01-02,07:23:00,Sim,Não,Presente,AAF9F11C92BE,NULL,NULL,326,"Dr. Eliane Franco Sobrinho",44546826,5,"Licenciatura em Física",FIS,2,Tarde,Não
5,2025-01-02,"Cuscuz com queijo e suco",1,"Lanche da Manhã",1,"Campus Cedro",83954,2025-01-02,07:25:00,Sim,Não,Presente,1E51FC4E6FC5,NULL,NULL,1525,"Ayla de Aguiar das Dores Sobrinho",41961583,6,"Tecnologo Mecatrônica Industrial",TMI,3,Noite,Não
5,2025-01-02,"Cuscuz com queijo e suco",1,"Lanche da Manhã",1,"Campus Cedro",61639,2025-01-02,07:26:00,Sim,Não,Presente,4C3866F27E64,NULL,NULL,1126,"Renato Lozano de Souza",09454534,4,"Licenciatura em Matemática",MAT,1,Manhã,Sim
5,2025-01-02,"Cuscuz com queijo e suco",1,"Lanche da Manhã",1,"Campus Cedro",60948,2025-01-02,07:27:00,Sim,Não,Presente,2C7E4EF95831,NULL,NULL,1114,"Antônio Saito",12392785,1,"Sistemas de Informação",SI,2,Tarde,Não
5,2025-01-02,"Cuscuz com queijo e suco",1,"Lanche da Manhã",1,"Campus Cedro",37947,2025-01-02,07:28:00,Sim,Não,Presente,26175956D1CC,NULL,NULL,686,"Gabriela Pontes Valência Sobrinho",10582469,1,"Sistemas de Informação",SI,2,Tarde,Não
5,2025-01-02,"Cuscuz com queijo e suco",1,"Lanche da Manhã",1,"Campus Cedro",32514,2025-01-02,07:30:00,Sim,Não,Presente,1D02FF99E55D,NULL,NULL,584,"Igor Danilo Sepúlveda Filho",97379176,2,"Engenharia de Elétrica",EE,1,Manhã,Não
5,2025-01-02,"Cuscuz com queijo e suco",1,"Lanche da Manhã",1,"Campus Cedro",151993,2025-01-02,07:30:00,Sim,Não,Presente,461C955100D4,NULL,NULL,2767,"Horácio Galvão Vasques Filho",80697574,1,"Sistemas de Informação",SI,3,Noite,Não
5,2025-01-02,"Cuscuz com queijo e suco",1,"Lanche da Manhã",1,"Campus Cedro",101751,2025-01-02,07:31:00,Sim,Não,Presente,38766A555411,NULL,NULL,1854,"Srta. Léia Verdugo de Souza Filho",34209719,6,"Tecnologo Mecatrônica Industrial",TMI,1,Manhã,Não
5,2025-01-02,"Cuscuz com queijo e suco",1,"Lanche da Manhã",1,"Campus Cedro",132909,2025-01-02,07:31:00,Sim,Não,Presente,6A64C5CE61C2,NULL,NULL,2416,"Caroline Nádia Casanova",23869403,4,"Licenciatura em Matemática",MAT,2,Tarde,Não
5,2025-01-02,"Cuscuz com queijo e suco",1,"Lanche da Manhã",1,"Campus Cedro",46795,2025-01-02,07:33:00,Sim,Não,Presente,D3BEFFBA2ACC,NULL,NULL,851,"Srta. Agatha Urias Neto",82237896,3,"Engenharia Mecânica",MEC,3,Noite,Não
5,2025-01-02,"Cuscuz com queijo e suco",1,"Lanche da Manhã",1,"Campus Cedro",89119,2025-01-02,07:34:00,Sim,Não,Presente,22AEC8BBBD7D,NULL,NULL,1620,"Sr. Manuel Ian Pontes Jr.",70440807,6,"Tecnologo Mecatrônica Industrial",TMI,3,Noite,Não
5,2025-01-02,"Cuscuz com queijo e suco",1,"Lanche da Manhã",1,"Campus Cedro",20932,2025-01-02,07:35:00,Sim,Não,Presente,BF41AD77276C,NULL,NULL,382,"Hernani Lutero Beltrão Jr.",10095071,5,"Licenciatura em Física",FIS,1,Manhã,Não
5,2025-01-02,"Cuscuz com queijo e suco",1,"Lanche da Manhã",1,"Campus Cedro",21346,2025-01-02,07:35:00,Sim,Não,Presente,5342F540B5D1,NULL,NULL,390,"Dr. Luciano Lucio Sepúlveda",43591032,3,"Engenharia Mecânica",MEC,3,Noite,Sim
5,2025-01-02,"Cuscuz com queijo e suco",1,"Lanche da Manhã",1,"Campus Cedro",113330,2025-01-02,07:38:00,Sim,Não,Presente,F85DDEF0F4BE,NULL,NULL,2068,"Srta. Bárbara Viviane Branco Sobrinho",16397699,6,"Tecnologo Mecatrônica Industrial",TMI,3,Noite,Não
5,2025-01-02,"Cuscuz com queijo e suco",1,"Lanche da Manhã",1,"Campus Cedro",1639,2025-01-02,07:39:00,Sim,Não,Presente,56E9397E00A7,NULL,NULL,30,"Dr. David Ian Lourenço",85750114,5,"Licenciatura em Física",FIS,2,Tarde,Sim
5,2025-01-02,"Cuscuz com queijo e suco",1,"Lanche da Manhã",1,"Campus Cedro",155578,2025-01-02,07:39:00,Sim,Não,Presente,16281CCBFDEC,NULL,NULL,2831,"Dr. Cléber Richard Paes Filho",71090005,1,"Sistemas de Informação",SI,3,Noite,Não
5,2025-01-02,"Cuscuz com queijo e suco",1,"Lanche da Manhã",1,"Campus Cedro",53443,2025-01-02,07:40:00,Sim,Não,Presente,9A13B1A789C6,NULL,NULL,978,"Sra. Pâmela Carvalho Ferminiano Sobrinho",19819996,5,"Licenciatura em Física",FIS,2,Tarde,Não
5,2025-01-02,"Cuscuz com queijo e suco",1,"Lanche da Manhã",1,"Campus Cedro",62844,2025-01-02,07:40:00,Sim,Não,Presente,0C705A551346,NULL,NULL,1149,"Luna da Rosa Jr.",32554465,5,"Licenciatura em Física",FIS,2,Tarde,Não
5,2025-01-02,"Cuscuz com queijo e suco",1,"Lanche da Manhã",1,"Campus Cedro",142383,2025-01-02,07:41:00,Sim,Não,Presente,0C0F8A2217D5,NULL,NULL,2588,"Srta. Thalissa Franco Barreto",14336637,2,"Engenharia de Elétrica",EE,2,Tarde,Não
5,2025-01-02,"Cuscuz com queijo e suco",1,"Lanche da Manhã",1,"Campus Cedro",55996,2025-01-02,07:43:00,Sim,Não,Presente,C12D54A6DFBB,NULL,NULL,1025,"Sr. Nero Deverso",44312127,6,"Tecnologo Mecatrônica Industrial",TMI,2,Tarde,Não
5,2025-01-02,"Cuscuz com queijo e suco",1,"Lanche da Manhã",1,"Campus Cedro",61235,2025-01-02,07:43:00,Sim,Não,Presente,EFF77D49213C,NULL,NULL,1118,"Wellington Garcia",09798073,4,"Licenciatura em Matemática",MAT,2,Tarde,Não
5,2025-01-02,"Cuscuz com queijo e suco",1,"Lanche da Manhã",1,"Campus Cedro",116324,2025-01-02,07:43:00,Não,Não,Ausente,7BB4EAEA061A,"Imprevisto pessoal",NULL,2121,"Ariane Vitória Dias",70514512,4,"Licenciatura em Matemática",MAT,2,Tarde,Não
5,2025-01-02,"Cuscuz com queijo e suco",1,"Lanche da Manhã",1,"Campus Cedro",87763,2025-01-02,07:45:00,Sim,Não,Presente,2002D761555E,NULL,NULL,1595,"Srta. Luna Priscila Serna Jr.",53835564,4,"Licenciatura em Matemática",MAT,2,Tarde,Não
5,2025-01-02,"Cuscuz com queijo e suco",1,"Lanche da Manhã",1,"Campus Cedro",50292,2025-01-02,07:46:00,Sim,Não,Presente,8DF0E438D8BA,NULL,NULL,918,"Sr. Christian Solano Neto",28605272,2,"Engenharia de Elétrica",EE,3,Noite,Não
5,2025-01-02,"Cuscuz com queijo e suco",1,"Lanche da Manhã",1,"Campus Cedro",159191,2025-01-02,07:46:00,Sim,Não,Presente,BFFF3DC598AD,NULL,NULL,2901,"Tiago Ferreira Jr.",74746894,5,"Licenciatura em Física",FIS,2,Tarde,Não
5,2025-01-02,"Cuscuz com queijo e suco",1,"Lanche da Manhã",1,"Campus Cedro",44053,2025-01-02,07:47:00,Não,Sim,Cancelada,5E6D706EA1C0,NULL,NULL,798,"Thomas César Ramos Jr.",72912966,3,"Engenharia Mecânica",MEC,2,Tarde,Não
5,2025-01-02,"Cuscuz com queijo e suco",1,"Lanche da Manhã",1,"Campus Cedro",77670,2025-01-02,07:47:00,Sim,Não,Presente,52678712DC6A,NULL,NULL,1414,"Noel Santos Sobrinho",78643282,4,"Licenciatura em Matemática",MAT,2,Tarde,Não
5,2025-01-02,"Cuscuz com queijo e suco",1,"Lanche da Manhã",1,"Campus Cedro",61024,2025-01-02,07:48:00,Não,Sim,Cancelada,317F6B36D857,NULL,NULL,1115,"Roberto Simon D'ávila Neto",55891998,2,"Engenharia de Elétrica",EE,3,Noite,Não
5,2025-01-02,"Cuscuz com queijo e suco",1,"Lanche da Manhã",1,"Campus Cedro",116218,2025-01-02,07:48:00,Sim,Não,Presente,F90B38A37498,NULL,NULL,2119,"Alexandre Sebastião Gonçalves Neto",09981019,5,"Licenciatura em Física",FIS,1,Manhã,Não
5,2025-01-02,"Cuscuz com queijo e suco",1,"Lanche da Manhã",1,"Campus Cedro",130380,2025-01-02,07:50:00,Não,Sim,Cancelada,B3E9CE4ABC00,NULL,NULL,2374,"Marco Galhardo Balestero",87478218,6,"Tecnologo Mecatrônica Industrial",TMI,3,Noite,Não
5,2025-01-02,"Cuscuz com queijo e suco",1,"Lanche da Manhã",1,"Campus Cedro",21733,2025-01-02,07:51:00,Sim,Não,Presente,711D589EE96F,NULL,NULL,397,"Raysa Ortiz",01449300,3,"Engenharia Mecânica",MEC,2,Tarde,Não
5,2025-01-02,"Cuscuz com queijo e suco",1,"Lanche da Manhã",1,"Campus Cedro",86315,2025-01-02,07:51:00,Sim,Não,Presente,652CF28D3BD6,NULL,NULL,1569,"Horácio Vega Torres Jr.",21785102,4,"Licenciatura em Matemática",MAT,3,Noite,Não
5,2025-01-02,"Cuscuz com queijo e suco",1,"Lanche da Manhã",1,"Campus Cedro",143322,2025-01-02,07:51:00,Sim,Não,Presente,B8617BC6645C,NULL,NULL,2606,"Márcia Marinho Neto",61720570,4,"Licenciatura em Matemática",MAT,2,Tarde,Não
5,2025-01-02,"Cuscuz com queijo e suco",1,"Lanche da Manhã",1,"Campus Cedro",28915,2025-01-02,07:52:00,Sim,Não,Presente,9DDED8D4B90E,NULL,NULL,523,"Dr. Sebastião Cristóvão Cordeiro",01974541,4,"Licenciatura em Matemática",MAT,3,Noite,Não
5,2025-01-02,"Cuscuz com queijo e suco",1,"Lanche da Manhã",1,"Campus Cedro",35330,2025-01-02,07:52:00,Sim,Não,Presente,DDC162B72858,NULL,NULL,636,"Luiza Flores",69508314,5,"Licenciatura em Física",FIS,2,Tarde,Não
5,2025-01-02,"Cuscuz com queijo e suco",1,"Lanche da Manhã",1,"Campus Cedro",98934,2025-01-02,07:53:00,Sim,Não,Presente,6498E1F81985,NULL,NULL,1803,"Mari Hortência Escobar Sobrinho",89714915,1,"Sistemas de Informação",SI,3,Noite,Não
5,2025-01-02,"Cuscuz com queijo e suco",1,"Lanche da Manhã",1,"Campus Cedro",10837,2025-01-02,07:54:00,Não,Sim,Cancelada,7FBAB591C419,NULL,NULL,195,"Bruna Vasques",81747623,3,"Engenharia Mecânica",MEC,3,Noite,Não
5,2025-01-02,"Cuscuz com queijo e suco",1,"Lanche da Manhã",1,"Campus Cedro",32676,2025-01-02,07:54:00,Sim,Não,Presente,F52FE09D24CA,NULL,NULL,587,"Dr. Samuel Christopher Faria",43234705,3,"Engenharia Mecânica",MEC,2,Tarde,Não
5,2025-01-02,"Cuscuz com queijo e suco",1,"Lanche da Manhã",1,"Campus Cedro",137670,2025-01-02,07:54:00,Sim,Não,Presente,E97F9977984B,NULL,NULL,2506,"Marco James Fernandes",81689658,3,"Engenharia Mecânica",MEC,1,Manhã,Não
5,2025-01-02,"Cuscuz com queijo e suco",1,"Lanche da Manhã",1,"Campus Cedro",92598,2025-01-02,07:56:00,Sim,Não,Presente,36CB1ADC0B1B,NULL,NULL,1685,"Dr. Antônio Rios",77756616,1,"Sistemas de Informação",SI,3,Noite,Não
5,2025-01-02,"Cuscuz com queijo e suco",1,"Lanche da Manhã",1,"Campus Cedro",118858,2025-01-02,07:56:00,Sim,Não,Presente,B3DAE60170CE,NULL,NULL,2166,"Dr. Rogério Luiz Sepúlveda Filho",13267604,5,"Licenciatura em Física",FIS,2,Tarde,Não
5,2025-01-02,"Cuscuz com queijo e suco",1,"Lanche da Manhã",1,"Campus Cedro",66784,2025-01-02,07:57:00,Sim,Não,Presente,14D7649E4FCC,NULL,NULL,1219,"Dr. Isabella Kamila Vale Jr.",42981436,2,"Engenharia de Elétrica",EE,3,Noite,Não
5,2025-01-02,"Cuscuz com queijo e suco",1,"Lanche da Manhã",1,"Campus Cedro",45332,2025-01-02,07:58:00,Sim,Não,Presente,303609C76B4D,NULL,NULL,821,"Thalia Joyce Vale Sobrinho",58930752,2,"Engenharia de Elétrica",EE,1,Manhã,Não
5,2025-01-02,"Cuscuz com queijo e suco",1,"Lanche da Manhã",1,"Campus Cedro",116430,2025-01-02,07:59:00,Sim,Não,Presente,E55A4653C0A8,NULL,NULL,2124,"Sr. Emerson Ramos Furtado Sobrinho",78088295,5,"Licenciatura em Física",FIS,2,Tarde,Não
5,2025-01-02,"Cuscuz com queijo e suco",1,"Lanche da Manhã",1,"Campus Cedro",129971,2025-01-02,08:00:00,Sim,Não,Presente,5E8AB942693B,NULL,NULL,2366,"Sr. Alessandro Urias Sanches Jr.",63148388,2,"Engenharia de Elétrica",EE,1,Manhã,Não
5,2025-01-02,"Cuscuz com queijo e suco",1,"Lanche da Manhã",1,"Campus Cedro",37108,2025-01-02,08:05:00,Sim,Não,Presente,2F63B4806B87,NULL,NULL,670,"Breno Azevedo Padilha Neto",16566303,3,"Engenharia Mecânica",MEC,2,Tarde,Não
5,2025-01-02,"Cuscuz com queijo e suco",1,"Lanche da Manhã",1,"Campus Cedro",34475,2025-01-02,08:06:00,Sim,Não,Presente,9E10F628AFF2,NULL,NULL,620,"Dr. Thalita Luara Galhardo",11791481,1,"Sistemas de Informação",SI,1,Manhã,Não
5,2025-01-02,"Cuscuz com queijo e suco",1,"Lanche da Manhã",1,"Campus Cedro",159440,2025-01-02,08:06:00,Não,Sim,Cancelada,0DD1138FA91E,NULL,NULL,2905,"Sr. Evandro Chaves Sobrinho",13117948,4,"Licenciatura em Matemática",MAT,1,Manhã,Não
5,2025-01-02,"Cuscuz com queijo e suco",1,"Lanche da Manhã",1,"Campus Cedro",36635,2025-01-02,08:09:00,Sim,Não,Presente,9282E6FE4C57,NULL,NULL,661,"Luna Soares Chaves",41935035,6,"Tecnologo Mecatrônica Industrial",TMI,3,Noite,Não
5,2025-01-02,"Cuscuz com queijo e suco",1,"Lanche da Manhã",1,"Campus Cedro",142050,2025-01-02,08:10:00,Sim,Não,Presente,E07B89D368D3,NULL,NULL,2582,"Sr. Miguel Godói Jr.",28771434,6,"Tecnologo Mecatrônica Industrial",TMI,1,Manhã,Não
5,2025-01-02,"Cuscuz com queijo e suco",1,"Lanche da Manhã",1,"Campus Cedro",142913,2025-01-02,08:11:00,Não,Não,Ausente,E548D87301E0,"Imprevisto pessoal",NULL,2598,"Elis Cervantes de Souza Neto",53788862,6,"Tecnologo Mecatrônica Industrial",TMI,1,Manhã,Não
5,2025-01-02,"Cuscuz com queijo e suco",1,"Lanche da Manhã",1,"Campus Cedro",97791,2025-01-02,08:15:00,Sim,Não,Presente,FB6C50E25AA8,NULL,NULL,1782,"Sr. Cristian Pacheco Barreto Neto",93437132,2,"Engenharia de Elétrica",EE,3,Noite,Não
5,2025-01-02,"Cuscuz com queijo e suco",1,"Lanche da Manhã",1,"Campus Cedro",6648,2025-01-02,08:16:00,Sim,Não,Presente,D40232D5D89E,NULL,NULL,119,"Dr. David Rezende Rosa Jr.",39543105,6,"Tecnologo Mecatrônica Industrial",TMI,3,Noite,Não
5,2025-01-02,"Cuscuz com queijo e suco",1,"Lanche da Manhã",1,"Campus Cedro",11922,2025-01-02,08:16:00,Sim,Não,Presente,C5A6B37F4059,NULL,NULL,214,"Dr. Paulo Reinaldo Caldeira",53495699,1,"Sistemas de Informação",SI,1,Manhã,Não
5,2025-01-02,"Cuscuz com queijo e suco",1,"Lanche da Manhã",1,"Campus Cedro",159585,2025-01-02,08:17:00,Não,Não,Ausente,7B7477EC2A5A,"Problema de transporte",NULL,2908,"Srta. Eloah Lourenço Filho",28979188,2,"Engenharia de Elétrica",EE,3,Noite,Não
5,2025-01-02,"Cuscuz com queijo e suco",1,"Lanche da Manhã",1,"Campus Cedro",6521,2025-01-02,08:18:00,Sim,Não,Presente,6B85E2E91426,NULL,NULL,117,"Dr. Alexandre Delvalle",77080713,5,"Licenciatura em Física",FIS,1,Manhã,Não
5,2025-01-02,"Cuscuz com queijo e suco",1,"Lanche da Manhã",1,"Campus Cedro",46832,2025-01-02,08:21:00,Sim,Não,Presente,41E33C06B884,NULL,NULL,852,"Sr. Christian Martines Casanova",48112675,3,"Engenharia Mecânica",MEC,1,Manhã,Não
5,2025-01-02,"Cuscuz com queijo e suco",1,"Lanche da Manhã",1,"Campus Cedro",140801,2025-01-02,08:21:00,Sim,Não,Presente,BF835FA76137,NULL,NULL,2561,"Sr. Samuel Souza Flores Sobrinho",71019004,1,"Sistemas de Informação",SI,1,Manhã,Não
5,2025-01-02,"Cuscuz com queijo e suco",1,"Lanche da Manhã",1,"Campus Cedro",112392,2025-01-02,08:23:00,Sim,Não,Presente,28FB84CD7D72,NULL,NULL,2052,"Evandro Padrão Filho",54358732,4,"Licenciatura em Matemática",MAT,2,Tarde,Não
5,2025-01-02,"Cuscuz com queijo e suco",1,"Lanche da Manhã",1,"Campus Cedro",78381,2025-01-02,08:25:00,Não,Sim,Cancelada,1B8491470847,NULL,NULL,1427,"Sra. Naomi de Freitas Rosa",46340807,1,"Sistemas de Informação",SI,3,Noite,Não
5,2025-01-02,"Cuscuz com queijo e suco",1,"Lanche da Manhã",1,"Campus Cedro",96625,2025-01-02,08:25:00,Sim,Não,Presente,AFE100288E8E,NULL,NULL,1761,"Dr. Samuel Santana Velasques",22899724,3,"Engenharia Mecânica",MEC,1,Manhã,Não
5,2025-01-02,"Cuscuz com queijo e suco",1,"Lanche da Manhã",1,"Campus Cedro",83487,2025-01-02,08:29:00,Sim,Não,Presente,23D9EE6F2CA7,NULL,NULL,1518,"Sarah Sueli Guerra",32978913,3,"Engenharia Mecânica",MEC,3,Noite,Não
5,2025-01-02,"Cuscuz com queijo e suco",1,"Lanche da Manhã",1,"Campus Cedro",31353,2025-01-02,08:30:00,Não,Sim,Cancelada,1A4D40A10A88,NULL,NULL,564,"Srta. Dirce Katherine Queirós Jr.",13265073,5,"Licenciatura em Física",FIS,2,Tarde,Não
5,2025-01-02,"Cuscuz com queijo e suco",1,"Lanche da Manhã",1,"Campus Cedro",24736,2025-01-02,08:32:00,Sim,Não,Presente,326E9BDB8F45,NULL,NULL,449,"Sra. Ruth Souza",74210463,1,"Sistemas de Informação",SI,1,Manhã,Não
5,2025-01-02,"Cuscuz com queijo e suco",1,"Lanche da Manhã",1,"Campus Cedro",78677,2025-01-02,08:32:00,Sim,Não,Presente,968FC700ED10,NULL,NULL,1432,"Srta. Gabriela Correia Jr.",58560492,6,"Tecnologo Mecatrônica Industrial",TMI,2,Tarde,Não
5,2025-01-02,"Cuscuz com queijo e suco",1,"Lanche da Manhã",1,"Campus Cedro",153351,2025-01-02,08:34:00,Sim,Não,Presente,179ABB0FC9EA,NULL,NULL,2791,"Thalissa Gabriela Balestero",65143107,1,"Sistemas de Informação",SI,1,Manhã,Não
5,2025-01-02,"Cuscuz com queijo e suco",1,"Lanche da Manhã",1,"Campus Cedro",54298,2025-01-02,08:36:00,Sim,Não,Presente,1E137A5005F6,NULL,NULL,994,"Dr. Wagner Teles Serrano Sobrinho",62336493,3,"Engenharia Mecânica",MEC,2,Tarde,Não
5,2025-01-02,"Cuscuz com queijo e suco",1,"Lanche da Manhã",1,"Campus Cedro",135052,2025-01-02,08:37:00,Sim,Não,Presente,4067331458A5,NULL,NULL,2456,"Sr. Raphael Pontes Jr.",13021871,5,"Licenciatura em Física",FIS,2,Tarde,Não
5,2025-01-02,"Cuscuz com queijo e suco",1,"Lanche da Manhã",1,"Campus Cedro",115082,2025-01-02,08:38:00,Sim,Não,Presente,32C68365777E,NULL,NULL,2099,"Dr. Adriele Pacheco Estrada Filho",48822043,2,"Engenharia de Elétrica",EE,2,Tarde,Não
5,2025-01-02,"Cuscuz com queijo e suco",1,"Lanche da Manhã",1,"Campus Cedro",112666,2025-01-02,08:39:00,Sim,Não,Presente,A3AEEBB65603,NULL,NULL,2056,"Ricardo Soto",88910300,4,"Licenciatura em Matemática",MAT,3,Noite,Não
5,2025-01-02,"Cuscuz com queijo e suco",1,"Lanche da Manhã",1,"Campus Cedro",122933,2025-01-02,08:39:00,Não,Não,Ausente,AC72F3FB0EBE,"Compromisso acadêmico",NULL,2237,"Srta. Sheila Serrano Sanches",14876611,6,"Tecnologo Mecatrônica Industrial",TMI,3,Noite,Não
5,2025-01-02,"Cuscuz com queijo e suco",1,"Lanche da Manhã",1,"Campus Cedro",47307,2025-01-02,08:40:00,Sim,Não,Presente,8E71F2E452C1,NULL,NULL,861,"Larissa Escobar de Aguiar",84788595,1,"Sistemas de Informação",SI,1,Manhã,Não
5,2025-01-02,"Cuscuz com queijo e suco",1,"Lanche da Manhã",1,"Campus Cedro",100199,2025-01-02,08:40:00,Sim,Não,Presente,2166EB20AED5,NULL,NULL,1825,"Gael Montenegro Cervantes Neto",79080306,6,"Tecnologo Mecatrônica Industrial",TMI,3,Noite,Não
5,2025-01-02,"Cuscuz com queijo e suco",1,"Lanche da Manhã",1,"Campus Cedro",152208,2025-01-02,08:40:00,Sim,Não,Presente,8C03D94E2516,NULL,NULL,2771,"Dr. Pedro Santana Santana",90037804,6,"Tecnologo Mecatrônica Industrial",TMI,3,Noite,Não
5,2025-01-02,"Cuscuz com queijo e suco",1,"Lanche da Manhã",1,"Campus Cedro",96059,2025-01-02,08:42:00,Sim,Não,Presente,8C61180F7C68,NULL,NULL,1750,"Karina Neves Paes Jr.",75438177,4,"Licenciatura em Matemática",MAT,3,Noite,Não
5,2025-01-02,"Cuscuz com queijo e suco",1,"Lanche da Manhã",1,"Campus Cedro",153806,2025-01-02,08:44:00,Sim,Não,Presente,F4FBE2EE76A8,NULL,NULL,2800,"Eva Correia Madeira Neto",39582029,6,"Tecnologo Mecatrônica Industrial",TMI,3,Noite,Não
5,2025-01-02,"Cuscuz com queijo e suco",1,"Lanche da Manhã",1,"Campus Cedro",162449,2025-01-02,08:44:00,Sim,Não,Presente,E9AE7E7325EC,NULL,NULL,2965,"Dr. Pérola Marília Caldeira",54823417,3,"Engenharia Mecânica",MEC,1,Manhã,Sim
5,2025-01-02,"Cuscuz com queijo e suco",1,"Lanche da Manhã",1,"Campus Cedro",22290,2025-01-02,08:46:00,Sim,Não,Presente,2662748B9553,NULL,NULL,407,"Dr. Angélica Thalia Maldonado Filho",88984235,2,"Engenharia de Elétrica",EE,2,Tarde,Não
5,2025-01-02,"Cuscuz com queijo e suco",1,"Lanche da Manhã",1,"Campus Cedro",73110,2025-01-02,08:46:00,Sim,Não,Presente,E3D688A9E1D6,NULL,NULL,1331,"Sra. Thalita Dominato Serra",74426659,5,"Licenciatura em Física",FIS,3,Noite,Não
5,2025-01-02,"Cuscuz com queijo e suco",1,"Lanche da Manhã",1,"Campus Cedro",144441,2025-01-02,08:47:00,Sim,Não,Presente,5D9E6FA1F011,NULL,NULL,2626,"Isabella Gil Salas",32302709,6,"Tecnologo Mecatrônica Industrial",TMI,3,Noite,Não
5,2025-01-02,"Cuscuz com queijo e suco",1,"Lanche da Manhã",1,"Campus Cedro",56152,2025-01-02,08:49:00,Sim,Não,Presente,DD6FBFECB534,NULL,NULL,1027,"Kamila Salazar Jr.",12128330,3,"Engenharia Mecânica",MEC,3,Noite,Não
5,2025-01-02,"Cuscuz com queijo e suco",1,"Lanche da Manhã",1,"Campus Cedro",161754,2025-01-02,08:50:00,Não,Não,Ausente,40E8573EA603,"Compromisso acadêmico",NULL,2953,"Fernanda Janaina Grego Neto",25267838,3,"Engenharia Mecânica",MEC,2,Tarde,Não
5,2025-01-02,"Cuscuz com queijo e suco",1,"Lanche da Manhã",1,"Campus Cedro",143429,2025-01-02,08:51:00,Sim,Não,Presente,AC0F5CBE6AA2,NULL,NULL,2608,"Dr. Júlio Beltrão",67757955,5,"Licenciatura em Física",FIS,3,Noite,Não
5,2025-01-02,"Cuscuz com queijo e suco",1,"Lanche da Manhã",1,"Campus Cedro",11418,2025-01-02,08:52:00,Sim,Não,Presente,F3919D7A34F6,NULL,NULL,205,"Léia Allison Valente",77722284,3,"Engenharia Mecânica",MEC,1,Manhã,Não
5,2025-01-02,"Cuscuz com queijo e suco",1,"Lanche da Manhã",1,"Campus Cedro",66156,2025-01-02,08:52:00,Sim,Não,Presente,B83568729186,NULL,NULL,1208,"Emiliano Rogério Santos Jr.",36115486,6,"Tecnologo Mecatrônica Industrial",TMI,1,Manhã,Não
5,2025-01-02,"Cuscuz com queijo e suco",1,"Lanche da Manhã",1,"Campus Cedro",113199,2025-01-02,08:53:00,Sim,Não,Presente,F1091299B70F,NULL,NULL,2066,"Tâmara Bonilha Burgos Jr.",26198169,3,"Engenharia Mecânica",MEC,2,Tarde,Sim
5,2025-01-02,"Cuscuz com queijo e suco",1,"Lanche da Manhã",1,"Campus Cedro",37453,2025-01-02,08:56:00,Sim,Não,Presente,7F00F1ABB577,NULL,NULL,677,"Sra. Emília Vieira Jr.",77601059,5,"Licenciatura em Física",FIS,3,Noite,Não
5,2025-01-02,"Cuscuz com queijo e suco",1,"Lanche da Manhã",1,"Campus Cedro",101677,2025-01-02,08:56:00,Sim,Não,Presente,79F635914820,NULL,NULL,1853,"Luciano de Aguiar",72972288,3,"Engenharia Mecânica",MEC,1,Manhã,Não
5,2025-01-02,"Cuscuz com queijo e suco",1,"Lanche da Manhã",1,"Campus Cedro",102555,2025-01-02,08:56:00,Não,Sim,Cancelada,1DBD63C54DC0,NULL,NULL,1870,"Alícia Carvalho Filho",65365159,2,"Engenharia de Elétrica",EE,2,Tarde,Não
5,2025-01-02,"Cuscuz com queijo e suco",1,"Lanche da Manhã",1,"Campus Cedro",102784,2025-01-02,08:56:00,Sim,Não,Presente,41FD331626D6,NULL,NULL,1875,"Srta. Betina Maya Uchoa",95587897,2,"Engenharia de Elétrica",EE,2,Tarde,Não
5,2025-01-02,"Cuscuz com queijo e suco",1,"Lanche da Manhã",1,"Campus Cedro",163100,2025-01-02,08:56:00,Sim,Não,Presente,B5C38C8D6F55,NULL,NULL,2977,"Dr. Naomi Rosa",37636270,3,"Engenharia Mecânica",MEC,2,Tarde,Não
5,2025-01-02,"Cuscuz com queijo e suco",1,"Lanche da Manhã",1,"Campus Cedro",19458,2025-01-02,08:57:00,Sim,Não,Presente,183760372197,NULL,NULL,354,"Wilson Gusmão Neto",89964548,6,"Tecnologo Mecatrônica Industrial",TMI,2,Tarde,Não
5,2025-01-02,"Cuscuz com queijo e suco",1,"Lanche da Manhã",1,"Campus Cedro",60697,2025-01-02,08:58:00,Não,Sim,Cancelada,2FBDF81E41EA,NULL,NULL,1110,"Sr. Emílio de Freitas Aguiar Sobrinho",62734468,4,"Licenciatura em Matemática",MAT,2,Tarde,Não
6,2025-01-02,"Arroz, feijão, carne cozida, macarrão e salada",2,Almoço,1,"Campus Cedro",78501,2025-01-02,11:02:00,Sim,Não,Presente,D491A08794E6,NULL,NULL,1429,"Srta. Marina Faria Sobrinho",52432376,3,"Engenharia Mecânica",MEC,2,Tarde,Não
6,2025-01-02,"Arroz, feijão, carne cozida, macarrão e salada",2,Almoço,1,"Campus Cedro",97858,2025-01-02,11:02:00,Sim,Não,Presente,875AE2130C7F,NULL,NULL,1783,"Sr. David Esteves",20345192,6,"Tecnologo Mecatrônica Industrial",TMI,3,Noite,Não
6,2025-01-02,"Arroz, feijão, carne cozida, macarrão e salada",2,Almoço,1,"Campus Cedro",137185,2025-01-02,11:03:00,Sim,Não,Presente,A4ABA8D9AC38,NULL,NULL,2495,"Bella Jasmin Grego Neto",29860366,3,"Engenharia Mecânica",MEC,3,Noite,Não
6,2025-01-02,"Arroz, feijão, carne cozida, macarrão e salada",2,Almoço,1,"Campus Cedro",137881,2025-01-02,11:06:00,Sim,Não,Presente,30C04270238E,NULL,NULL,2510,"Sra. Kamila Marés Cervantes Filho",45488673,5,"Licenciatura em Física",FIS,2,Tarde,Não
6,2025-01-02,"Arroz, feijão, carne cozida, macarrão e salada",2,Almoço,1,"Campus Cedro",88636,2025-01-02,11:09:00,Sim,Não,Presente,0CAD19F788C3,NULL,NULL,1612,"Valentin Mendonça Sobrinho",01139920,5,"Licenciatura em Física",FIS,1,Manhã,Não
6,2025-01-02,"Arroz, feijão, carne cozida, macarrão e salada",2,Almoço,1,"Campus Cedro",27245,2025-01-02,11:10:00,Sim,Não,Presente,05A5A3420622,NULL,NULL,494,"Mirella Cervantes",62083020,6,"Tecnologo Mecatrônica Industrial",TMI,3,Noite,Sim
6,2025-01-02,"Arroz, feijão, carne cozida, macarrão e salada",2,Almoço,1,"Campus Cedro",95072,2025-01-02,11:10:00,Sim,Não,Presente,0A5BC2A96380,NULL,NULL,1733,"Luciana Leon",49761347,3,"Engenharia Mecânica",MEC,1,Manhã,Sim
6,2025-01-02,"Arroz, feijão, carne cozida, macarrão e salada",2,Almoço,1,"Campus Cedro",93997,2025-01-02,11:11:00,Sim,Não,Presente,159FA7A6ADA7,NULL,NULL,1713,"Noel Valentin",31889084,6,"Tecnologo Mecatrônica Industrial",TMI,3,Noite,Não
6,2025-01-02,"Arroz, feijão, carne cozida, macarrão e salada",2,Almoço,1,"Campus Cedro",162061,2025-01-02,11:11:00,Sim,Não,Presente,E3C2ACB0B9BD,NULL,NULL,2958,"Srta. Sophia de Freitas Jr.",90677486,2,"Engenharia de Elétrica",EE,1,Manhã,Não
6,2025-01-02,"Arroz, feijão, carne cozida, macarrão e salada",2,Almoço,1,"Campus Cedro",150627,2025-01-02,11:14:00,Não,Não,Ausente,CF7DADC13698,"Problema de saúde",NULL,2740,"César José Ferreira Sobrinho",67893102,1,"Sistemas de Informação",SI,2,Tarde,Não
6,2025-01-02,"Arroz, feijão, carne cozida, macarrão e salada",2,Almoço,1,"Campus Cedro",42576,2025-01-02,11:15:00,Não,Não,Ausente,77BB74DD2EFC,"Problema de saúde",NULL,771,"Miriam Valente Neto",49939719,5,"Licenciatura em Física",FIS,2,Tarde,Não
6,2025-01-02,"Arroz, feijão, carne cozida, macarrão e salada",2,Almoço,1,"Campus Cedro",164275,2025-01-02,11:15:00,Sim,Não,Presente,0FD4054CFA1F,NULL,NULL,2998,"Sr. Fabrício Gabriel Mascarenhas",92450925,2,"Engenharia de Elétrica",EE,2,Tarde,Não
6,2025-01-02,"Arroz, feijão, carne cozida, macarrão e salada",2,Almoço,1,"Campus Cedro",79686,2025-01-02,11:16:00,Não,Não,Ausente,DB6A80372A46,"Compromisso acadêmico",NULL,1448,"Sra. Larissa de Freitas Aragão Neto",90164201,6,"Tecnologo Mecatrônica Industrial",TMI,2,Tarde,Não
6,2025-01-02,"Arroz, feijão, carne cozida, macarrão e salada",2,Almoço,1,"Campus Cedro",105370,2025-01-02,11:17:00,Sim,Não,Presente,17E7C23A8DCF,NULL,NULL,1922,"Olívia Carrara Ferreira Sobrinho",21979057,1,"Sistemas de Informação",SI,3,Noite,Não
6,2025-01-02,"Arroz, feijão, carne cozida, macarrão e salada",2,Almoço,1,"Campus Cedro",116255,2025-01-02,11:17:00,Sim,Não,Presente,21CEA4D99800,NULL,NULL,2120,"Dr. Dante D'ávila",04796377,6,"Tecnologo Mecatrônica Industrial",TMI,2,Tarde,Sim
6,2025-01-02,"Arroz, feijão, carne cozida, macarrão e salada",2,Almoço,1,"Campus Cedro",105466,2025-01-02,11:18:00,Sim,Não,Presente,C9D57398BAC3,NULL,NULL,1924,"Wilson Rivera Filho",79663549,4,"Licenciatura em Matemática",MAT,2,Tarde,Não
6,2025-01-02,"Arroz, feijão, carne cozida, macarrão e salada",2,Almoço,1,"Campus Cedro",102663,2025-01-02,11:19:00,Não,Sim,Cancelada,93A3A7DDC34D,NULL,NULL,1872,"Sra. Caroline Samara de Freitas",73872979,3,"Engenharia Mecânica",MEC,3,Noite,Não
6,2025-01-02,"Arroz, feijão, carne cozida, macarrão e salada",2,Almoço,1,"Campus Cedro",66685,2025-01-02,11:20:00,Sim,Não,Presente,B2E9A169A3CA,NULL,NULL,1217,"Srta. Karine Zaragoça",56320700,5,"Licenciatura em Física",FIS,3,Noite,Não
6,2025-01-02,"Arroz, feijão, carne cozida, macarrão e salada",2,Almoço,1,"Campus Cedro",114398,2025-01-02,11:20:00,Sim,Não,Presente,5DC63F18AE76,NULL,NULL,2087,"Clara Jimenes Caldeira Jr.",27022443,1,"Sistemas de Informação",SI,3,Noite,Sim
6,2025-01-02,"Arroz, feijão, carne cozida, macarrão e salada",2,Almoço,1,"Campus Cedro",154397,2025-01-02,11:21:00,Sim,Não,Presente,35E7D251EA1E,NULL,NULL,2810,"Sra. Elizabeth Helena Grego",72607761,6,"Tecnologo Mecatrônica Industrial",TMI,3,Noite,Sim
6,2025-01-02,"Arroz, feijão, carne cozida, macarrão e salada",2,Almoço,1,"Campus Cedro",63118,2025-01-02,11:22:00,Sim,Não,Presente,D13DCEB8E817,NULL,NULL,1155,"Dr. Nero Benites",00463501,4,"Licenciatura em Matemática",MAT,2,Tarde,Não
6,2025-01-02,"Arroz, feijão, carne cozida, macarrão e salada",2,Almoço,1,"Campus Cedro",30108,2025-01-02,11:23:00,Sim,Não,Presente,F64B7CE004BA,NULL,NULL,542,"Dr. Luan Deivid Amaral",82662432,2,"Engenharia de Elétrica",EE,3,Noite,Não
6,2025-01-02,"Arroz, feijão, carne cozida, macarrão e salada",2,Almoço,1,"Campus Cedro",42791,2025-01-02,11:27:00,Sim,Não,Presente,8D3B8E5A3B29,NULL,NULL,775,"Ellen Balestero Serra Sobrinho",62168598,4,"Licenciatura em Matemática",MAT,3,Noite,Sim
6,2025-01-02,"Arroz, feijão, carne cozida, macarrão e salada",2,Almoço,1,"Campus Cedro",127165,2025-01-02,11:27:00,Sim,Não,Presente,1C17D9F6DE2F,NULL,NULL,2313,"Dr. Kauan Leon",05376891,6,"Tecnologo Mecatrônica Industrial",TMI,2,Tarde,Não
6,2025-01-02,"Arroz, feijão, carne cozida, macarrão e salada",2,Almoço,1,"Campus Cedro",108730,2025-01-02,11:31:00,Sim,Não,Presente,1BC40F9A3A99,NULL,NULL,1985,"Dr. Cauan Furtado",97140484,3,"Engenharia Mecânica",MEC,2,Tarde,Não
6,2025-01-02,"Arroz, feijão, carne cozida, macarrão e salada",2,Almoço,1,"Campus Cedro",2241,2025-01-02,11:32:00,Sim,Não,Presente,45702AD818A6,NULL,NULL,41,"Dr. Gean Ferreira",79335268,3,"Engenharia Mecânica",MEC,3,Noite,Não
6,2025-01-02,"Arroz, feijão, carne cozida, macarrão e salada",2,Almoço,1,"Campus Cedro",54747,2025-01-02,11:32:00,Sim,Não,Presente,E01A301A39C9,NULL,NULL,1002,"Luiz Bittencourt Sobrinho",64065656,6,"Tecnologo Mecatrônica Industrial",TMI,3,Noite,Não
6,2025-01-02,"Arroz, feijão, carne cozida, macarrão e salada",2,Almoço,1,"Campus Cedro",65239,2025-01-02,11:32:00,Sim,Não,Presente,37A244C76939,NULL,NULL,1193,"Téo Fábio Verdugo",84475596,2,"Engenharia de Elétrica",EE,3,Noite,Não
6,2025-01-02,"Arroz, feijão, carne cozida, macarrão e salada",2,Almoço,1,"Campus Cedro",74635,2025-01-02,11:32:00,Sim,Não,Presente,3965093ABFA9,NULL,NULL,1359,"Cauan Teles Valente",47279135,5,"Licenciatura em Física",FIS,3,Noite,Não
6,2025-01-02,"Arroz, feijão, carne cozida, macarrão e salada",2,Almoço,1,"Campus Cedro",78609,2025-01-02,11:32:00,Não,Não,Ausente,A817D811EFFC,"Imprevisto pessoal",NULL,1431,"Srta. Tessália Lorena Assunção",84128169,3,"Engenharia Mecânica",MEC,1,Manhã,Não
6,2025-01-02,"Arroz, feijão, carne cozida, macarrão e salada",2,Almoço,1,"Campus Cedro",106928,2025-01-02,11:32:00,Sim,Não,Presente,9840C29EB4CF,NULL,NULL,1952,"Sra. Noa Delvalle Marés",95457909,6,"Tecnologo Mecatrônica Industrial",TMI,2,Tarde,Não
6,2025-01-02,"Arroz, feijão, carne cozida, macarrão e salada",2,Almoço,1,"Campus Cedro",150562,2025-01-02,11:32:00,Sim,Não,Presente,41E101981EE4,NULL,NULL,2738,"Sr. Davi Padrão Ferreira",68782836,6,"Tecnologo Mecatrônica Industrial",TMI,2,Tarde,Não
6,2025-01-02,"Arroz, feijão, carne cozida, macarrão e salada",2,Almoço,1,"Campus Cedro",155976,2025-01-02,11:33:00,Sim,Não,Presente,7515B605E9A1,NULL,NULL,2839,"Dr. William Luiz Serra Neto",35859338,2,"Engenharia de Elétrica",EE,1,Manhã,Não
6,2025-01-02,"Arroz, feijão, carne cozida, macarrão e salada",2,Almoço,1,"Campus Cedro",56814,2025-01-02,11:35:00,Não,Não,Ausente,8ED1D1741EB9,"Ausência justificada pelo estudante",NULL,1040,"Srta. Liz Pedrosa Santos",07562936,5,"Licenciatura em Física",FIS,1,Manhã,Não
6,2025-01-02,"Arroz, feijão, carne cozida, macarrão e salada",2,Almoço,1,"Campus Cedro",114977,2025-01-02,11:35:00,Sim,Não,Presente,A1FC7637C055,NULL,NULL,2097,"Dr. Antônio Barreto",68356362,1,"Sistemas de Informação",SI,3,Noite,Não
6,2025-01-02,"Arroz, feijão, carne cozida, macarrão e salada",2,Almoço,1,"Campus Cedro",144317,2025-01-02,11:36:00,Sim,Não,Presente,BF7BFBDD8E09,NULL,NULL,2624,"Dr. Gustavo Faro Garcia Jr.",85132677,6,"Tecnologo Mecatrônica Industrial",TMI,1,Manhã,Não
6,2025-01-02,"Arroz, feijão, carne cozida, macarrão e salada",2,Almoço,1,"Campus Cedro",144625,2025-01-02,11:36:00,Sim,Não,Presente,27F20E78A6F7,NULL,NULL,2630,"Suellen Solano Carmona",91041669,3,"Engenharia Mecânica",MEC,2,Tarde,Sim
6,2025-01-02,"Arroz, feijão, carne cozida, macarrão e salada",2,Almoço,1,"Campus Cedro",135718,2025-01-02,11:37:00,Sim,Não,Presente,1366C49D55ED,NULL,NULL,2468,"Emerson Lourenço",99153187,5,"Licenciatura em Física",FIS,2,Tarde,Sim
6,2025-01-02,"Arroz, feijão, carne cozida, macarrão e salada",2,Almoço,1,"Campus Cedro",58004,2025-01-02,11:38:00,Sim,Não,Presente,26F259E7A20E,NULL,NULL,1061,"Gabrielly Ávila Carmona Sobrinho",81502108,2,"Engenharia de Elétrica",EE,3,Noite,Sim
6,2025-01-02,"Arroz, feijão, carne cozida, macarrão e salada",2,Almoço,1,"Campus Cedro",122632,2025-01-02,11:38:00,Sim,Não,Presente,1549C7C531E3,NULL,NULL,2232,"Sra. Daniela Helena Leal",70440052,6,"Tecnologo Mecatrônica Industrial",TMI,2,Tarde,Não
6,2025-01-02,"Arroz, feijão, carne cozida, macarrão e salada",2,Almoço,1,"Campus Cedro",90823,2025-01-02,11:41:00,Sim,Não,Presente,C2C5FF1CD417,NULL,NULL,1650,"Arthur Reis Jr.",99002578,2,"Engenharia de Elétrica",EE,3,Noite,Não
6,2025-01-02,"Arroz, feijão, carne cozida, macarrão e salada",2,Almoço,1,"Campus Cedro",24122,2025-01-02,11:42:00,Sim,Não,Presente,477C75095F52,NULL,NULL,438,"Inácio Téo Lourenço",76330373,4,"Licenciatura em Matemática",MAT,1,Manhã,Não
6,2025-01-02,"Arroz, feijão, carne cozida, macarrão e salada",2,Almoço,1,"Campus Cedro",108476,2025-01-02,11:46:00,Sim,Não,Presente,D8DFA2A8D50B,NULL,NULL,1980,"Srta. Dirce Carvalho Carrara",18804189,1,"Sistemas de Informação",SI,2,Tarde,Não
6,2025-01-02,"Arroz, feijão, carne cozida, macarrão e salada",2,Almoço,1,"Campus Cedro",125911,2025-01-02,11:46:00,Sim,Não,Presente,EF8BDA49FF6E,NULL,NULL,2292,"Dr. Gian Sandro Paz Filho",22093159,1,"Sistemas de Informação",SI,2,Tarde,Sim
6,2025-01-02,"Arroz, feijão, carne cozida, macarrão e salada",2,Almoço,1,"Campus Cedro",134449,2025-01-02,11:48:00,Sim,Não,Presente,077D1A4D8107,NULL,NULL,2445,"Srta. Catarina Yohanna Carmona",21106798,4,"Licenciatura em Matemática",MAT,1,Manhã,Não
6,2025-01-02,"Arroz, feijão, carne cozida, macarrão e salada",2,Almoço,1,"Campus Cedro",64750,2025-01-02,11:51:00,Sim,Não,Presente,75E39D745030,NULL,NULL,1185,"Mari Sepúlveda",69498864,1,"Sistemas de Informação",SI,1,Manhã,Não
6,2025-01-02,"Arroz, feijão, carne cozida, macarrão e salada",2,Almoço,1,"Campus Cedro",90126,2025-01-02,11:54:00,Sim,Não,Presente,4DE55312EA22,NULL,NULL,1638,"Sra. Olga Mariana Queirós",66167050,5,"Licenciatura em Física",FIS,1,Manhã,Não
6,2025-01-02,"Arroz, feijão, carne cozida, macarrão e salada",2,Almoço,1,"Campus Cedro",117238,2025-01-02,11:55:00,Sim,Não,Presente,BE9F0CAAFCB6,NULL,NULL,2137,"Sr. Vinícius Benites Valente Sobrinho",73991040,3,"Engenharia Mecânica",MEC,3,Noite,Não
6,2025-01-02,"Arroz, feijão, carne cozida, macarrão e salada",2,Almoço,1,"Campus Cedro",76562,2025-01-02,11:59:00,Sim,Não,Presente,3FCE37D39535,NULL,NULL,1394,"Tomás Alcantara Mendes",69127236,4,"Licenciatura em Matemática",MAT,2,Tarde,Não
6,2025-01-02,"Arroz, feijão, carne cozida, macarrão e salada",2,Almoço,1,"Campus Cedro",101623,2025-01-02,12:03:00,Sim,Não,Presente,F4EC59BC2110,NULL,NULL,1852,"Dr. Arthur Hernani Barreto Neto",13297821,6,"Tecnologo Mecatrônica Industrial",TMI,2,Tarde,Não
6,2025-01-02,"Arroz, feijão, carne cozida, macarrão e salada",2,Almoço,1,"Campus Cedro",93417,2025-01-02,12:05:00,Sim,Não,Presente,09E683CAF51B,NULL,NULL,1702,"Sra. Rafaela Escobar Toledo Sobrinho",21796490,6,"Tecnologo Mecatrônica Industrial",TMI,3,Noite,Não
6,2025-01-02,"Arroz, feijão, carne cozida, macarrão e salada",2,Almoço,1,"Campus Cedro",134000,2025-01-02,12:06:00,Não,Sim,Cancelada,868AC822ADE7,NULL,NULL,2437,"Dr. Guilherme Adriano Zaragoça Sobrinho",80805572,5,"Licenciatura em Física",FIS,3,Noite,Não
6,2025-01-02,"Arroz, feijão, carne cozida, macarrão e salada",2,Almoço,1,"Campus Cedro",16115,2025-01-02,12:09:00,Sim,Não,Presente,3F1FBBE6C180,NULL,NULL,292,"Sr. Ícaro Galhardo",47682425,1,"Sistemas de Informação",SI,2,Tarde,Não
6,2025-01-02,"Arroz, feijão, carne cozida, macarrão e salada",2,Almoço,1,"Campus Cedro",37286,2025-01-02,12:09:00,Sim,Não,Presente,D67E3AFDD4D1,NULL,NULL,673,"Jefferson Jean Galvão Jr.",92547411,1,"Sistemas de Informação",SI,2,Tarde,Não
6,2025-01-02,"Arroz, feijão, carne cozida, macarrão e salada",2,Almoço,1,"Campus Cedro",123673,2025-01-02,12:11:00,Sim,Não,Presente,054E48754CAD,NULL,NULL,2252,"Srta. Caroline Oliveira Pontes Sobrinho",92749968,3,"Engenharia Mecânica",MEC,2,Tarde,Não
6,2025-01-02,"Arroz, feijão, carne cozida, macarrão e salada",2,Almoço,1,"Campus Cedro",119271,2025-01-02,12:12:00,Sim,Não,Presente,7B8E289CAD60,NULL,NULL,2173,"Natália Cecília das Dores",01106169,6,"Tecnologo Mecatrônica Industrial",TMI,1,Manhã,Não
6,2025-01-02,"Arroz, feijão, carne cozida, macarrão e salada",2,Almoço,1,"Campus Cedro",88831,2025-01-02,12:13:00,Sim,Não,Presente,C4E5305EA89C,NULL,NULL,1615,"Márcio Santiago",45795862,6,"Tecnologo Mecatrônica Industrial",TMI,3,Noite,Não
6,2025-01-02,"Arroz, feijão, carne cozida, macarrão e salada",2,Almoço,1,"Campus Cedro",108664,2025-01-02,12:13:00,Sim,Não,Presente,6944E20C69EA,NULL,NULL,1984,"Sr. Nicolas Garcia Meireles Neto",95663334,1,"Sistemas de Informação",SI,3,Noite,Não
6,2025-01-02,"Arroz, feijão, carne cozida, macarrão e salada",2,Almoço,1,"Campus Cedro",8034,2025-01-02,12:14:00,Sim,Não,Presente,84E9F0441783,NULL,NULL,143,"Dr. George Wagner D'ávila",87236589,1,"Sistemas de Informação",SI,1,Manhã,Não
6,2025-01-02,"Arroz, feijão, carne cozida, macarrão e salada",2,Almoço,1,"Campus Cedro",115145,2025-01-02,12:14:00,Sim,Não,Presente,C89EEA31C671,NULL,NULL,2100,"Paloma Marin Neto",08604467,3,"Engenharia Mecânica",MEC,3,Noite,Não
6,2025-01-02,"Arroz, feijão, carne cozida, macarrão e salada",2,Almoço,1,"Campus Cedro",152668,2025-01-02,12:14:00,Sim,Não,Presente,4380D46089D8,NULL,NULL,2779,"Dr. Théo Serra",07666017,3,"Engenharia Mecânica",MEC,1,Manhã,Não
6,2025-01-02,"Arroz, feijão, carne cozida, macarrão e salada",2,Almoço,1,"Campus Cedro",26686,2025-01-02,12:15:00,Não,Não,Ausente,C732797B96A7,"Imprevisto pessoal",NULL,484,"Sr. Maurício Cordeiro",28842530,5,"Licenciatura em Física",FIS,2,Tarde,Não
6,2025-01-02,"Arroz, feijão, carne cozida, macarrão e salada",2,Almoço,1,"Campus Cedro",1895,2025-01-02,12:16:00,Sim,Não,Presente,ACC98881EE28,NULL,NULL,34,"Sr. Vicente Luis Matias Jr.",22486225,3,"Engenharia Mecânica",MEC,3,Noite,Não
6,2025-01-02,"Arroz, feijão, carne cozida, macarrão e salada",2,Almoço,1,"Campus Cedro",41703,2025-01-02,12:16:00,Sim,Não,Presente,ABF85F19B8A9,NULL,NULL,755,"Dr. Tábata Batista Pacheco Sobrinho",52711537,5,"Licenciatura em Física",FIS,3,Noite,Não
6,2025-01-02,"Arroz, feijão, carne cozida, macarrão e salada",2,Almoço,1,"Campus Cedro",85023,2025-01-02,12:17:00,Sim,Não,Presente,A3D102EC91E1,NULL,NULL,1544,"Sergio Tomás Grego",13729950,2,"Engenharia de Elétrica",EE,2,Tarde,Sim
6,2025-01-02,"Arroz, feijão, carne cozida, macarrão e salada",2,Almoço,1,"Campus Cedro",46086,2025-01-02,12:19:00,Não,Sim,Cancelada,F08512403FD2,NULL,NULL,836,"Bruna Lovato Benites Sobrinho",10599920,4,"Licenciatura em Matemática",MAT,1,Manhã,Não
6,2025-01-02,"Arroz, feijão, carne cozida, macarrão e salada",2,Almoço,1,"Campus Cedro",86802,2025-01-02,12:19:00,Sim,Não,Presente,60784FF7D144,NULL,NULL,1578,"Paulina Feliciano Uchoa Sobrinho",68425514,4,"Licenciatura em Matemática",MAT,1,Manhã,Não
6,2025-01-02,"Arroz, feijão, carne cozida, macarrão e salada",2,Almoço,1,"Campus Cedro",156571,2025-01-02,12:19:00,Sim,Não,Presente,9E6C5C5E69A9,NULL,NULL,2850,"Gustavo Wellington Campos",08800523,2,"Engenharia de Elétrica",EE,2,Tarde,Não
6,2025-01-02,"Arroz, feijão, carne cozida, macarrão e salada",2,Almoço,1,"Campus Cedro",150511,2025-01-02,12:20:00,Sim,Não,Presente,27CA9DF34A2F,NULL,NULL,2737,"Dr. Evandro da Cruz Bezerra Filho",84426464,5,"Licenciatura em Física",FIS,1,Manhã,Não
6,2025-01-02,"Arroz, feijão, carne cozida, macarrão e salada",2,Almoço,1,"Campus Cedro",118286,2025-01-02,12:21:00,Sim,Não,Presente,A8877CD45FA0,NULL,NULL,2156,"Willian de Freitas Neves Neto",00424391,6,"Tecnologo Mecatrônica Industrial",TMI,2,Tarde,Não
6,2025-01-02,"Arroz, feijão, carne cozida, macarrão e salada",2,Almoço,1,"Campus Cedro",41597,2025-01-02,12:22:00,Sim,Não,Presente,DF2939DC5A89,NULL,NULL,753,"Dr. Beatriz Santana Padilha Filho",62776567,2,"Engenharia de Elétrica",EE,3,Noite,Sim
6,2025-01-02,"Arroz, feijão, carne cozida, macarrão e salada",2,Almoço,1,"Campus Cedro",65412,2025-01-02,12:22:00,Não,Sim,Cancelada,9E6EB70261BF,NULL,NULL,1196,"Igor Fernando da Cruz Sobrinho",63312346,4,"Licenciatura em Matemática",MAT,3,Noite,Não
6,2025-01-02,"Arroz, feijão, carne cozida, macarrão e salada",2,Almoço,1,"Campus Cedro",16234,2025-01-02,12:23:00,Sim,Não,Presente,BBCB827BFB21,NULL,NULL,294,"Sra. Lívia Emilly Vega",30783505,3,"Engenharia Mecânica",MEC,3,Noite,Não
6,2025-01-02,"Arroz, feijão, carne cozida, macarrão e salada",2,Almoço,1,"Campus Cedro",100693,2025-01-02,12:23:00,Sim,Não,Presente,70666C85C3D5,NULL,NULL,1834,"Nádia da Cruz",07714940,6,"Tecnologo Mecatrônica Industrial",TMI,1,Manhã,Não
6,2025-01-02,"Arroz, feijão, carne cozida, macarrão e salada",2,Almoço,1,"Campus Cedro",86221,2025-01-02,12:24:00,Sim,Não,Presente,15493E3C3793,NULL,NULL,1567,"Srta. Elisa Saraiva Soto Sobrinho",93004078,5,"Licenciatura em Física",FIS,3,Noite,Não
6,2025-01-02,"Arroz, feijão, carne cozida, macarrão e salada",2,Almoço,1,"Campus Cedro",148210,2025-01-02,12:24:00,Não,Sim,Cancelada,E01B8FE75574,NULL,NULL,2694,"Srta. Amanda Amanda Bezerra",85404129,2,"Engenharia de Elétrica",EE,3,Noite,Não
6,2025-01-02,"Arroz, feijão, carne cozida, macarrão e salada",2,Almoço,1,"Campus Cedro",151994,2025-01-02,12:24:00,Sim,Não,Presente,B64DC1B5F504,NULL,NULL,2767,"Horácio Galvão Vasques Filho",80697574,1,"Sistemas de Informação",SI,3,Noite,Não
6,2025-01-02,"Arroz, feijão, carne cozida, macarrão e salada",2,Almoço,1,"Campus Cedro",155741,2025-01-02,12:24:00,Sim,Não,Presente,E4E6636B4917,NULL,NULL,2834,"Jasmin Santana Zamana",18285015,5,"Licenciatura em Física",FIS,3,Noite,Não
6,2025-01-02,"Arroz, feijão, carne cozida, macarrão e salada",2,Almoço,1,"Campus Cedro",102785,2025-01-02,12:25:00,Sim,Não,Presente,3F673F287638,NULL,NULL,1875,"Srta. Betina Maya Uchoa",95587897,2,"Engenharia de Elétrica",EE,2,Tarde,Não
6,2025-01-02,"Arroz, feijão, carne cozida, macarrão e salada",2,Almoço,1,"Campus Cedro",8527,2025-01-02,12:26:00,Sim,Não,Presente,AB2AA986B8AC,NULL,NULL,153,"Sr. Gael Estrada",47268884,2,"Engenharia de Elétrica",EE,1,Manhã,Não
6,2025-01-02,"Arroz, feijão, carne cozida, macarrão e salada",2,Almoço,1,"Campus Cedro",38832,2025-01-02,12:27:00,Sim,Não,Presente,E27C1496261B,NULL,NULL,704,"Ivan Verdugo Rios",58820379,5,"Licenciatura em Física",FIS,3,Noite,Sim
6,2025-01-02,"Arroz, feijão, carne cozida, macarrão e salada",2,Almoço,1,"Campus Cedro",115322,2025-01-02,12:27:00,Sim,Não,Presente,F6743B751672,NULL,NULL,2103,"Anderson Benites Serna Filho",33033069,4,"Licenciatura em Matemática",MAT,1,Manhã,Não
6,2025-01-02,"Arroz, feijão, carne cozida, macarrão e salada",2,Almoço,1,"Campus Cedro",136343,2025-01-02,12:27:00,Sim,Não,Presente,8900BD2817EE,NULL,NULL,2480,"Srta. Jennifer Santacruz",29815959,1,"Sistemas de Informação",SI,2,Tarde,Sim
6,2025-01-02,"Arroz, feijão, carne cozida, macarrão e salada",2,Almoço,1,"Campus Cedro",10906,2025-01-02,12:28:00,Sim,Não,Presente,DDFD21BEC43A,NULL,NULL,196,"Dr. Franco Branco Sobrinho",11069772,3,"Engenharia Mecânica",MEC,3,Noite,Não
6,2025-01-02,"Arroz, feijão, carne cozida, macarrão e salada",2,Almoço,1,"Campus Cedro",130080,2025-01-02,12:28:00,Sim,Não,Presente,AFF1C6218554,NULL,NULL,2368,"Sr. Leandro Arruda Jr.",53452740,6,"Tecnologo Mecatrônica Industrial",TMI,1,Manhã,Não
6,2025-01-02,"Arroz, feijão, carne cozida, macarrão e salada",2,Almoço,1,"Campus Cedro",100200,2025-01-02,12:29:00,Sim,Não,Presente,D9A8DE7DE61D,NULL,NULL,1825,"Gael Montenegro Cervantes Neto",79080306,6,"Tecnologo Mecatrônica Industrial",TMI,3,Noite,Não
6,2025-01-02,"Arroz, feijão, carne cozida, macarrão e salada",2,Almoço,1,"Campus Cedro",7861,2025-01-02,12:32:00,Sim,Não,Presente,B581D31B1312,NULL,NULL,140,"Srta. Laura Thalissa Maia Jr.",25424756,4,"Licenciatura em Matemática",MAT,1,Manhã,Sim
6,2025-01-02,"Arroz, feijão, carne cozida, macarrão e salada",2,Almoço,1,"Campus Cedro",151655,2025-01-02,12:33:00,Sim,Não,Presente,A370D8D5D3BA,NULL,NULL,2760,"Dr. Isaac Quintana Sobrinho",99128745,4,"Licenciatura em Matemática",MAT,1,Manhã,Não
6,2025-01-02,"Arroz, feijão, carne cozida, macarrão e salada",2,Almoço,1,"Campus Cedro",26752,2025-01-02,12:34:00,Sim,Não,Presente,9946C43DB4EE,NULL,NULL,485,"Raphael Faro Vila Jr.",72132238,1,"Sistemas de Informação",SI,2,Tarde,Não
6,2025-01-02,"Arroz, feijão, carne cozida, macarrão e salada",2,Almoço,1,"Campus Cedro",48822,2025-01-02,12:34:00,Sim,Não,Presente,C4721C4EA777,NULL,NULL,890,"Dr. Tomás Kevin Batista",40125404,4,"Licenciatura em Matemática",MAT,3,Noite,Não
6,2025-01-02,"Arroz, feijão, carne cozida, macarrão e salada",2,Almoço,1,"Campus Cedro",113548,2025-01-02,12:35:00,Sim,Não,Presente,24C78058B486,NULL,NULL,2072,"Dr. Carlos Rafael Pena Neto",93907933,4,"Licenciatura em Matemática",MAT,2,Tarde,Não
6,2025-01-02,"Arroz, feijão, carne cozida, macarrão e salada",2,Almoço,1,"Campus Cedro",99409,2025-01-02,12:36:00,Sim,Não,Presente,EF6C34F4FBEE,NULL,NULL,1812,"Sergio Raphael Medina Neto",85777793,2,"Engenharia de Elétrica",EE,1,Manhã,Não
6,2025-01-02,"Arroz, feijão, carne cozida, macarrão e salada",2,Almoço,1,"Campus Cedro",112905,2025-01-02,12:36:00,Sim,Não,Presente,185EC0BC66AB,NULL,NULL,2061,"Sr. Santiago Galhardo Carrara",25343129,4,"Licenciatura em Matemática",MAT,1,Manhã,Não
6,2025-01-02,"Arroz, feijão, carne cozida, macarrão e salada",2,Almoço,1,"Campus Cedro",140878,2025-01-02,12:37:00,Sim,Não,Presente,D553B258437D,NULL,NULL,2562,"Dr. Victor Sandro Torres Neto",71561155,1,"Sistemas de Informação",SI,1,Manhã,Não
6,2025-01-02,"Arroz, feijão, carne cozida, macarrão e salada",2,Almoço,1,"Campus Cedro",142693,2025-01-02,12:38:00,Sim,Não,Presente,1AA7D47EE4DE,NULL,NULL,2594,"Dr. Ivan Daniel Zambrano",11895169,6,"Tecnologo Mecatrônica Industrial",TMI,3,Noite,Não
6,2025-01-02,"Arroz, feijão, carne cozida, macarrão e salada",2,Almoço,1,"Campus Cedro",36801,2025-01-02,12:39:00,Sim,Não,Presente,EB62B3A7D5DB,NULL,NULL,664,"Dr. Matias Fidalgo",90840513,3,"Engenharia Mecânica",MEC,1,Manhã,Não
6,2025-01-02,"Arroz, feijão, carne cozida, macarrão e salada",2,Almoço,1,"Campus Cedro",42938,2025-01-02,12:39:00,Não,Sim,Cancelada,6098617056EA,NULL,NULL,778,"Sra. Natália Zambrano Bittencourt",23196298,2,"Engenharia de Elétrica",EE,1,Manhã,Não
6,2025-01-02,"Arroz, feijão, carne cozida, macarrão e salada",2,Almoço,1,"Campus Cedro",14809,2025-01-02,12:40:00,Sim,Não,Presente,915111A1D0C4,NULL,NULL,269,"Sr. Benedito Zamana Vasques Sobrinho",82767083,1,"Sistemas de Informação",SI,1,Manhã,Sim
6,2025-01-02,"Arroz, feijão, carne cozida, macarrão e salada",2,Almoço,1,"Campus Cedro",113200,2025-01-02,12:40:00,Sim,Não,Presente,33D92AE9F10E,NULL,NULL,2066,"Tâmara Bonilha Burgos Jr.",26198169,3,"Engenharia Mecânica",MEC,2,Tarde,Sim
6,2025-01-02,"Arroz, feijão, carne cozida, macarrão e salada",2,Almoço,1,"Campus Cedro",78001,2025-01-02,12:41:00,Sim,Não,Presente,4BF31A3EC9B4,NULL,NULL,1420,"Sra. Bianca Carrara",52290226,3,"Engenharia Mecânica",MEC,3,Noite,Não
6,2025-01-02,"Arroz, feijão, carne cozida, macarrão e salada",2,Almoço,1,"Campus Cedro",86996,2025-01-02,12:42:00,Não,Sim,Cancelada,1DC309A94127,NULL,NULL,1581,"Lara Carla Cervantes Neto",86820853,1,"Sistemas de Informação",SI,2,Tarde,Não
6,2025-01-02,"Arroz, feijão, carne cozida, macarrão e salada",2,Almoço,1,"Campus Cedro",69060,2025-01-02,12:43:00,Sim,Não,Presente,F1047B06456D,NULL,NULL,1258,"Srta. Flávia Danielle Teles",70917606,6,"Tecnologo Mecatrônica Industrial",TMI,2,Tarde,Não
6,2025-01-02,"Arroz, feijão, carne cozida, macarrão e salada",2,Almoço,1,"Campus Cedro",50370,2025-01-02,12:46:00,Sim,Não,Presente,B31DB2F6F297,NULL,NULL,919,"Daniel Valência Sobrinho",91648631,5,"Licenciatura em Física",FIS,1,Manhã,Não
6,2025-01-02,"Arroz, feijão, carne cozida, macarrão e salada",2,Almoço,1,"Campus Cedro",98794,2025-01-02,12:46:00,Sim,Não,Presente,67544BCB9837,NULL,NULL,1800,"Alan Medina Leal",97444430,1,"Sistemas de Informação",SI,1,Manhã,Não
6,2025-01-02,"Arroz, feijão, carne cozida, macarrão e salada",2,Almoço,1,"Campus Cedro",139812,2025-01-02,12:47:00,Não,Não,Ausente,2FE45BAA51EC,"Atividade acadêmica",NULL,2544,"Sra. Lorena Marinho Pereira",53953245,3,"Engenharia Mecânica",MEC,1,Manhã,Não
6,2025-01-02,"Arroz, feijão, carne cozida, macarrão e salada",2,Almoço,1,"Campus Cedro",155667,2025-01-02,12:48:00,Sim,Não,Presente,B376D1F33911,NULL,NULL,2833,"Natal Ramires Jr.",54302485,3,"Engenharia Mecânica",MEC,1,Manhã,Não
6,2025-01-02,"Arroz, feijão, carne cozida, macarrão e salada",2,Almoço,1,"Campus Cedro",91737,2025-01-02,12:50:00,Sim,Não,Presente,A654D1CAF7F7,NULL,NULL,1669,"Diana Daiana Domingues Neto",01207096,6,"Tecnologo Mecatrônica Industrial",TMI,3,Noite,Não
6,2025-01-02,"Arroz, feijão, carne cozida, macarrão e salada",2,Almoço,1,"Campus Cedro",17105,2025-01-02,12:51:00,Sim,Não,Presente,BBD826898E3B,NULL,NULL,311,"Sra. Constância Esther Domingues Sobrinho",60192219,3,"Engenharia Mecânica",MEC,1,Manhã,Não
6,2025-01-02,"Arroz, feijão, carne cozida, macarrão e salada",2,Almoço,1,"Campus Cedro",129320,2025-01-02,12:51:00,Sim,Não,Presente,5C4B713CF9BA,NULL,NULL,2354,"Débora Espinoza Valdez Sobrinho",66631976,1,"Sistemas de Informação",SI,1,Manhã,Não
6,2025-01-02,"Arroz, feijão, carne cozida, macarrão e salada",2,Almoço,1,"Campus Cedro",157568,2025-01-02,12:51:00,Sim,Não,Presente,F0BBFE2741BB,NULL,NULL,2869,"Juliana Colaço",86053169,1,"Sistemas de Informação",SI,3,Noite,Não
6,2025-01-02,"Arroz, feijão, carne cozida, macarrão e salada",2,Almoço,1,"Campus Cedro",133717,2025-01-02,12:52:00,Sim,Não,Presente,F74C7D3D052D,NULL,NULL,2432,"Sra. Pietra Miranda Rezende",09211314,6,"Tecnologo Mecatrônica Industrial",TMI,3,Noite,Não
6,2025-01-02,"Arroz, feijão, carne cozida, macarrão e salada",2,Almoço,1,"Campus Cedro",142121,2025-01-02,12:52:00,Sim,Não,Presente,54F0DC3380EC,NULL,NULL,2583,"Srta. Lidiane Delatorre Filho",41575668,1,"Sistemas de Informação",SI,1,Manhã,Não
6,2025-01-02,"Arroz, feijão, carne cozida, macarrão e salada",2,Almoço,1,"Campus Cedro",58279,2025-01-02,12:54:00,Não,Não,Ausente,DD9E4EA07F9A,"Compromisso acadêmico",NULL,1066,"Emílio Cortês Chaves Sobrinho",17836060,2,"Engenharia de Elétrica",EE,3,Noite,Não
6,2025-01-02,"Arroz, feijão, carne cozida, macarrão e salada",2,Almoço,1,"Campus Cedro",102158,2025-01-02,12:54:00,Sim,Não,Presente,D86DE4A76587,NULL,NULL,1862,"Sra. Pérola Flávia Ferreira Sobrinho",32280068,4,"Licenciatura em Matemática",MAT,3,Noite,Sim
6,2025-01-02,"Arroz, feijão, carne cozida, macarrão e salada",2,Almoço,1,"Campus Cedro",136929,2025-01-02,12:54:00,Sim,Não,Presente,86579D468F12,NULL,NULL,2490,"Srta. Karine Sepúlveda Valdez Sobrinho",93882902,1,"Sistemas de Informação",SI,2,Tarde,Não
6,2025-01-02,"Arroz, feijão, carne cozida, macarrão e salada",2,Almoço,1,"Campus Cedro",61098,2025-01-02,12:55:00,Sim,Não,Presente,101C09894DEC,NULL,NULL,1116,"Dr. Jefferson Ferreira Gonçalves Filho",79280482,3,"Engenharia Mecânica",MEC,2,Tarde,Não
6,2025-01-02,"Arroz, feijão, carne cozida, macarrão e salada",2,Almoço,1,"Campus Cedro",6940,2025-01-02,12:56:00,Sim,Não,Presente,6AE247D76BEA,NULL,NULL,124,"Vitor Simão Matos Jr.",15348661,5,"Licenciatura em Física",FIS,2,Tarde,Não
6,2025-01-02,"Arroz, feijão, carne cozida, macarrão e salada",2,Almoço,1,"Campus Cedro",27850,2025-01-02,12:56:00,Sim,Não,Presente,3CE0CAE68F24,NULL,NULL,504,"Dr. Pablo Cristiano Alcantara Jr.",58275039,6,"Tecnologo Mecatrônica Industrial",TMI,1,Manhã,Não
6,2025-01-02,"Arroz, feijão, carne cozida, macarrão e salada",2,Almoço,1,"Campus Cedro",80715,2025-01-02,12:57:00,Sim,Não,Presente,FE16FEAB14A1,NULL,NULL,1468,"Sra. Tainara Lozano",24982141,1,"Sistemas de Informação",SI,1,Manhã,Não
7,2025-01-02,"Canja de frango",3,"Lanche da Tarde",1,"Campus Cedro",150223,2025-01-02,14:01:00,Sim,Não,Presente,D1A5F3B71364,NULL,NULL,2732,"Sra. Maiara Léia Urias Jr.",73390201,2,"Engenharia de Elétrica",EE,1,Manhã,Não
7,2025-01-02,"Canja de frango",3,"Lanche da Tarde",1,"Campus Cedro",83856,2025-01-02,14:02:00,Sim,Não,Presente,B7DD30F1A29A,NULL,NULL,1523,"Dr. Christopher Santos Pena Filho",04053078,1,"Sistemas de Informação",SI,2,Tarde,Não
7,2025-01-02,"Canja de frango",3,"Lanche da Tarde",1,"Campus Cedro",155225,2025-01-02,14:02:00,Sim,Não,Presente,4CC1B02D42CE,NULL,NULL,2825,"Sophia Vega Estrada",66611799,2,"Engenharia de Elétrica",EE,2,Tarde,Sim
7,2025-01-02,"Canja de frango",3,"Lanche da Tarde",1,"Campus Cedro",94520,2025-01-02,14:03:00,Sim,Não,Presente,07EAFACD8B9F,NULL,NULL,1723,"Sr. Ziraldo Valentin Reis Sobrinho",04565341,3,"Engenharia Mecânica",MEC,2,Tarde,Não
7,2025-01-02,"Canja de frango",3,"Lanche da Tarde",1,"Campus Cedro",35990,2025-01-02,14:04:00,Sim,Não,Presente,762AEB8C5A90,NULL,NULL,650,"Sara Burgos Neto",67308391,3,"Engenharia Mecânica",MEC,1,Manhã,Não
7,2025-01-02,"Canja de frango",3,"Lanche da Tarde",1,"Campus Cedro",73664,2025-01-02,14:04:00,Sim,Não,Presente,61847F06A516,NULL,NULL,1341,"Allison Serna Filho",12498714,3,"Engenharia Mecânica",MEC,1,Manhã,Não
7,2025-01-02,"Canja de frango",3,"Lanche da Tarde",1,"Campus Cedro",77284,2025-01-02,14:05:00,Sim,Não,Presente,891B17FDA61D,NULL,NULL,1406,"Laiane Ramires Sobrinho",16145528,3,"Engenharia Mecânica",MEC,2,Tarde,Não
7,2025-01-02,"Canja de frango",3,"Lanche da Tarde",1,"Campus Cedro",149897,2025-01-02,14:05:00,Não,Não,Ausente,171D8D049C7D,"Compromisso acadêmico",NULL,2726,"Sueli Ortega",67103154,4,"Licenciatura em Matemática",MAT,2,Tarde,Não
7,2025-01-02,"Canja de frango",3,"Lanche da Tarde",1,"Campus Cedro",3024,2025-01-02,14:08:00,Sim,Não,Presente,DF6FFFB31371,NULL,NULL,54,"Sr. Alexandre Esteves de Oliveira Neto",65052560,3,"Engenharia Mecânica",MEC,3,Noite,Não
7,2025-01-02,"Canja de frango",3,"Lanche da Tarde",1,"Campus Cedro",30063,2025-01-02,14:11:00,Não,Não,Ausente,0D7209719478,"Atividade acadêmica",NULL,541,"Dr. Emílio Estrada Tamoio",00640959,5,"Licenciatura em Física",FIS,3,Noite,Sim
7,2025-01-02,"Canja de frango",3,"Lanche da Tarde",1,"Campus Cedro",79797,2025-01-02,14:11:00,Não,Sim,Cancelada,DA85EE67BEC7,NULL,NULL,1450,"Srta. Ayla Toledo Branco Sobrinho",55957217,4,"Licenciatura em Matemática",MAT,1,Manhã,Não
7,2025-01-02,"Canja de frango",3,"Lanche da Tarde",1,"Campus Cedro",129083,2025-01-02,14:13:00,Sim,Não,Presente,D91917241E42,NULL,NULL,2350,"Sra. Jaqueline de Oliveira Gil",39194762,3,"Engenharia Mecânica",MEC,2,Tarde,Não
7,2025-01-02,"Canja de frango",3,"Lanche da Tarde",1,"Campus Cedro",148475,2025-01-02,14:15:00,Não,Não,Ausente,8DA5F36517C9,"Compromisso acadêmico",NULL,2699,"Sr. Joaquim Velasques Sanches Neto",47312707,5,"Licenciatura em Física",FIS,3,Noite,Não
7,2025-01-02,"Canja de frango",3,"Lanche da Tarde",1,"Campus Cedro",147944,2025-01-02,14:19:00,Sim,Não,Presente,609F62BCEF42,NULL,NULL,2690,"Sra. Paola Sanches Aragão Filho",65890400,3,"Engenharia Mecânica",MEC,1,Manhã,Não
7,2025-01-02,"Canja de frango",3,"Lanche da Tarde",1,"Campus Cedro",56629,2025-01-02,14:20:00,Sim,Não,Presente,2D84823CF132,NULL,NULL,1037,"Juliana Gonçalves Fonseca Sobrinho",19842609,2,"Engenharia de Elétrica",EE,1,Manhã,Não
7,2025-01-02,"Canja de frango",3,"Lanche da Tarde",1,"Campus Cedro",75097,2025-01-02,14:20:00,Sim,Não,Presente,23B636CF575D,NULL,NULL,1367,"Sr. Willian José Marés Filho",69858746,3,"Engenharia Mecânica",MEC,1,Manhã,Não
7,2025-01-02,"Canja de frango",3,"Lanche da Tarde",1,"Campus Cedro",8830,2025-01-02,14:21:00,Sim,Não,Presente,80B9B971D37E,NULL,NULL,158,"Vitória Léia Garcia Neto",48751842,5,"Licenciatura em Física",FIS,2,Tarde,Não
7,2025-01-02,"Canja de frango",3,"Lanche da Tarde",1,"Campus Cedro",81051,2025-01-02,14:22:00,Sim,Não,Presente,C7C2E10D1D08,NULL,NULL,1474,"Srta. Lívia Daniela Dominato",19667043,6,"Tecnologo Mecatrônica Industrial",TMI,1,Manhã,Não
7,2025-01-02,"Canja de frango",3,"Lanche da Tarde",1,"Campus Cedro",39090,2025-01-02,14:23:00,Sim,Não,Presente,D537998271AD,NULL,NULL,709,"Srta. Thalissa Casanova",32630168,6,"Tecnologo Mecatrônica Industrial",TMI,1,Manhã,Não
7,2025-01-02,"Canja de frango",3,"Lanche da Tarde",1,"Campus Cedro",103568,2025-01-02,14:23:00,Sim,Não,Presente,296497E1E764,NULL,NULL,1890,"Ricardo Jorge Solano Jr.",89046992,3,"Engenharia Mecânica",MEC,1,Manhã,Não
7,2025-01-02,"Canja de frango",3,"Lanche da Tarde",1,"Campus Cedro",164004,2025-01-02,14:24:00,Sim,Não,Presente,73FB51F7D53A,NULL,NULL,2993,"Bruna Valentina Padrão Sobrinho",05974403,2,"Engenharia de Elétrica",EE,3,Noite,Não
7,2025-01-02,"Canja de frango",3,"Lanche da Tarde",1,"Campus Cedro",32677,2025-01-02,14:25:00,Sim,Não,Presente,B13E67C8A55D,NULL,NULL,587,"Dr. Samuel Christopher Faria",43234705,3,"Engenharia Mecânica",MEC,2,Tarde,Não
7,2025-01-02,"Canja de frango",3,"Lanche da Tarde",1,"Campus Cedro",32449,2025-01-02,14:28:00,Sim,Não,Presente,073853EB4909,NULL,NULL,583,"Stella Bonilha",28450703,3,"Engenharia Mecânica",MEC,2,Tarde,Não
7,2025-01-02,"Canja de frango",3,"Lanche da Tarde",1,"Campus Cedro",67324,2025-01-02,14:29:00,Não,Sim,Cancelada,230D10A45D7F,NULL,NULL,1228,"Srta. Helena de Souza",44553634,6,"Tecnologo Mecatrônica Industrial",TMI,1,Manhã,Não
7,2025-01-02,"Canja de frango",3,"Lanche da Tarde",1,"Campus Cedro",87764,2025-01-02,14:29:00,Sim,Não,Presente,18EE60A74467,NULL,NULL,1595,"Srta. Luna Priscila Serna Jr.",53835564,4,"Licenciatura em Matemática",MAT,2,Tarde,Não
7,2025-01-02,"Canja de frango",3,"Lanche da Tarde",1,"Campus Cedro",2596,2025-01-02,14:32:00,Sim,Não,Presente,3A688432A9C0,NULL,NULL,47,"Dener Uchoa Paz Filho",59932575,2,"Engenharia de Elétrica",EE,2,Tarde,Sim
7,2025-01-02,"Canja de frango",3,"Lanche da Tarde",1,"Campus Cedro",98899,2025-01-02,14:32:00,Sim,Não,Presente,C553680407B5,NULL,NULL,1802,"Dr. Henrique Paz Marques",38821779,5,"Licenciatura em Física",FIS,3,Noite,Sim
7,2025-01-02,"Canja de frango",3,"Lanche da Tarde",1,"Campus Cedro",147293,2025-01-02,14:38:00,Não,Não,Ausente,52A1B35EAAD2,"Atividade acadêmica",NULL,2680,"Dr. Thomas Prado Neto",45095077,6,"Tecnologo Mecatrônica Industrial",TMI,1,Manhã,Não
7,2025-01-02,"Canja de frango",3,"Lanche da Tarde",1,"Campus Cedro",95970,2025-01-02,14:40:00,Sim,Não,Presente,B553DA8F635C,NULL,NULL,1748,"Cléber Cauan Ferreira",17043159,1,"Sistemas de Informação",SI,2,Tarde,Sim
7,2025-01-02,"Canja de frango",3,"Lanche da Tarde",1,"Campus Cedro",79440,2025-01-02,14:41:00,Sim,Não,Presente,75AA8507609B,NULL,NULL,1444,"Dr. Valentin Guilherme Pena",97409306,2,"Engenharia de Elétrica",EE,3,Noite,Não
7,2025-01-02,"Canja de frango",3,"Lanche da Tarde",1,"Campus Cedro",132301,2025-01-02,14:41:00,Sim,Não,Presente,8C5153C010A8,NULL,NULL,2406,"Sr. Ricardo José Faro",67510338,5,"Licenciatura em Física",FIS,3,Noite,Não
7,2025-01-02,"Canja de frango",3,"Lanche da Tarde",1,"Campus Cedro",82157,2025-01-02,14:44:00,Não,Sim,Cancelada,7C602F869309,NULL,NULL,1494,"Eva Marinho Neto",91262324,2,"Engenharia de Elétrica",EE,2,Tarde,Não
7,2025-01-02,"Canja de frango",3,"Lanche da Tarde",1,"Campus Cedro",23299,2025-01-02,14:45:00,Sim,Não,Presente,2DBDCC03635E,NULL,NULL,423,"Srta. Mayara Velasques Jr.",73620687,6,"Tecnologo Mecatrônica Industrial",TMI,2,Tarde,Não
7,2025-01-02,"Canja de frango",3,"Lanche da Tarde",1,"Campus Cedro",61903,2025-01-02,14:47:00,Sim,Não,Presente,79794C192CCF,NULL,NULL,1132,"Sr. César Fabiano Galvão",15485134,5,"Licenciatura em Física",FIS,3,Noite,Não
7,2025-01-02,"Canja de frango",3,"Lanche da Tarde",1,"Campus Cedro",90449,2025-01-02,14:52:00,Sim,Não,Presente,77B8671EE498,NULL,NULL,1644,"Sr. Kauan Arruda de Aguiar Sobrinho",84720447,1,"Sistemas de Informação",SI,1,Manhã,Não
7,2025-01-02,"Canja de frango",3,"Lanche da Tarde",1,"Campus Cedro",29348,2025-01-02,14:54:00,Não,Não,Ausente,ABA375F1A568,"Imprevisto pessoal",NULL,530,"Sra. Sarah Abreu",50189948,2,"Engenharia de Elétrica",EE,3,Noite,Não
7,2025-01-02,"Canja de frango",3,"Lanche da Tarde",1,"Campus Cedro",142605,2025-01-02,14:58:00,Não,Não,Ausente,417FC5AF47C4,"Problema de saúde",NULL,2592,"Kauan Lovato",00958575,1,"Sistemas de Informação",SI,1,Manhã,Não
7,2025-01-02,"Canja de frango",3,"Lanche da Tarde",1,"Campus Cedro",25492,2025-01-02,15:07:00,Sim,Não,Presente,DAA1F869CE68,NULL,NULL,461,"Rebeca Rico Neto",24590889,1,"Sistemas de Informação",SI,2,Tarde,Não
7,2025-01-02,"Canja de frango",3,"Lanche da Tarde",1,"Campus Cedro",123058,2025-01-02,15:07:00,Sim,Não,Presente,952ED9F85FF9,NULL,NULL,2239,"Flávia Pena",41128711,4,"Licenciatura em Matemática",MAT,2,Tarde,Não
7,2025-01-02,"Canja de frango",3,"Lanche da Tarde",1,"Campus Cedro",142953,2025-01-02,15:07:00,Sim,Não,Presente,6E8819F3559C,NULL,NULL,2599,"Simone Teles Neto",29691451,2,"Engenharia de Elétrica",EE,2,Tarde,Sim
7,2025-01-02,"Canja de frango",3,"Lanche da Tarde",1,"Campus Cedro",3521,2025-01-02,15:08:00,Sim,Não,Presente,7443A1D3B729,NULL,NULL,63,"Hugo Reis Cervantes Filho",82840969,6,"Tecnologo Mecatrônica Industrial",TMI,3,Noite,Não
7,2025-01-02,"Canja de frango",3,"Lanche da Tarde",1,"Campus Cedro",126648,2025-01-02,15:08:00,Sim,Não,Presente,43FB0FA15794,NULL,NULL,2305,"Srta. Emília Vega Filho",11685202,6,"Tecnologo Mecatrônica Industrial",TMI,3,Noite,Não
7,2025-01-02,"Canja de frango",3,"Lanche da Tarde",1,"Campus Cedro",80102,2025-01-02,15:09:00,Sim,Não,Presente,72D7DAD6889B,NULL,NULL,1456,"Sra. Noemi Amaral Sobrinho",30729408,6,"Tecnologo Mecatrônica Industrial",TMI,2,Tarde,Não
7,2025-01-02,"Canja de frango",3,"Lanche da Tarde",1,"Campus Cedro",96832,2025-01-02,15:09:00,Sim,Não,Presente,8D7E8CC74DF0,NULL,NULL,1765,"Sra. Sabrina Tatiana Romero",32863501,3,"Engenharia Mecânica",MEC,3,Noite,Não
7,2025-01-02,"Canja de frango",3,"Lanche da Tarde",1,"Campus Cedro",131995,2025-01-02,15:10:00,Sim,Não,Presente,F07B04173443,NULL,NULL,2401,"Srta. Betina Toledo",91682915,1,"Sistemas de Informação",SI,1,Manhã,Sim
7,2025-01-02,"Canja de frango",3,"Lanche da Tarde",1,"Campus Cedro",135719,2025-01-02,15:12:00,Sim,Não,Presente,9A0E28B332F6,NULL,NULL,2468,"Emerson Lourenço",99153187,5,"Licenciatura em Física",FIS,2,Tarde,Sim
7,2025-01-02,"Canja de frango",3,"Lanche da Tarde",1,"Campus Cedro",89815,2025-01-02,15:13:00,Sim,Não,Presente,111C97A187B9,NULL,NULL,1633,"Sr. Sebastião Ávila Filho",71909677,1,"Sistemas de Informação",SI,1,Manhã,Não
7,2025-01-02,"Canja de frango",3,"Lanche da Tarde",1,"Campus Cedro",114399,2025-01-02,15:13:00,Sim,Não,Presente,39BAC4F3F1ED,NULL,NULL,2087,"Clara Jimenes Caldeira Jr.",27022443,1,"Sistemas de Informação",SI,3,Noite,Sim
7,2025-01-02,"Canja de frango",3,"Lanche da Tarde",1,"Campus Cedro",26198,2025-01-02,15:15:00,Sim,Não,Presente,BA4C1EC837A6,NULL,NULL,475,"Noel Batista Jr.",45886565,4,"Licenciatura em Matemática",MAT,3,Noite,Não
7,2025-01-02,"Canja de frango",3,"Lanche da Tarde",1,"Campus Cedro",42836,2025-01-02,15:15:00,Sim,Não,Presente,CD3909CE2D25,NULL,NULL,776,"Srta. Ketlin Noelí Duarte",88083203,1,"Sistemas de Informação",SI,2,Tarde,Não
7,2025-01-02,"Canja de frango",3,"Lanche da Tarde",1,"Campus Cedro",88306,2025-01-02,15:16:00,Sim,Não,Presente,682CC015514F,NULL,NULL,1606,"Reinaldo Gilberto Souza Neto",57886112,1,"Sistemas de Informação",SI,3,Noite,Não
7,2025-01-02,"Canja de frango",3,"Lanche da Tarde",1,"Campus Cedro",58425,2025-01-02,15:17:00,Sim,Não,Presente,E6A899141C08,NULL,NULL,1069,"Sr. Renato Lozano",93943520,3,"Engenharia Mecânica",MEC,1,Manhã,Não
7,2025-01-02,"Canja de frango",3,"Lanche da Tarde",1,"Campus Cedro",122334,2025-01-02,15:17:00,Sim,Não,Presente,E8ED1AFA2B9C,NULL,NULL,2227,"Thalissa Bruna da Silva Neto",50520704,5,"Licenciatura em Física",FIS,1,Manhã,Não
7,2025-01-02,"Canja de frango",3,"Lanche da Tarde",1,"Campus Cedro",22992,2025-01-02,15:18:00,Sim,Não,Presente,C2B9ACF6E202,NULL,NULL,418,"Maria Rosana Santacruz Filho",32840608,1,"Sistemas de Informação",SI,1,Manhã,Não
7,2025-01-02,"Canja de frango",3,"Lanche da Tarde",1,"Campus Cedro",116906,2025-01-02,15:19:00,Sim,Não,Presente,543B68981D43,NULL,NULL,2132,"Dr. Adriano Batista",15228705,4,"Licenciatura em Matemática",MAT,3,Noite,Não
7,2025-01-02,"Canja de frango",3,"Lanche da Tarde",1,"Campus Cedro",139377,2025-01-02,15:19:00,Sim,Não,Presente,67C90AD73D39,NULL,NULL,2537,"Dr. Cristiana Ferminiano",82033433,5,"Licenciatura em Física",FIS,1,Manhã,Não
7,2025-01-02,"Canja de frango",3,"Lanche da Tarde",1,"Campus Cedro",148164,2025-01-02,15:23:00,Sim,Não,Presente,D042A588A0E8,NULL,NULL,2693,"Sr. Lucio Alves Meireles",77085064,4,"Licenciatura em Matemática",MAT,1,Manhã,Não
7,2025-01-02,"Canja de frango",3,"Lanche da Tarde",1,"Campus Cedro",63119,2025-01-02,15:25:00,Sim,Não,Presente,F9586E46F84D,NULL,NULL,1155,"Dr. Nero Benites",00463501,4,"Licenciatura em Matemática",MAT,2,Tarde,Não
7,2025-01-02,"Canja de frango",3,"Lanche da Tarde",1,"Campus Cedro",57157,2025-01-02,15:26:00,Sim,Não,Presente,3AAF2B256456,NULL,NULL,1046,"Sra. Eduarda Sales",77350581,3,"Engenharia Mecânica",MEC,3,Noite,Não
7,2025-01-02,"Canja de frango",3,"Lanche da Tarde",1,"Campus Cedro",50216,2025-01-02,15:27:00,Não,Sim,Cancelada,EF40669CA7F4,NULL,NULL,917,"Sra. Andréia Bárbara Flores",40535034,1,"Sistemas de Informação",SI,2,Tarde,Não
7,2025-01-02,"Canja de frango",3,"Lanche da Tarde",1,"Campus Cedro",123830,2025-01-02,15:27:00,Sim,Não,Presente,C7B952B29B4F,NULL,NULL,2256,"Sr. Caio Fonseca",42650690,5,"Licenciatura em Física",FIS,3,Noite,Não
7,2025-01-02,"Canja de frango",3,"Lanche da Tarde",1,"Campus Cedro",111416,2025-01-02,15:30:00,Sim,Não,Presente,C3396029ADED,NULL,NULL,2034,"Sr. Camilo Cléber Marin",67043101,6,"Tecnologo Mecatrônica Industrial",TMI,1,Manhã,Não
7,2025-01-02,"Canja de frango",3,"Lanche da Tarde",1,"Campus Cedro",147649,2025-01-02,15:32:00,Sim,Não,Presente,FCC13F370325,NULL,NULL,2685,"Aparecida Aline Vieira",99861112,1,"Sistemas de Informação",SI,2,Tarde,Não
7,2025-01-02,"Canja de frango",3,"Lanche da Tarde",1,"Campus Cedro",36682,2025-01-02,15:35:00,Sim,Não,Presente,645994DE8343,NULL,NULL,662,"Dr. Silvana Ferreira Rodrigues Jr.",94057780,5,"Licenciatura em Física",FIS,1,Manhã,Não
7,2025-01-02,"Canja de frango",3,"Lanche da Tarde",1,"Campus Cedro",156043,2025-01-02,15:35:00,Sim,Não,Presente,909BF83314AB,NULL,NULL,2840,"Davi Gil Jr.",92418151,1,"Sistemas de Informação",SI,1,Manhã,Não
7,2025-01-02,"Canja de frango",3,"Lanche da Tarde",1,"Campus Cedro",2059,2025-01-02,15:36:00,Não,Sim,Cancelada,5658487C67BD,NULL,NULL,38,"Sr. Matheus Jimenes Padrão Neto",79359716,6,"Tecnologo Mecatrônica Industrial",TMI,2,Tarde,Não
7,2025-01-02,"Canja de frango",3,"Lanche da Tarde",1,"Campus Cedro",140181,2025-01-02,15:37:00,Sim,Não,Presente,FA7C4BE840BC,NULL,NULL,2550,"Cléber Espinoza",33260365,6,"Tecnologo Mecatrônica Industrial",TMI,1,Manhã,Não
7,2025-01-02,"Canja de frango",3,"Lanche da Tarde",1,"Campus Cedro",132358,2025-01-02,15:38:00,Sim,Não,Presente,B429B290E4F2,NULL,NULL,2407,"Wesley Téo Lourenço Filho",97923614,3,"Engenharia Mecânica",MEC,2,Tarde,Não
7,2025-01-02,"Canja de frango",3,"Lanche da Tarde",1,"Campus Cedro",80477,2025-01-02,15:45:00,Sim,Não,Presente,D7B6782099E0,NULL,NULL,1464,"Sr. James Queirós Ortega",18256031,6,"Tecnologo Mecatrônica Industrial",TMI,1,Manhã,Não
7,2025-01-02,"Canja de frango",3,"Lanche da Tarde",1,"Campus Cedro",88422,2025-01-02,15:46:00,Sim,Não,Presente,2E8470BAA0B1,NULL,NULL,1608,"Ivana Verdugo Cortês Sobrinho",68183406,5,"Licenciatura em Física",FIS,2,Tarde,Não
7,2025-01-02,"Canja de frango",3,"Lanche da Tarde",1,"Campus Cedro",49529,2025-01-02,15:56:00,Sim,Não,Presente,3803808A570C,NULL,NULL,904,"Josué George Verdara",13291520,3,"Engenharia Mecânica",MEC,2,Tarde,Não
7,2025-01-02,"Canja de frango",3,"Lanche da Tarde",1,"Campus Cedro",35619,2025-01-02,15:57:00,Sim,Não,Presente,700748B69C9F,NULL,NULL,643,"Afonso André Jimenes",48601016,5,"Licenciatura em Física",FIS,3,Noite,Não
7,2025-01-02,"Canja de frango",3,"Lanche da Tarde",1,"Campus Cedro",11854,2025-01-02,15:59:00,Sim,Não,Presente,85F257110E47,NULL,NULL,213,"Dr. Renata Vale",74982472,6,"Tecnologo Mecatrônica Industrial",TMI,3,Noite,Não
7,2025-01-02,"Canja de frango",3,"Lanche da Tarde",1,"Campus Cedro",41107,2025-01-02,16:01:00,Sim,Não,Presente,C188A84C9661,NULL,NULL,745,"Sr. Roberto Caio Quintana",85216602,1,"Sistemas de Informação",SI,3,Noite,Não
7,2025-01-02,"Canja de frango",3,"Lanche da Tarde",1,"Campus Cedro",76563,2025-01-02,16:03:00,Sim,Não,Presente,9E1BFC905E01,NULL,NULL,1394,"Tomás Alcantara Mendes",69127236,4,"Licenciatura em Matemática",MAT,2,Tarde,Não
7,2025-01-02,"Canja de frango",3,"Lanche da Tarde",1,"Campus Cedro",156961,2025-01-02,16:06:00,Sim,Não,Presente,1708C3A04249,NULL,NULL,2858,"Artur da Rosa",25577753,6,"Tecnologo Mecatrônica Industrial",TMI,2,Tarde,Não
7,2025-01-02,"Canja de frango",3,"Lanche da Tarde",1,"Campus Cedro",20629,2025-01-02,16:08:00,Sim,Não,Presente,8040CEF6D071,NULL,NULL,376,"Dr. Wagner Padrão",92339501,4,"Licenciatura em Matemática",MAT,2,Tarde,Sim
7,2025-01-02,"Canja de frango",3,"Lanche da Tarde",1,"Campus Cedro",35691,2025-01-02,16:09:00,Não,Não,Ausente,E36CB6B9E78F,"Problema de transporte",NULL,644,"Aurora Emily de Aguiar Filho",19808584,5,"Licenciatura em Física",FIS,1,Manhã,Não
7,2025-01-02,"Canja de frango",3,"Lanche da Tarde",1,"Campus Cedro",65996,2025-01-02,16:09:00,Sim,Não,Presente,22242D5E173A,NULL,NULL,1205,"Dr. Suellen D'ávila Lozano Sobrinho",47906835,2,"Engenharia de Elétrica",EE,2,Tarde,Não
7,2025-01-02,"Canja de frango",3,"Lanche da Tarde",1,"Campus Cedro",143792,2025-01-02,16:13:00,Sim,Não,Presente,EB113E4D6613,NULL,NULL,2614,"Dr. Renata Barros Deverso Filho",97627699,5,"Licenciatura em Física",FIS,2,Tarde,Não
7,2025-01-02,"Canja de frango",3,"Lanche da Tarde",1,"Campus Cedro",81490,2025-01-02,16:15:00,Sim,Não,Presente,2416EE8C8E19,NULL,NULL,1483,"Dr. Christian Tamoio Uchoa",45724246,4,"Licenciatura em Matemática",MAT,1,Manhã,Não
7,2025-01-02,"Canja de frango",3,"Lanche da Tarde",1,"Campus Cedro",120757,2025-01-02,16:15:00,Sim,Não,Presente,D52B7F01C6F8,NULL,NULL,2199,"Sr. Gilberto Balestero",25191211,2,"Engenharia de Elétrica",EE,3,Noite,Não
7,2025-01-02,"Canja de frango",3,"Lanche da Tarde",1,"Campus Cedro",112244,2025-01-02,16:18:00,Não,Não,Ausente,890C458B2E61,"Ausência justificada pelo estudante",NULL,2049,"Clara Cervantes Barreto",88235963,4,"Licenciatura em Matemática",MAT,3,Noite,Não
7,2025-01-02,"Canja de frango",3,"Lanche da Tarde",1,"Campus Cedro",5917,2025-01-02,16:20:00,Não,Não,Ausente,DE389D10719E,"Problema de saúde",NULL,106,"Jean Quintana Neto",12682647,1,"Sistemas de Informação",SI,2,Tarde,Não
7,2025-01-02,"Canja de frango",3,"Lanche da Tarde",1,"Campus Cedro",63355,2025-01-02,16:22:00,Sim,Não,Presente,9B717EF2B7A5,NULL,NULL,1159,"Srta. Kelly das Neves",87722227,2,"Engenharia de Elétrica",EE,1,Manhã,Não
7,2025-01-02,"Canja de frango",3,"Lanche da Tarde",1,"Campus Cedro",123520,2025-01-02,16:30:00,Sim,Não,Presente,9FA07DC9776F,NULL,NULL,2249,"Agustina Uchoa Marés Sobrinho",17382995,1,"Sistemas de Informação",SI,1,Manhã,Não
7,2025-01-02,"Canja de frango",3,"Lanche da Tarde",1,"Campus Cedro",133584,2025-01-02,16:31:00,Sim,Não,Presente,1617B40958F3,NULL,NULL,2430,"Dr. Walter Perez",75762727,4,"Licenciatura em Matemática",MAT,3,Noite,Não
7,2025-01-02,"Canja de frango",3,"Lanche da Tarde",1,"Campus Cedro",35778,2025-01-02,16:32:00,Sim,Não,Presente,9D6B8DAD1849,NULL,NULL,646,"Eva Isabelly Zaragoça Sobrinho",50078168,5,"Licenciatura em Física",FIS,3,Noite,Não
7,2025-01-02,"Canja de frango",3,"Lanche da Tarde",1,"Campus Cedro",97536,2025-01-02,16:34:00,Sim,Não,Presente,62FF8ABEAF9D,NULL,NULL,1776,"Dayana Cervantes Sepúlveda",82561650,2,"Engenharia de Elétrica",EE,2,Tarde,Não
7,2025-01-02,"Canja de frango",3,"Lanche da Tarde",1,"Campus Cedro",7448,2025-01-02,16:37:00,Sim,Não,Presente,B57D3D192706,NULL,NULL,133,"Srta. Raquel Paz Oliveira",16579725,3,"Engenharia Mecânica",MEC,1,Manhã,Não
7,2025-01-02,"Canja de frango",3,"Lanche da Tarde",1,"Campus Cedro",62545,2025-01-02,16:37:00,Sim,Não,Presente,1CD1B2ED93F1,NULL,NULL,1144,"Sônia Fontes Quintana Neto",11288320,3,"Engenharia Mecânica",MEC,1,Manhã,Sim
7,2025-01-02,"Canja de frango",3,"Lanche da Tarde",1,"Campus Cedro",25525,2025-01-02,16:38:00,Sim,Não,Presente,70035BD1696A,NULL,NULL,462,"Sr. Márcio Diogo Valência",61211826,6,"Tecnologo Mecatrônica Industrial",TMI,1,Manhã,Sim
7,2025-01-02,"Canja de frango",3,"Lanche da Tarde",1,"Campus Cedro",35029,2025-01-02,16:41:00,Sim,Não,Presente,998A06EA3D06,NULL,NULL,630,"Giovane Miguel Alcantara Neto",20307272,5,"Licenciatura em Física",FIS,3,Noite,Não
7,2025-01-02,"Canja de frango",3,"Lanche da Tarde",1,"Campus Cedro",29447,2025-01-02,16:43:00,Sim,Não,Presente,7D2630D4973D,NULL,NULL,532,"Eduardo Carlos Solano",54220662,6,"Tecnologo Mecatrônica Industrial",TMI,3,Noite,Não
7,2025-01-02,"Canja de frango",3,"Lanche da Tarde",1,"Campus Cedro",153424,2025-01-02,16:44:00,Sim,Não,Presente,37AD69D2E07F,NULL,NULL,2792,"Luara Cristiana Galvão Neto",78830447,2,"Engenharia de Elétrica",EE,1,Manhã,Não
7,2025-01-02,"Canja de frango",3,"Lanche da Tarde",1,"Campus Cedro",92434,2025-01-02,16:45:00,Não,Não,Ausente,48CD907EF97E,"Imprevisto pessoal",NULL,1682,"Dr. Sabrina Campos",55220034,5,"Licenciatura em Física",FIS,1,Manhã,Não
7,2025-01-02,"Canja de frango",3,"Lanche da Tarde",1,"Campus Cedro",161195,2025-01-02,16:46:00,Sim,Não,Presente,1592A53174CA,NULL,NULL,2941,"Graziela Quintana Paz",08862760,5,"Licenciatura em Física",FIS,1,Manhã,Não
7,2025-01-02,"Canja de frango",3,"Lanche da Tarde",1,"Campus Cedro",51432,2025-01-02,16:48:00,Sim,Não,Presente,C9DB763397F1,NULL,NULL,938,"Afonso Salazar",64382226,1,"Sistemas de Informação",SI,2,Tarde,Não
7,2025-01-02,"Canja de frango",3,"Lanche da Tarde",1,"Campus Cedro",94597,2025-01-02,16:48:00,Sim,Não,Presente,B7010188E534,NULL,NULL,1725,"Sra. Regiane Ortega Medina",96118809,5,"Licenciatura em Física",FIS,2,Tarde,Não
7,2025-01-02,"Canja de frango",3,"Lanche da Tarde",1,"Campus Cedro",3326,2025-01-02,16:49:00,Sim,Não,Presente,829681E3430F,NULL,NULL,60,"Fabiano Galindo Montenegro Neto",96955162,1,"Sistemas de Informação",SI,3,Noite,Não
7,2025-01-02,"Canja de frango",3,"Lanche da Tarde",1,"Campus Cedro",8595,2025-01-02,16:59:00,Sim,Não,Presente,564BF77800FF,NULL,NULL,154,"Giovane Ícaro Casanova Sobrinho",27295644,6,"Tecnologo Mecatrônica Industrial",TMI,3,Noite,Não
8,2025-01-02,"Bolo de milho com suco",4,"Lanche da Noite",1,"Campus Cedro",96060,2025-01-02,19:01:00,Sim,Não,Presente,5974BDEF6CAD,NULL,NULL,1750,"Karina Neves Paes Jr.",75438177,4,"Licenciatura em Matemática",MAT,3,Noite,Não
8,2025-01-02,"Bolo de milho com suco",4,"Lanche da Noite",1,"Campus Cedro",2242,2025-01-02,19:02:00,Sim,Não,Presente,303F92A43AA9,NULL,NULL,41,"Dr. Gean Ferreira",79335268,3,"Engenharia Mecânica",MEC,3,Noite,Não
8,2025-01-02,"Bolo de milho com suco",4,"Lanche da Noite",1,"Campus Cedro",86100,2025-01-02,19:03:00,Sim,Não,Presente,64719CD8C65A,NULL,NULL,1565,"Sra. Allison Santana",08719539,3,"Engenharia Mecânica",MEC,2,Tarde,Não
8,2025-01-02,"Bolo de milho com suco",4,"Lanche da Noite",1,"Campus Cedro",63749,2025-01-02,19:06:00,Sim,Não,Presente,26959629ADCC,NULL,NULL,1166,"Cauan Gil Neto",02462389,5,"Licenciatura em Física",FIS,3,Noite,Não
8,2025-01-02,"Bolo de milho com suco",4,"Lanche da Noite",1,"Campus Cedro",59185,2025-01-02,19:08:00,Sim,Não,Presente,06252027E8A7,NULL,NULL,1083,"Sr. Saulo Mascarenhas Martines",72548764,6,"Tecnologo Mecatrônica Industrial",TMI,1,Manhã,Não
8,2025-01-02,"Bolo de milho com suco",4,"Lanche da Noite",1,"Campus Cedro",65058,2025-01-02,19:10:00,Não,Não,Ausente,5E366967A94B,"Atividade acadêmica",NULL,1190,"Dr. Samanta Raissa Gonçalves",55241253,5,"Licenciatura em Física",FIS,2,Tarde,Não
8,2025-01-02,"Bolo de milho com suco",4,"Lanche da Noite",1,"Campus Cedro",131241,2025-01-02,19:10:00,Sim,Não,Presente,4409190D7AF3,NULL,NULL,2388,"Isabelly Velasques Filho",54050064,5,"Licenciatura em Física",FIS,2,Tarde,Não
8,2025-01-02,"Bolo de milho com suco",4,"Lanche da Noite",1,"Campus Cedro",68635,2025-01-02,19:11:00,Sim,Não,Presente,BCF624F26CE5,NULL,NULL,1252,"Sr. Luan Corona Vasques",26131490,3,"Engenharia Mecânica",MEC,2,Tarde,Não
8,2025-01-02,"Bolo de milho com suco",4,"Lanche da Noite",1,"Campus Cedro",3025,2025-01-02,19:13:00,Sim,Não,Presente,ECA97B524D26,NULL,NULL,54,"Sr. Alexandre Esteves de Oliveira Neto",65052560,3,"Engenharia Mecânica",MEC,3,Noite,Não
8,2025-01-02,"Bolo de milho com suco",4,"Lanche da Noite",1,"Campus Cedro",71365,2025-01-02,19:13:00,Sim,Não,Presente,BE02E3AFA0C3,NULL,NULL,1299,"Dr. Aurora Saraiva Saraiva Neto",98830076,1,"Sistemas de Informação",SI,1,Manhã,Não
8,2025-01-02,"Bolo de milho com suco",4,"Lanche da Noite",1,"Campus Cedro",7313,2025-01-02,19:14:00,Sim,Não,Presente,26C400121C15,NULL,NULL,131,"Andréia Carmona da Rosa Filho",88401895,6,"Tecnologo Mecatrônica Industrial",TMI,2,Tarde,Não
8,2025-01-02,"Bolo de milho com suco",4,"Lanche da Noite",1,"Campus Cedro",56775,2025-01-02,19:14:00,Sim,Não,Presente,124D6A73F85D,NULL,NULL,1039,"Sr. Breno Souza Salazar",20233570,3,"Engenharia Mecânica",MEC,2,Tarde,Não
8,2025-01-02,"Bolo de milho com suco",4,"Lanche da Noite",1,"Campus Cedro",104224,2025-01-02,19:14:00,Sim,Não,Presente,742070156135,NULL,NULL,1900,"Srta. Iasmin Garcia",26542025,3,"Engenharia Mecânica",MEC,3,Noite,Não
8,2025-01-02,"Bolo de milho com suco",4,"Lanche da Noite",1,"Campus Cedro",79065,2025-01-02,19:15:00,Sim,Não,Presente,008011AB3193,NULL,NULL,1438,"Srta. Tábata Mariana Vale Filho",04375913,4,"Licenciatura em Matemática",MAT,3,Noite,Sim
8,2025-01-02,"Bolo de milho com suco",4,"Lanche da Noite",1,"Campus Cedro",109875,2025-01-02,19:15:00,Sim,Não,Presente,204C942C13CF,NULL,NULL,2006,"Demian Ferreira",58181510,3,"Engenharia Mecânica",MEC,2,Tarde,Não
8,2025-01-02,"Bolo de milho com suco",4,"Lanche da Noite",1,"Campus Cedro",145376,2025-01-02,19:17:00,Sim,Não,Presente,B9693B67E68E,NULL,NULL,2643,"Sra. Laura Gabrielle Zambrano",22563980,6,"Tecnologo Mecatrônica Industrial",TMI,1,Manhã,Não
8,2025-01-02,"Bolo de milho com suco",4,"Lanche da Noite",1,"Campus Cedro",79628,2025-01-02,19:21:00,Sim,Não,Presente,B8DC9FDB0BD2,NULL,NULL,1447,"Horácio Emerson Bittencourt",12331439,6,"Tecnologo Mecatrônica Industrial",TMI,1,Manhã,Não
8,2025-01-02,"Bolo de milho com suco",4,"Lanche da Noite",1,"Campus Cedro",1815,2025-01-02,19:22:00,Sim,Não,Presente,4CE4C36FFCDE,NULL,NULL,33,"Srta. Silvana Barreto Sobrinho",80634585,1,"Sistemas de Informação",SI,1,Manhã,Não
8,2025-01-02,"Bolo de milho com suco",4,"Lanche da Noite",1,"Campus Cedro",99616,2025-01-02,19:23:00,Não,Não,Ausente,45E18D9D8537,"Problema de saúde",NULL,1816,"Sérgio Bonilha Maldonado Sobrinho",47083452,2,"Engenharia de Elétrica",EE,3,Noite,Não
8,2025-01-02,"Bolo de milho com suco",4,"Lanche da Noite",1,"Campus Cedro",9070,2025-01-02,19:24:00,Sim,Não,Presente,E1D967C7606D,NULL,NULL,162,"Naomi Duarte Neto",66352854,6,"Tecnologo Mecatrônica Industrial",TMI,1,Manhã,Não
8,2025-01-02,"Bolo de milho com suco",4,"Lanche da Noite",1,"Campus Cedro",144247,2025-01-02,19:27:00,Sim,Não,Presente,495345C9E7E7,NULL,NULL,2623,"Dr. Daniel Samuel Torres Jr.",14680085,3,"Engenharia Mecânica",MEC,3,Noite,Não
8,2025-01-02,"Bolo de milho com suco",4,"Lanche da Noite",1,"Campus Cedro",158581,2025-01-02,19:28:00,Sim,Não,Presente,DDE2393BE4C8,NULL,NULL,2890,"Dr. Yuri Matos Filho",45261316,6,"Tecnologo Mecatrônica Industrial",TMI,2,Tarde,Não
8,2025-01-02,"Bolo de milho com suco",4,"Lanche da Noite",1,"Campus Cedro",28324,2025-01-02,19:29:00,Sim,Não,Presente,4E796F468D54,NULL,NULL,513,"Talita Martines Souza",11164157,2,"Engenharia de Elétrica",EE,3,Noite,Não
8,2025-01-02,"Bolo de milho com suco",4,"Lanche da Noite",1,"Campus Cedro",121820,2025-01-02,19:29:00,Sim,Não,Presente,30B93945ECA6,NULL,NULL,2217,"Sra. Ariana de Souza Filho",27571942,6,"Tecnologo Mecatrônica Industrial",TMI,2,Tarde,Não
8,2025-01-02,"Bolo de milho com suco",4,"Lanche da Noite",1,"Campus Cedro",82765,2025-01-02,19:30:00,Sim,Não,Presente,16C14D982F41,NULL,NULL,1505,"Miranda Mirella Santiago",14523547,2,"Engenharia de Elétrica",EE,1,Manhã,Não
8,2025-01-02,"Bolo de milho com suco",4,"Lanche da Noite",1,"Campus Cedro",105467,2025-01-02,19:30:00,Sim,Não,Presente,40BE292C657D,NULL,NULL,1924,"Wilson Rivera Filho",79663549,4,"Licenciatura em Matemática",MAT,2,Tarde,Não
8,2025-01-02,"Bolo de milho com suco",4,"Lanche da Noite",1,"Campus Cedro",67717,2025-01-02,19:31:00,Sim,Não,Presente,080D0C9E715E,NULL,NULL,1235,"Samuel Cruz Ávila",84754340,2,"Engenharia de Elétrica",EE,2,Tarde,Sim
8,2025-01-02,"Bolo de milho com suco",4,"Lanche da Noite",1,"Campus Cedro",118428,2025-01-02,19:31:00,Sim,Não,Presente,3FE45D396B59,NULL,NULL,2159,"Tiago Velasques",79299271,2,"Engenharia de Elétrica",EE,2,Tarde,Não
8,2025-01-02,"Bolo de milho com suco",4,"Lanche da Noite",1,"Campus Cedro",126383,2025-01-02,19:31:00,Sim,Não,Presente,ACC3F189E965,NULL,NULL,2300,"Isadora Janaina Colaço Sobrinho",31633530,3,"Engenharia Mecânica",MEC,3,Noite,Não
8,2025-01-02,"Bolo de milho com suco",4,"Lanche da Noite",1,"Campus Cedro",96394,2025-01-02,19:32:00,Não,Não,Ausente,EEC5C7DB9E1C,"Imprevisto pessoal",NULL,1757,"Dr. Luciana Benites",07604639,2,"Engenharia de Elétrica",EE,1,Manhã,Não
8,2025-01-02,"Bolo de milho com suco",4,"Lanche da Noite",1,"Campus Cedro",19555,2025-01-02,19:34:00,Sim,Não,Presente,EC0EE7CB4E57,NULL,NULL,356,"Michelle Jéssica Garcia",51384195,4,"Licenciatura em Matemática",MAT,2,Tarde,Não
8,2025-01-02,"Bolo de milho com suco",4,"Lanche da Noite",1,"Campus Cedro",65678,2025-01-02,19:35:00,Não,Sim,Cancelada,A7C8B1E9E455,NULL,NULL,1200,"Eva Luara Assunção",73686271,3,"Engenharia Mecânica",MEC,3,Noite,Não
8,2025-01-02,"Bolo de milho com suco",4,"Lanche da Noite",1,"Campus Cedro",108811,2025-01-02,19:37:00,Sim,Não,Presente,C3839A95EEF9,NULL,NULL,1987,"Samuel Rezende Neto",76298833,5,"Licenciatura em Física",FIS,2,Tarde,Não
8,2025-01-02,"Bolo de milho com suco",4,"Lanche da Noite",1,"Campus Cedro",7987,2025-01-02,19:40:00,Sim,Não,Presente,0645ED6C1ABC,NULL,NULL,142,"Sr. Kevin Feliciano Sobrinho",87807608,4,"Licenciatura em Matemática",MAT,3,Noite,Não
8,2025-01-02,"Bolo de milho com suco",4,"Lanche da Noite",1,"Campus Cedro",132135,2025-01-02,19:45:00,Sim,Não,Presente,380A02BC7B50,NULL,NULL,2403,"Patrícia Romero",62383329,5,"Licenciatura em Física",FIS,3,Noite,Não
8,2025-01-02,"Bolo de milho com suco",4,"Lanche da Noite",1,"Campus Cedro",11383,2025-01-02,19:47:00,Não,Sim,Cancelada,D4A248766A98,NULL,NULL,204,"Mia Carolina Oliveira Jr.",95618883,2,"Engenharia de Elétrica",EE,2,Tarde,Não
8,2025-01-02,"Bolo de milho com suco",4,"Lanche da Noite",1,"Campus Cedro",90350,2025-01-02,19:48:00,Sim,Não,Presente,9EFEFBC4601B,NULL,NULL,1642,"Dr. Leandro Murilo Faro Jr.",90960613,6,"Tecnologo Mecatrônica Industrial",TMI,3,Noite,Não
8,2025-01-02,"Bolo de milho com suco",4,"Lanche da Noite",1,"Campus Cedro",47662,2025-01-02,19:49:00,Sim,Não,Presente,1B1E453933B2,NULL,NULL,867,"Dr. Deivid Afonso Lutero Neto",46083422,2,"Engenharia de Elétrica",EE,1,Manhã,Não
8,2025-01-02,"Bolo de milho com suco",4,"Lanche da Noite",1,"Campus Cedro",45793,2025-01-02,19:50:00,Sim,Não,Presente,90C99846269D,NULL,NULL,831,"Laís Montenegro Neto",40624118,6,"Tecnologo Mecatrônica Industrial",TMI,2,Tarde,Não
8,2025-01-02,"Bolo de milho com suco",4,"Lanche da Noite",1,"Campus Cedro",148889,2025-01-02,19:50:00,Não,Não,Ausente,B1A79DF7BD09,"Atividade acadêmica",NULL,2707,"Victor Ferreira Pena Jr.",20917215,5,"Licenciatura em Física",FIS,2,Tarde,Não
8,2025-01-02,"Bolo de milho com suco",4,"Lanche da Noite",1,"Campus Cedro",73796,2025-01-02,19:52:00,Sim,Não,Presente,5773C937FE01,NULL,NULL,1344,"Dr. Joyce Janaina Cruz Filho",79162901,3,"Engenharia Mecânica",MEC,1,Manhã,Sim
8,2025-01-02,"Bolo de milho com suco",4,"Lanche da Noite",1,"Campus Cedro",104716,2025-01-02,19:53:00,Sim,Não,Presente,30674CA9885D,NULL,NULL,1909,"Elias Balestero Saraiva",73055923,5,"Licenciatura em Física",FIS,2,Tarde,Não
8,2025-01-02,"Bolo de milho com suco",4,"Lanche da Noite",1,"Campus Cedro",139494,2025-01-02,19:55:00,Sim,Não,Presente,70B54D8AD23C,NULL,NULL,2539,"Reinaldo Hugo Ávila Filho",03593728,4,"Licenciatura em Matemática",MAT,2,Tarde,Não
8,2025-01-02,"Bolo de milho com suco",4,"Lanche da Noite",1,"Campus Cedro",46902,2025-01-02,19:57:00,Sim,Não,Presente,AEA222729FCE,NULL,NULL,853,"Sra. Heloise Amaral",16884768,4,"Licenciatura em Matemática",MAT,3,Noite,Não
8,2025-01-02,"Bolo de milho com suco",4,"Lanche da Noite",1,"Campus Cedro",139338,2025-01-02,19:57:00,Não,Não,Ausente,FA6CE2E902F0,"Ausência justificada pelo estudante",NULL,2536,"Ziraldo Renato Pereira Sobrinho",52622977,4,"Licenciatura em Matemática",MAT,3,Noite,Não
8,2025-01-02,"Bolo de milho com suco",4,"Lanche da Noite",1,"Campus Cedro",54140,2025-01-02,19:58:00,Sim,Não,Presente,7E33DE02F278,NULL,NULL,991,"Dr. Guilherme Alessandro Grego",39871277,5,"Licenciatura em Física",FIS,1,Manhã,Não
8,2025-01-02,"Bolo de milho com suco",4,"Lanche da Noite",1,"Campus Cedro",41497,2025-01-02,19:59:00,Sim,Não,Presente,906617CFE437,NULL,NULL,751,"Dr. Verônica Marques",90210294,6,"Tecnologo Mecatrônica Industrial",TMI,2,Tarde,Sim
8,2025-01-02,"Bolo de milho com suco",4,"Lanche da Noite",1,"Campus Cedro",123831,2025-01-02,20:00:00,Sim,Não,Presente,069E20985484,NULL,NULL,2256,"Sr. Caio Fonseca",42650690,5,"Licenciatura em Física",FIS,3,Noite,Não
8,2025-01-02,"Bolo de milho com suco",4,"Lanche da Noite",1,"Campus Cedro",106693,2025-01-02,20:02:00,Sim,Não,Presente,D12D99E572BB,NULL,NULL,1947,"Cezar Santana Salazar",64992534,2,"Engenharia de Elétrica",EE,1,Manhã,Não
8,2025-01-02,"Bolo de milho com suco",4,"Lanche da Noite",1,"Campus Cedro",89266,2025-01-02,20:03:00,Não,Sim,Cancelada,66624B4BA6AB,NULL,NULL,1624,"Renato Sanches Garcia Neto",27686693,5,"Licenciatura em Física",FIS,3,Noite,Não
8,2025-01-02,"Bolo de milho com suco",4,"Lanche da Noite",1,"Campus Cedro",157226,2025-01-02,20:04:00,Sim,Não,Presente,0D87674A6E14,NULL,NULL,2863,"Pâmela Ramires",48124852,2,"Engenharia de Elétrica",EE,2,Tarde,Não
8,2025-01-02,"Bolo de milho com suco",4,"Lanche da Noite",1,"Campus Cedro",142463,2025-01-02,20:09:00,Sim,Não,Presente,EC4AFDAA4A3D,NULL,NULL,2589,"Cezar Pereira Jr.",76100147,3,"Engenharia Mecânica",MEC,3,Noite,Não
8,2025-01-02,"Bolo de milho com suco",4,"Lanche da Noite",1,"Campus Cedro",126153,2025-01-02,20:10:00,Sim,Não,Presente,3BA10A20B6AD,NULL,NULL,2296,"Sra. Nathalia Garcia",33557130,2,"Engenharia de Elétrica",EE,1,Manhã,Sim
8,2025-01-02,"Bolo de milho com suco",4,"Lanche da Noite",1,"Campus Cedro",19277,2025-01-02,20:11:00,Sim,Não,Presente,E7CD67EC2669,NULL,NULL,351,"Yohanna Meireles Pontes Sobrinho",14172947,4,"Licenciatura em Matemática",MAT,1,Manhã,Não
8,2025-01-02,"Bolo de milho com suco",4,"Lanche da Noite",1,"Campus Cedro",116325,2025-01-02,20:11:00,Sim,Não,Presente,BB67763F0C34,NULL,NULL,2121,"Ariane Vitória Dias",70514512,4,"Licenciatura em Matemática",MAT,2,Tarde,Não
8,2025-01-02,"Bolo de milho com suco",4,"Lanche da Noite",1,"Campus Cedro",14681,2025-01-02,20:13:00,Sim,Não,Presente,264E8913F2DC,NULL,NULL,267,"Nero de Freitas Sobrinho",15616896,3,"Engenharia Mecânica",MEC,1,Manhã,Não
8,2025-01-02,"Bolo de milho com suco",4,"Lanche da Noite",1,"Campus Cedro",67873,2025-01-02,20:13:00,Sim,Não,Presente,D2F125B4F625,NULL,NULL,1237,"Dr. Bia Souza Valência Filho",57265790,4,"Licenciatura em Matemática",MAT,2,Tarde,Não
8,2025-01-02,"Bolo de milho com suco",4,"Lanche da Noite",1,"Campus Cedro",116840,2025-01-02,20:13:00,Sim,Não,Presente,FCC9B1F1693B,NULL,NULL,2131,"Tomás Madeira Salazar Filho",73645620,6,"Tecnologo Mecatrônica Industrial",TMI,1,Manhã,Não
8,2025-01-02,"Bolo de milho com suco",4,"Lanche da Noite",1,"Campus Cedro",87119,2025-01-02,20:14:00,Sim,Não,Presente,3AF6C5A90B32,NULL,NULL,1584,"Luiz Marés",32827313,2,"Engenharia de Elétrica",EE,1,Manhã,Não
8,2025-01-02,"Bolo de milho com suco",4,"Lanche da Noite",1,"Campus Cedro",153759,2025-01-02,20:17:00,Sim,Não,Presente,C8E70195C80E,NULL,NULL,2799,"Dr. Dayana Amaral",45934489,2,"Engenharia de Elétrica",EE,1,Manhã,Sim
8,2025-01-02,"Bolo de milho com suco",4,"Lanche da Noite",1,"Campus Cedro",105269,2025-01-02,20:18:00,Sim,Não,Presente,11C6A1A2C270,NULL,NULL,1920,"Vitória das Neves Velasques",59649466,4,"Licenciatura em Matemática",MAT,2,Tarde,Não
8,2025-01-02,"Bolo de milho com suco",4,"Lanche da Noite",1,"Campus Cedro",39580,2025-01-02,20:19:00,Não,Sim,Cancelada,2338BD3709DD,NULL,NULL,718,"Tatiana Dias Sales Filho",32549709,5,"Licenciatura em Física",FIS,1,Manhã,Não
8,2025-01-02,"Bolo de milho com suco",4,"Lanche da Noite",1,"Campus Cedro",46680,2025-01-02,20:19:00,Sim,Não,Presente,A94E74FDC9E6,NULL,NULL,849,"Sra. Sônia Ketlin Roque",77293387,2,"Engenharia de Elétrica",EE,3,Noite,Não
8,2025-01-02,"Bolo de milho com suco",4,"Lanche da Noite",1,"Campus Cedro",2386,2025-01-02,20:21:00,Não,Sim,Cancelada,CF68E5210D7D,NULL,NULL,43,"Hugo da Rosa Maia Sobrinho",51610922,1,"Sistemas de Informação",SI,1,Manhã,Não
8,2025-01-02,"Bolo de milho com suco",4,"Lanche da Noite",1,"Campus Cedro",11273,2025-01-02,20:23:00,Sim,Não,Presente,98EA3802ACA9,NULL,NULL,202,"Diogo Velasques Rocha",00452597,3,"Engenharia Mecânica",MEC,2,Tarde,Não
8,2025-01-02,"Bolo de milho com suco",4,"Lanche da Noite",1,"Campus Cedro",86495,2025-01-02,20:24:00,Sim,Não,Presente,8EF6E1A40C75,NULL,NULL,1572,"Dr. Sophia Sepúlveda",01477631,1,"Sistemas de Informação",SI,2,Tarde,Sim
8,2025-01-02,"Bolo de milho com suco",4,"Lanche da Noite",1,"Campus Cedro",586,2025-01-02,20:26:00,Sim,Não,Presente,D15564DC4755,NULL,NULL,10,"Srta. Natália Lovato",26130518,1,"Sistemas de Informação",SI,2,Tarde,Não
8,2025-01-02,"Bolo de milho com suco",4,"Lanche da Noite",1,"Campus Cedro",121863,2025-01-02,20:30:00,Sim,Não,Presente,44FEBC502135,NULL,NULL,2218,"Sra. Jasmin Ferreira Neto",45016828,6,"Tecnologo Mecatrônica Industrial",TMI,3,Noite,Não
8,2025-01-02,"Bolo de milho com suco",4,"Lanche da Noite",1,"Campus Cedro",157497,2025-01-02,20:30:00,Sim,Não,Presente,B39A831FD1AA,NULL,NULL,2868,"Paulo Luciano Santana",07172056,4,"Licenciatura em Matemática",MAT,2,Tarde,Não
8,2025-01-02,"Bolo de milho com suco",4,"Lanche da Noite",1,"Campus Cedro",56630,2025-01-02,20:33:00,Sim,Não,Presente,52B995F7846F,NULL,NULL,1037,"Juliana Gonçalves Fonseca Sobrinho",19842609,2,"Engenharia de Elétrica",EE,1,Manhã,Não
8,2025-01-02,"Bolo de milho com suco",4,"Lanche da Noite",1,"Campus Cedro",97792,2025-01-02,20:33:00,Sim,Não,Presente,450B6754990A,NULL,NULL,1782,"Sr. Cristian Pacheco Barreto Neto",93437132,2,"Engenharia de Elétrica",EE,3,Noite,Não
8,2025-01-02,"Bolo de milho com suco",4,"Lanche da Noite",1,"Campus Cedro",53837,2025-01-02,20:34:00,Sim,Não,Presente,6CE325FF294D,NULL,NULL,986,"Sônia Leal Gonçalves",86999345,4,"Licenciatura em Matemática",MAT,2,Tarde,Não
8,2025-01-02,"Bolo de milho com suco",4,"Lanche da Noite",1,"Campus Cedro",30482,2025-01-02,20:37:00,Sim,Não,Presente,35E27A97210E,NULL,NULL,548,"Eduardo Teles Cortês Jr.",42288507,1,"Sistemas de Informação",SI,3,Noite,Não
8,2025-01-02,"Bolo de milho com suco",4,"Lanche da Noite",1,"Campus Cedro",69253,2025-01-02,20:37:00,Sim,Não,Presente,2E6844389319,NULL,NULL,1261,"Benjamin Alexandre Maldonado Jr.",58879250,2,"Engenharia de Elétrica",EE,2,Tarde,Sim
8,2025-01-02,"Bolo de milho com suco",4,"Lanche da Noite",1,"Campus Cedro",14964,2025-01-02,20:38:00,Sim,Não,Presente,B338364A4F1D,NULL,NULL,272,"Dr. Alonso Ramos Jr.",62368918,2,"Engenharia de Elétrica",EE,1,Manhã,Não
8,2025-01-02,"Bolo de milho com suco",4,"Lanche da Noite",1,"Campus Cedro",33685,2025-01-02,20:38:00,Sim,Não,Presente,914E653A0BD2,NULL,NULL,606,"Sr. Reinaldo Lozano Gusmão Filho",37247806,2,"Engenharia de Elétrica",EE,1,Manhã,Não
8,2025-01-02,"Bolo de milho com suco",4,"Lanche da Noite",1,"Campus Cedro",147817,2025-01-02,20:38:00,Não,Não,Ausente,7F9D1EE1A1E3,"Ausência justificada pelo estudante",NULL,2688,"Dr. Rafaela Mendes Bittencourt",07985345,4,"Licenciatura em Matemática",MAT,2,Tarde,Não
8,2025-01-02,"Bolo de milho com suco",4,"Lanche da Noite",1,"Campus Cedro",161330,2025-01-02,20:38:00,Sim,Não,Presente,58FAEE333B85,NULL,NULL,2943,"Sra. Tâmara Reis Filho",65768648,4,"Licenciatura em Matemática",MAT,2,Tarde,Não
8,2025-01-02,"Bolo de milho com suco",4,"Lanche da Noite",1,"Campus Cedro",8999,2025-01-02,20:42:00,Sim,Não,Presente,6799B3CF7D25,NULL,NULL,161,"Srta. Elisa Rico Sobrinho",57756946,5,"Licenciatura em Física",FIS,1,Manhã,Não
8,2025-01-02,"Bolo de milho com suco",4,"Lanche da Noite",1,"Campus Cedro",46833,2025-01-02,20:42:00,Sim,Não,Presente,3A1AA6A2FCFB,NULL,NULL,852,"Sr. Christian Martines Casanova",48112675,3,"Engenharia Mecânica",MEC,1,Manhã,Não
8,2025-01-02,"Bolo de milho com suco",4,"Lanche da Noite",1,"Campus Cedro",9172,2025-01-02,20:45:00,Sim,Não,Presente,1AEA2EA4D925,NULL,NULL,164,"Dr. Emerson Leo Rosa Filho",31158505,2,"Engenharia de Elétrica",EE,3,Noite,Não
8,2025-01-02,"Bolo de milho com suco",4,"Lanche da Noite",1,"Campus Cedro",102019,2025-01-02,20:46:00,Não,Não,Ausente,541990FB7440,"Problema de saúde",NULL,1859,"Sr. William William Rezende",93330575,6,"Tecnologo Mecatrônica Industrial",TMI,1,Manhã,Não
8,2025-01-02,"Bolo de milho com suco",4,"Lanche da Noite",1,"Campus Cedro",124785,2025-01-02,20:46:00,Sim,Não,Presente,996A9C53E1FF,NULL,NULL,2274,"Dr. Sergio Santacruz",94519137,6,"Tecnologo Mecatrônica Industrial",TMI,3,Noite,Não
8,2025-01-02,"Bolo de milho com suco",4,"Lanche da Noite",1,"Campus Cedro",54074,2025-01-02,20:48:00,Não,Sim,Cancelada,0A765940D2C3,NULL,NULL,990,"Sra. Miranda Leon Padrão Jr.",57553475,6,"Tecnologo Mecatrônica Industrial",TMI,2,Tarde,Não
8,2025-01-02,"Bolo de milho com suco",4,"Lanche da Noite",1,"Campus Cedro",81562,2025-01-02,20:48:00,Sim,Não,Presente,36E8EC81D5C9,NULL,NULL,1484,"Srta. Alessandra Rosa Teles Filho",04060958,6,"Tecnologo Mecatrônica Industrial",TMI,1,Manhã,Não
8,2025-01-02,"Bolo de milho com suco",4,"Lanche da Noite",1,"Campus Cedro",131996,2025-01-02,20:48:00,Sim,Não,Presente,ECFE229D7DE6,NULL,NULL,2401,"Srta. Betina Toledo",91682915,1,"Sistemas de Informação",SI,1,Manhã,Sim
8,2025-01-02,"Bolo de milho com suco",4,"Lanche da Noite",1,"Campus Cedro",82230,2025-01-02,20:54:00,Não,Sim,Cancelada,DD2B5CAD0461,NULL,NULL,1495,"Dr. Rafael Salazar Neto",23419469,3,"Engenharia Mecânica",MEC,1,Manhã,Sim
8,2025-01-02,"Bolo de milho com suco",4,"Lanche da Noite",1,"Campus Cedro",78119,2025-01-02,20:56:00,Sim,Não,Presente,1F15E2EE870E,NULL,NULL,1422,"Sra. Patrícia Vanessa Carmona",38515886,1,"Sistemas de Informação",SI,3,Noite,Não
8,2025-01-02,"Bolo de milho com suco",4,"Lanche da Noite",1,"Campus Cedro",26316,2025-01-02,20:57:00,Sim,Não,Presente,3DD740CC205D,NULL,NULL,477,"Gustavo D'ávila",76779566,5,"Licenciatura em Física",FIS,1,Manhã,Sim
8,2025-01-02,"Bolo de milho com suco",4,"Lanche da Noite",1,"Campus Cedro",66383,2025-01-02,20:58:00,Sim,Não,Presente,D8219632FAFE,NULL,NULL,1211,"Dr. Emanuel Ronaldo Faro Filho",05989449,5,"Licenciatura em Física",FIS,1,Manhã,Não
8,2025-01-02,"Bolo de milho com suco",4,"Lanche da Noite",1,"Campus Cedro",72887,2025-01-02,20:58:00,Sim,Não,Presente,E761151854D9,NULL,NULL,1327,"Dr. Emanuelly Sônia de Aguiar Neto",43941701,6,"Tecnologo Mecatrônica Industrial",TMI,1,Manhã,Não
8,2025-01-02,"Bolo de milho com suco",4,"Lanche da Noite",1,"Campus Cedro",8596,2025-01-02,21:00:00,Sim,Não,Presente,4F87E7C555C2,NULL,NULL,154,"Giovane Ícaro Casanova Sobrinho",27295644,6,"Tecnologo Mecatrônica Industrial",TMI,3,Noite,Não
8,2025-01-02,"Bolo de milho com suco",4,"Lanche da Noite",1,"Campus Cedro",68711,2025-01-02,21:00:00,Sim,Não,Presente,46F0EE0C136D,NULL,NULL,1253,"Sr. William Lucio Salas",83060657,5,"Licenciatura em Física",FIS,1,Manhã,Não
8,2025-01-02,"Bolo de milho com suco",4,"Lanche da Noite",1,"Campus Cedro",152669,2025-01-02,21:00:00,Sim,Não,Presente,7C1B2911786D,NULL,NULL,2779,"Dr. Théo Serra",07666017,3,"Engenharia Mecânica",MEC,1,Manhã,Não
8,2025-01-02,"Bolo de milho com suco",4,"Lanche da Noite",1,"Campus Cedro",51554,2025-01-02,21:01:00,Sim,Não,Presente,F72D290B3BD4,NULL,NULL,940,"Joaquin Burgos",45398465,1,"Sistemas de Informação",SI,3,Noite,Sim
8,2025-01-02,"Bolo de milho com suco",4,"Lanche da Noite",1,"Campus Cedro",149403,2025-01-02,21:03:00,Sim,Não,Presente,B430803C93F9,NULL,NULL,2715,"Carla Viviane Benez",00360357,2,"Engenharia de Elétrica",EE,3,Noite,Não
8,2025-01-02,"Bolo de milho com suco",4,"Lanche da Noite",1,"Campus Cedro",63532,2025-01-02,21:04:00,Sim,Não,Presente,53735B42A574,NULL,NULL,1163,"Jasmin Molina Romero",67533008,4,"Licenciatura em Matemática",MAT,1,Manhã,Não
8,2025-01-02,"Bolo de milho com suco",4,"Lanche da Noite",1,"Campus Cedro",74224,2025-01-02,21:06:00,Sim,Não,Presente,B89AC05C6C74,NULL,NULL,1351,"Sr. Tomás Leonardo Abreu Jr.",44360840,3,"Engenharia Mecânica",MEC,2,Tarde,Não
8,2025-01-02,"Bolo de milho com suco",4,"Lanche da Noite",1,"Campus Cedro",100480,2025-01-02,21:07:00,Sim,Não,Presente,247991F05C00,NULL,NULL,1830,"Antônio Maldonado Pacheco",55031995,2,"Engenharia de Elétrica",EE,1,Manhã,Não
8,2025-01-02,"Bolo de milho com suco",4,"Lanche da Noite",1,"Campus Cedro",138534,2025-01-02,21:08:00,Sim,Não,Presente,117D1459B0FB,NULL,NULL,2521,"Sra. Eloah Daiana Paz Jr.",14996363,5,"Licenciatura em Física",FIS,3,Noite,Não
8,2025-01-02,"Bolo de milho com suco",4,"Lanche da Noite",1,"Campus Cedro",72788,2025-01-02,21:09:00,Sim,Não,Presente,8BDF61410683,NULL,NULL,1325,"Dr. Allan Burgos Molina",30495301,1,"Sistemas de Informação",SI,1,Manhã,Não
8,2025-01-02,"Bolo de milho com suco",4,"Lanche da Noite",1,"Campus Cedro",23920,2025-01-02,21:10:00,Sim,Não,Presente,58AC3FCD3919,NULL,NULL,435,"Alexandre Vale",50370197,2,"Engenharia de Elétrica",EE,1,Manhã,Não
8,2025-01-02,"Bolo de milho com suco",4,"Lanche da Noite",1,"Campus Cedro",111319,2025-01-02,21:10:00,Sim,Não,Presente,4445E3AE92E0,NULL,NULL,2032,"Valéria Mendonça Neto",50607249,5,"Licenciatura em Física",FIS,3,Noite,Não
8,2025-01-02,"Bolo de milho com suco",4,"Lanche da Noite",1,"Campus Cedro",141033,2025-01-02,21:16:00,Sim,Não,Presente,918920624774,NULL,NULL,2564,"Sra. Manoela Ferreira Ortiz Sobrinho",89255770,2,"Engenharia de Elétrica",EE,3,Noite,Não
8,2025-01-02,"Bolo de milho com suco",4,"Lanche da Noite",1,"Campus Cedro",82542,2025-01-02,21:20:00,Sim,Não,Presente,F95570095643,NULL,NULL,1501,"Sra. Débora Chaves Soto",99505412,2,"Engenharia de Elétrica",EE,2,Tarde,Não
8,2025-01-02,"Bolo de milho com suco",4,"Lanche da Noite",1,"Campus Cedro",153352,2025-01-02,21:20:00,Sim,Não,Presente,138095D1C3F5,NULL,NULL,2791,"Thalissa Gabriela Balestero",65143107,1,"Sistemas de Informação",SI,1,Manhã,Não
8,2025-01-02,"Bolo de milho com suco",4,"Lanche da Noite",1,"Campus Cedro",160160,2025-01-02,21:27:00,Sim,Não,Presente,D6256C0F9A01,NULL,NULL,2921,"Sr. Jorge Bonilha Lutero",75407009,1,"Sistemas de Informação",SI,2,Tarde,Sim
8,2025-01-02,"Bolo de milho com suco",4,"Lanche da Noite",1,"Campus Cedro",12973,2025-01-02,21:28:00,Sim,Não,Presente,4A8C954645E6,NULL,NULL,233,"Daniel Deverso Rocha",51162915,3,"Engenharia Mecânica",MEC,3,Noite,Não
8,2025-01-02,"Bolo de milho com suco",4,"Lanche da Noite",1,"Campus Cedro",46732,2025-01-02,21:28:00,Não,Não,Ausente,8390B325B859,"Problema de transporte",NULL,850,"Jorge Natal Delatorre",13270943,2,"Engenharia de Elétrica",EE,2,Tarde,Não
8,2025-01-02,"Bolo de milho com suco",4,"Lanche da Noite",1,"Campus Cedro",14211,2025-01-02,21:31:00,Não,Sim,Cancelada,FB008E839ED8,NULL,NULL,257,"Tiago Luan Dias",05688727,2,"Engenharia de Elétrica",EE,3,Noite,Não
8,2025-01-02,"Bolo de milho com suco",4,"Lanche da Noite",1,"Campus Cedro",53660,2025-01-02,21:31:00,Sim,Não,Presente,A517B858AF96,NULL,NULL,982,"Reinaldo Rosa Brito",05295033,5,"Licenciatura em Física",FIS,3,Noite,Não
8,2025-01-02,"Bolo de milho com suco",4,"Lanche da Noite",1,"Campus Cedro",132189,2025-01-02,21:33:00,Sim,Não,Presente,78457D578B6A,NULL,NULL,2404,"Dr. Sérgio Nero Corona Sobrinho",04283667,6,"Tecnologo Mecatrônica Industrial",TMI,3,Noite,Não
8,2025-01-02,"Bolo de milho com suco",4,"Lanche da Noite",1,"Campus Cedro",156359,2025-01-02,21:34:00,Não,Não,Ausente,2F332BA85828,"Problema de transporte",NULL,2846,"Dr. Mirela Garcia",59970046,3,"Engenharia Mecânica",MEC,3,Noite,Não
8,2025-01-02,"Bolo de milho com suco",4,"Lanche da Noite",1,"Campus Cedro",86257,2025-01-02,21:37:00,Sim,Não,Presente,78D24036E367,NULL,NULL,1568,"Sr. Marcelo Bernardo Cordeiro",05390496,1,"Sistemas de Informação",SI,1,Manhã,Não
8,2025-01-02,"Bolo de milho com suco",4,"Lanche da Noite",1,"Campus Cedro",101141,2025-01-02,21:38:00,Sim,Não,Presente,4437CF414312,NULL,NULL,1843,"Dr. Cauan Lira",15265230,6,"Tecnologo Mecatrônica Industrial",TMI,3,Noite,Não
8,2025-01-02,"Bolo de milho com suco",4,"Lanche da Noite",1,"Campus Cedro",73522,2025-01-02,21:39:00,Sim,Não,Presente,340ABC32BBD8,NULL,NULL,1339,"Dr. Angélica Vasques Cruz Neto",89893698,4,"Licenciatura em Matemática",MAT,2,Tarde,Não
8,2025-01-02,"Bolo de milho com suco",4,"Lanche da Noite",1,"Campus Cedro",144483,2025-01-02,21:39:00,Sim,Não,Presente,1E45C016E343,NULL,NULL,2627,"Dr. Gisele Andressa Pereira",03017307,5,"Licenciatura em Física",FIS,2,Tarde,Não
8,2025-01-02,"Bolo de milho com suco",4,"Lanche da Noite",1,"Campus Cedro",75449,2025-01-02,21:42:00,Sim,Não,Presente,B7988CDA6E6C,NULL,NULL,1373,"Sra. Paulina Maísa Uchoa",52162387,4,"Licenciatura em Matemática",MAT,2,Tarde,Sim
8,2025-01-02,"Bolo de milho com suco",4,"Lanche da Noite",1,"Campus Cedro",134791,2025-01-02,21:42:00,Sim,Não,Presente,CFF649154F1D,NULL,NULL,2452,"Sr. Joaquim Galhardo Santana Sobrinho",80636498,2,"Engenharia de Elétrica",EE,3,Noite,Não
8,2025-01-02,"Bolo de milho com suco",4,"Lanche da Noite",1,"Campus Cedro",83168,2025-01-02,21:44:00,Não,Não,Ausente,06F38B7E83DB,"Problema de transporte",NULL,1513,"Aurora Padrão Filho",39403541,6,"Tecnologo Mecatrônica Industrial",TMI,2,Tarde,Não
8,2025-01-02,"Bolo de milho com suco",4,"Lanche da Noite",1,"Campus Cedro",130081,2025-01-02,21:44:00,Sim,Não,Presente,7F690058D53A,NULL,NULL,2368,"Sr. Leandro Arruda Jr.",53452740,6,"Tecnologo Mecatrônica Industrial",TMI,1,Manhã,Não
8,2025-01-02,"Bolo de milho com suco",4,"Lanche da Noite",1,"Campus Cedro",80399,2025-01-02,21:47:00,Sim,Não,Presente,41512D88EE46,NULL,NULL,1462,"Marta Ramires Sandoval Sobrinho",49765583,2,"Engenharia de Elétrica",EE,1,Manhã,Não
8,2025-01-02,"Bolo de milho com suco",4,"Lanche da Noite",1,"Campus Cedro",144014,2025-01-02,21:47:00,Sim,Não,Presente,F95287E3A63C,NULL,NULL,2619,"Sra. Nathalia Souza Jimenes Neto",29481558,3,"Engenharia Mecânica",MEC,1,Manhã,Não
8,2025-01-02,"Bolo de milho com suco",4,"Lanche da Noite",1,"Campus Cedro",95462,2025-01-02,21:49:00,Sim,Não,Presente,DDE099DE2A4A,NULL,NULL,1740,"Francisco Esteves",61677715,6,"Tecnologo Mecatrônica Industrial",TMI,3,Noite,Sim
8,2025-01-02,"Bolo de milho com suco",4,"Lanche da Noite",1,"Campus Cedro",102786,2025-01-02,21:53:00,Sim,Não,Presente,41ED985DA971,NULL,NULL,1875,"Srta. Betina Maya Uchoa",95587897,2,"Engenharia de Elétrica",EE,2,Tarde,Não
8,2025-01-02,"Bolo de milho com suco",4,"Lanche da Noite",1,"Campus Cedro",50102,2025-01-02,21:54:00,Não,Não,Ausente,F5325C9CE0F2,"Imprevisto pessoal",NULL,915,"Sra. Milena Martines",75848193,1,"Sistemas de Informação",SI,2,Tarde,Não
8,2025-01-02,"Bolo de milho com suco",4,"Lanche da Noite",1,"Campus Cedro",150413,2025-01-02,21:57:00,Sim,Não,Presente,F02347915DB5,NULL,NULL,2735,"Demian Nelson Meireles Sobrinho",07954527,5,"Licenciatura em Física",FIS,1,Manhã,Não
8,2025-01-02,"Bolo de milho com suco",4,"Lanche da Noite",1,"Campus Cedro",68789,2025-01-02,21:58:00,Não,Não,Ausente,569D174F5D81,"Problema de saúde",NULL,1254,"Sergio Padilha",66203029,3,"Engenharia Mecânica",MEC,3,Noite,Não
9,2025-01-03,"Tapioca com frango e suco",1,"Lanche da Manhã",1,"Campus Cedro",108545,2025-01-03,07:00:00,Sim,Não,Presente,1F14A2538478,NULL,NULL,1981,"Maiara Salgado",68199898,3,"Engenharia Mecânica",MEC,3,Noite,Não
9,2025-01-03,"Tapioca com frango e suco",1,"Lanche da Manhã",1,"Campus Cedro",70653,2025-01-03,07:01:00,Sim,Não,Presente,8A73F6C14051,NULL,NULL,1286,"Sr. Márcio Giovane Maldonado Filho",08649152,4,"Licenciatura em Matemática",MAT,2,Tarde,Não
9,2025-01-03,"Tapioca com frango e suco",1,"Lanche da Manhã",1,"Campus Cedro",151345,2025-01-03,07:01:00,Sim,Não,Presente,4AC7ED052A80,NULL,NULL,2755,"Yuri Wilson Aranda",54372895,3,"Engenharia Mecânica",MEC,1,Manhã,Não
9,2025-01-03,"Tapioca com frango e suco",1,"Lanche da Manhã",1,"Campus Cedro",162669,2025-01-03,07:02:00,Sim,Não,Presente,DFD6C28E558B,NULL,NULL,2969,"Melissa Sofia Azevedo Sobrinho",89152863,1,"Sistemas de Informação",SI,2,Tarde,Não
9,2025-01-03,"Tapioca com frango e suco",1,"Lanche da Manhã",1,"Campus Cedro",40950,2025-01-03,07:06:00,Não,Sim,Cancelada,5D900600376B,NULL,NULL,742,"Catarina Letícia Sepúlveda Neto",49841561,4,"Licenciatura em Matemática",MAT,1,Manhã,Não
9,2025-01-03,"Tapioca com frango e suco",1,"Lanche da Manhã",1,"Campus Cedro",32577,2025-01-03,07:08:00,Sim,Não,Presente,9CD57466C88C,NULL,NULL,585,"Sr. Gabriel Wesley Soto Sobrinho",31174276,3,"Engenharia Mecânica",MEC,2,Tarde,Não
9,2025-01-03,"Tapioca com frango e suco",1,"Lanche da Manhã",1,"Campus Cedro",84189,2025-01-03,07:09:00,Sim,Não,Presente,C2F1A84A9A0F,NULL,NULL,1529,"Sr. Sergio Zamana Madeira",42182740,3,"Engenharia Mecânica",MEC,2,Tarde,Não
9,2025-01-03,"Tapioca com frango e suco",1,"Lanche da Manhã",1,"Campus Cedro",155400,2025-01-03,07:12:00,Sim,Não,Presente,AD5180DADFA5,NULL,NULL,2828,"Srta. Ayla Quintana Leon",61721894,5,"Licenciatura em Física",FIS,2,Tarde,Sim
9,2025-01-03,"Tapioca com frango e suco",1,"Lanche da Manhã",1,"Campus Cedro",16575,2025-01-03,07:13:00,Sim,Não,Presente,27C960EC7D6E,NULL,NULL,301,"Sr. Mauro Brito Filho",27244798,5,"Licenciatura em Física",FIS,2,Tarde,Não
9,2025-01-03,"Tapioca com frango e suco",1,"Lanche da Manhã",1,"Campus Cedro",14567,2025-01-03,07:14:00,Sim,Não,Presente,55116FBAD6F1,NULL,NULL,264,"Dr. Sergio Luis Ferraz Sobrinho",65673946,2,"Engenharia de Elétrica",EE,3,Noite,Não
9,2025-01-03,"Tapioca com frango e suco",1,"Lanche da Manhã",1,"Campus Cedro",55447,2025-01-03,07:14:00,Sim,Não,Presente,AA8B65E8DEB6,NULL,NULL,1015,"Vicente Verdugo Filho",72846013,2,"Engenharia de Elétrica",EE,3,Noite,Sim
9,2025-01-03,"Tapioca com frango e suco",1,"Lanche da Manhã",1,"Campus Cedro",7546,2025-01-03,07:15:00,Não,Sim,Cancelada,35E0A2AF457D,NULL,NULL,135,"Dr. Andres Edilson Lira Neto",95919959,1,"Sistemas de Informação",SI,1,Manhã,Não
9,2025-01-03,"Tapioca com frango e suco",1,"Lanche da Manhã",1,"Campus Cedro",20818,2025-01-03,07:17:00,Sim,Não,Presente,DD58C1AA8500,NULL,NULL,380,"Sra. Poliana Dominato Burgos Sobrinho",50054836,1,"Sistemas de Informação",SI,3,Noite,Não
9,2025-01-03,"Tapioca com frango e suco",1,"Lanche da Manhã",1,"Campus Cedro",153469,2025-01-03,07:21:00,Sim,Não,Presente,6D1605509B1E,NULL,NULL,2793,"Alana Verdara Aragão",22277843,3,"Engenharia Mecânica",MEC,3,Noite,Sim
9,2025-01-03,"Tapioca com frango e suco",1,"Lanche da Manhã",1,"Campus Cedro",153932,2025-01-03,07:22:00,Sim,Não,Presente,1698BD4F9CC3,NULL,NULL,2802,"Sra. Nicole Sanches de Arruda",24947994,6,"Tecnologo Mecatrônica Industrial",TMI,2,Tarde,Não
9,2025-01-03,"Tapioca com frango e suco",1,"Lanche da Manhã",1,"Campus Cedro",56384,2025-01-03,07:23:00,Sim,Não,Presente,1D6246DA9F04,NULL,NULL,1031,"Maicon Reis",62809978,2,"Engenharia de Elétrica",EE,3,Noite,Não
9,2025-01-03,"Tapioca com frango e suco",1,"Lanche da Manhã",1,"Campus Cedro",5152,2025-01-03,07:24:00,Sim,Não,Presente,30900BF30598,NULL,NULL,93,"Moisés Brito Jr.",80153110,2,"Engenharia de Elétrica",EE,1,Manhã,Não
9,2025-01-03,"Tapioca com frango e suco",1,"Lanche da Manhã",1,"Campus Cedro",34023,2025-01-03,07:25:00,Sim,Não,Presente,A0FAAE1F72F3,NULL,NULL,611,"Isabella Thaís das Neves Jr.",17825654,4,"Licenciatura em Matemática",MAT,1,Manhã,Não
9,2025-01-03,"Tapioca com frango e suco",1,"Lanche da Manhã",1,"Campus Cedro",119737,2025-01-03,07:25:00,Sim,Não,Presente,0BE35A5A6506,NULL,NULL,2181,"Manoela da Rosa Marques",52267920,2,"Engenharia de Elétrica",EE,2,Tarde,Não
9,2025-01-03,"Tapioca com frango e suco",1,"Lanche da Manhã",1,"Campus Cedro",123480,2025-01-03,07:25:00,Não,Sim,Cancelada,F787F64873FD,NULL,NULL,2248,"Srta. Luara Serra",15562227,4,"Licenciatura em Matemática",MAT,1,Manhã,Sim
9,2025-01-03,"Tapioca com frango e suco",1,"Lanche da Manhã",1,"Campus Cedro",63820,2025-01-03,07:26:00,Sim,Não,Presente,44095F72DCEF,NULL,NULL,1168,"Tábata Alcantara Rodrigues",21635914,1,"Sistemas de Informação",SI,3,Noite,Não
9,2025-01-03,"Tapioca com frango e suco",1,"Lanche da Manhã",1,"Campus Cedro",88564,2025-01-03,07:29:00,Não,Não,Ausente,05EF173AEB6A,"Atividade acadêmica",NULL,1611,"Dr. Felipe Solano Romero",15622838,5,"Licenciatura em Física",FIS,1,Manhã,Não
9,2025-01-03,"Tapioca com frango e suco",1,"Lanche da Manhã",1,"Campus Cedro",108390,2025-01-03,07:32:00,Sim,Não,Presente,B021C10DF29B,NULL,NULL,1978,"Ruth Fonseca Sobrinho",64765987,5,"Licenciatura em Física",FIS,3,Noite,Não
9,2025-01-03,"Tapioca com frango e suco",1,"Lanche da Manhã",1,"Campus Cedro",97002,2025-01-03,07:34:00,Sim,Não,Presente,7206770A1964,NULL,NULL,1768,"Luciano Salazar Uchoa",01275797,1,"Sistemas de Informação",SI,3,Noite,Não
9,2025-01-03,"Tapioca com frango e suco",1,"Lanche da Manhã",1,"Campus Cedro",120602,2025-01-03,07:35:00,Sim,Não,Presente,8756C4F2986B,NULL,NULL,2196,"Srta. Paola Bruna Santacruz Filho",47641552,4,"Licenciatura em Matemática",MAT,1,Manhã,Não
9,2025-01-03,"Tapioca com frango e suco",1,"Lanche da Manhã",1,"Campus Cedro",136610,2025-01-03,07:37:00,Sim,Não,Presente,56B2C002D125,NULL,NULL,2484,"Andres Leo de Freitas Filho",18044559,6,"Tecnologo Mecatrônica Industrial",TMI,1,Manhã,Não
9,2025-01-03,"Tapioca com frango e suco",1,"Lanche da Manhã",1,"Campus Cedro",150224,2025-01-03,07:37:00,Sim,Não,Presente,E2F2CDF7E0DD,NULL,NULL,2732,"Sra. Maiara Léia Urias Jr.",73390201,2,"Engenharia de Elétrica",EE,1,Manhã,Não
9,2025-01-03,"Tapioca com frango e suco",1,"Lanche da Manhã",1,"Campus Cedro",38397,2025-01-03,07:39:00,Sim,Não,Presente,39364893C0BB,NULL,NULL,695,"Joaquim Uchoa Jr.",61452417,4,"Licenciatura em Matemática",MAT,3,Noite,Não
9,2025-01-03,"Tapioca com frango e suco",1,"Lanche da Manhã",1,"Campus Cedro",45681,2025-01-03,07:39:00,Sim,Não,Presente,D4ADCCDAD374,NULL,NULL,829,"Antônio Miguel Aranda Filho",63814289,3,"Engenharia Mecânica",MEC,2,Tarde,Não
9,2025-01-03,"Tapioca com frango e suco",1,"Lanche da Manhã",1,"Campus Cedro",59594,2025-01-03,07:40:00,Sim,Não,Presente,F2A92381769D,NULL,NULL,1090,"Benjamin Ávila Benez",82100111,2,"Engenharia de Elétrica",EE,3,Noite,Não
9,2025-01-03,"Tapioca com frango e suco",1,"Lanche da Manhã",1,"Campus Cedro",48149,2025-01-03,07:41:00,Sim,Não,Presente,EDFED720C1CE,NULL,NULL,878,"Sr. Valentin Serrano Molina Jr.",49576373,3,"Engenharia Mecânica",MEC,1,Manhã,Não
9,2025-01-03,"Tapioca com frango e suco",1,"Lanche da Manhã",1,"Campus Cedro",149945,2025-01-03,07:42:00,Sim,Não,Presente,AD3161D7982F,NULL,NULL,2727,"Patrícia Ariana Leal",58516990,1,"Sistemas de Informação",SI,3,Noite,Não
9,2025-01-03,"Tapioca com frango e suco",1,"Lanche da Manhã",1,"Campus Cedro",53072,2025-01-03,07:43:00,Sim,Não,Presente,43F4336BA163,NULL,NULL,969,"Jefferson Inácio Cruz",18162215,4,"Licenciatura em Matemática",MAT,2,Tarde,Não
9,2025-01-03,"Tapioca com frango e suco",1,"Lanche da Manhã",1,"Campus Cedro",65884,2025-01-03,07:45:00,Sim,Não,Presente,487D86B29667,NULL,NULL,1203,"Dr. Wellington Zambrano Carmona",99308847,1,"Sistemas de Informação",SI,1,Manhã,Não
9,2025-01-03,"Tapioca com frango e suco",1,"Lanche da Manhã",1,"Campus Cedro",34393,2025-01-03,07:48:00,Sim,Não,Presente,071332093805,NULL,NULL,618,"Rogério Nicolas Fontes",53495616,4,"Licenciatura em Matemática",MAT,2,Tarde,Não
9,2025-01-03,"Tapioca com frango e suco",1,"Lanche da Manhã",1,"Campus Cedro",63533,2025-01-03,07:48:00,Sim,Não,Presente,9FFC651DBFA2,NULL,NULL,1163,"Jasmin Molina Romero",67533008,4,"Licenciatura em Matemática",MAT,1,Manhã,Não
9,2025-01-03,"Tapioca com frango e suco",1,"Lanche da Manhã",1,"Campus Cedro",66785,2025-01-03,07:48:00,Sim,Não,Presente,63677D24CAED,NULL,NULL,1219,"Dr. Isabella Kamila Vale Jr.",42981436,2,"Engenharia de Elétrica",EE,3,Noite,Não
9,2025-01-03,"Tapioca com frango e suco",1,"Lanche da Manhã",1,"Campus Cedro",10048,2025-01-03,07:49:00,Sim,Não,Presente,A1EF13EF43DF,NULL,NULL,180,"Rodrigo Lucas Branco",86540299,5,"Licenciatura em Física",FIS,1,Manhã,Não
9,2025-01-03,"Tapioca com frango e suco",1,"Lanche da Manhã",1,"Campus Cedro",133329,2025-01-03,07:49:00,Sim,Não,Presente,D40F653709FC,NULL,NULL,2424,"Sr. Miguel César Barros Neto",85672014,3,"Engenharia Mecânica",MEC,2,Tarde,Não
9,2025-01-03,"Tapioca com frango e suco",1,"Lanche da Manhã",1,"Campus Cedro",32803,2025-01-03,07:50:00,Não,Sim,Cancelada,2B9E3141D370,NULL,NULL,589,"Amélia Cordeiro Tamoio",37055875,6,"Tecnologo Mecatrônica Industrial",TMI,1,Manhã,Não
9,2025-01-03,"Tapioca com frango e suco",1,"Lanche da Manhã",1,"Campus Cedro",102479,2025-01-03,07:50:00,Sim,Não,Presente,C3F3D21517C1,NULL,NULL,1869,"Mila Pacheco Vieira",29815321,2,"Engenharia de Elétrica",EE,1,Manhã,Não
9,2025-01-03,"Tapioca com frango e suco",1,"Lanche da Manhã",1,"Campus Cedro",112393,2025-01-03,07:51:00,Sim,Não,Presente,B01932A0F655,NULL,NULL,2052,"Evandro Padrão Filho",54358732,4,"Licenciatura em Matemática",MAT,2,Tarde,Não
9,2025-01-03,"Tapioca com frango e suco",1,"Lanche da Manhã",1,"Campus Cedro",138960,2025-01-03,07:51:00,Sim,Não,Presente,E97716FA4737,NULL,NULL,2529,"Flávia Dominato Romero",34766047,2,"Engenharia de Elétrica",EE,2,Tarde,Não
9,2025-01-03,"Tapioca com frango e suco",1,"Lanche da Manhã",1,"Campus Cedro",36344,2025-01-03,07:52:00,Sim,Não,Presente,6717246C2291,NULL,NULL,656,"Késia Sofia Lozano Jr.",82161584,4,"Licenciatura em Matemática",MAT,2,Tarde,Não
9,2025-01-03,"Tapioca com frango e suco",1,"Lanche da Manhã",1,"Campus Cedro",126696,2025-01-03,07:53:00,Sim,Não,Presente,8B927E005DE5,NULL,NULL,2306,"Aurora Katherine Fontes",16303538,3,"Engenharia Mecânica",MEC,2,Tarde,Não
9,2025-01-03,"Tapioca com frango e suco",1,"Lanche da Manhã",1,"Campus Cedro",128278,2025-01-03,07:53:00,Sim,Não,Presente,225CCE24C87E,NULL,NULL,2334,"Dr. Aaron Romero Sepúlveda",63618609,5,"Licenciatura em Física",FIS,3,Noite,Não
9,2025-01-03,"Tapioca com frango e suco",1,"Lanche da Manhã",1,"Campus Cedro",126311,2025-01-03,07:54:00,Sim,Não,Presente,2D3A03BF2952,NULL,NULL,2299,"Jácomo Rico Queirós Filho",01732117,2,"Engenharia de Elétrica",EE,1,Manhã,Não
9,2025-01-03,"Tapioca com frango e suco",1,"Lanche da Manhã",1,"Campus Cedro",7748,2025-01-03,07:55:00,Sim,Não,Presente,58B26AF9E7D6,NULL,NULL,138,"Sr. Cléber Gomes",76782807,3,"Engenharia Mecânica",MEC,2,Tarde,Não
9,2025-01-03,"Tapioca com frango e suco",1,"Lanche da Manhã",1,"Campus Cedro",67425,2025-01-03,08:00:00,Não,Não,Ausente,3E4C69887886,"Compromisso acadêmico",NULL,1230,"Mário Queirós Reis Jr.",59030625,3,"Engenharia Mecânica",MEC,1,Manhã,Não
9,2025-01-03,"Tapioca com frango e suco",1,"Lanche da Manhã",1,"Campus Cedro",66047,2025-01-03,08:01:00,Sim,Não,Presente,4F0DCBA2A81D,NULL,NULL,1206,"Pedro Ronaldo Estrada",62689541,2,"Engenharia de Elétrica",EE,1,Manhã,Não
9,2025-01-03,"Tapioca com frango e suco",1,"Lanche da Manhã",1,"Campus Cedro",86393,2025-01-03,08:03:00,Sim,Não,Presente,49C7700057BD,NULL,NULL,1570,"Dr. Sergio Edilson Pedrosa Neto",82069285,1,"Sistemas de Informação",SI,1,Manhã,Sim
9,2025-01-03,"Tapioca com frango e suco",1,"Lanche da Manhã",1,"Campus Cedro",97458,2025-01-03,08:04:00,Sim,Não,Presente,89E9D0C94CFC,NULL,NULL,1775,"Sr. Renan Salgado Fonseca Jr.",38952547,4,"Licenciatura em Matemática",MAT,1,Manhã,Não
9,2025-01-03,"Tapioca com frango e suco",1,"Lanche da Manhã",1,"Campus Cedro",58751,2025-01-03,08:05:00,Não,Sim,Cancelada,72D7C6FBE5F3,NULL,NULL,1075,"Valentin Anderson Santos",77251039,5,"Licenciatura em Física",FIS,3,Noite,Não
9,2025-01-03,"Tapioca com frango e suco",1,"Lanche da Manhã",1,"Campus Cedro",16116,2025-01-03,08:06:00,Sim,Não,Presente,F41F2EA3E93B,NULL,NULL,292,"Sr. Ícaro Galhardo",47682425,1,"Sistemas de Informação",SI,2,Tarde,Não
9,2025-01-03,"Tapioca com frango e suco",1,"Lanche da Manhã",1,"Campus Cedro",88908,2025-01-03,08:07:00,Sim,Não,Presente,C149F19740B6,NULL,NULL,1616,"Sr. Caio Molina Ferminiano",23525250,4,"Licenciatura em Matemática",MAT,1,Manhã,Não
9,2025-01-03,"Tapioca com frango e suco",1,"Lanche da Manhã",1,"Campus Cedro",47856,2025-01-03,08:08:00,Não,Sim,Cancelada,6928EDCD61A9,NULL,NULL,871,"Alan da Silva Mascarenhas Neto",54312008,3,"Engenharia Mecânica",MEC,2,Tarde,Não
9,2025-01-03,"Tapioca com frango e suco",1,"Lanche da Manhã",1,"Campus Cedro",68939,2025-01-03,08:11:00,Não,Sim,Cancelada,97E2BFDD8DCF,NULL,NULL,1256,"Sr. Jean Ferreira",66349048,1,"Sistemas de Informação",SI,2,Tarde,Não
9,2025-01-03,"Tapioca com frango e suco",1,"Lanche da Manhã",1,"Campus Cedro",130778,2025-01-03,08:12:00,Sim,Não,Presente,B78D0462BF83,NULL,NULL,2380,"Karen Agatha Matias",08708311,4,"Licenciatura em Matemática",MAT,1,Manhã,Não
9,2025-01-03,"Tapioca com frango e suco",1,"Lanche da Manhã",1,"Campus Cedro",84128,2025-01-03,08:14:00,Sim,Não,Presente,92DB321B9027,NULL,NULL,1528,"Micaela Vitória Zambrano Neto",38710988,4,"Licenciatura em Matemática",MAT,3,Noite,Não
9,2025-01-03,"Tapioca com frango e suco",1,"Lanche da Manhã",1,"Campus Cedro",29525,2025-01-03,08:15:00,Sim,Não,Presente,758634EC09F8,NULL,NULL,533,"Nathalia Caroline Romero",79376324,6,"Tecnologo Mecatrônica Industrial",TMI,3,Noite,Não
9,2025-01-03,"Tapioca com frango e suco",1,"Lanche da Manhã",1,"Campus Cedro",47955,2025-01-03,08:16:00,Sim,Não,Presente,1403A2FF8365,NULL,NULL,873,"Benedito Henrique Zamana Jr.",65930933,6,"Tecnologo Mecatrônica Industrial",TMI,2,Tarde,Sim
9,2025-01-03,"Tapioca com frango e suco",1,"Lanche da Manhã",1,"Campus Cedro",64176,2025-01-03,08:16:00,Não,Não,Ausente,D49F04BFACBF,"Problema de saúde",NULL,1174,"Estêvão Pedrosa Neto",97195626,4,"Licenciatura em Matemática",MAT,1,Manhã,Não
9,2025-01-03,"Tapioca com frango e suco",1,"Lanche da Manhã",1,"Campus Cedro",98795,2025-01-03,08:18:00,Sim,Não,Presente,F03C437EE133,NULL,NULL,1800,"Alan Medina Leal",97444430,1,"Sistemas de Informação",SI,1,Manhã,Não
9,2025-01-03,"Tapioca com frango e suco",1,"Lanche da Manhã",1,"Campus Cedro",106853,2025-01-03,08:18:00,Sim,Não,Presente,FAD3160BE7AA,NULL,NULL,1950,"Juan Breno Neves Filho",56602367,3,"Engenharia Mecânica",MEC,2,Tarde,Não
9,2025-01-03,"Tapioca com frango e suco",1,"Lanche da Manhã",1,"Campus Cedro",124455,2025-01-03,08:18:00,Sim,Não,Presente,AFA365CD17A5,NULL,NULL,2268,"Caio Camilo Marin Sobrinho",66131605,6,"Tecnologo Mecatrônica Industrial",TMI,2,Tarde,Não
9,2025-01-03,"Tapioca com frango e suco",1,"Lanche da Manhã",1,"Campus Cedro",73187,2025-01-03,08:19:00,Sim,Não,Presente,E4A23610805C,NULL,NULL,1332,"Nicole Guerra Sobrinho",20790530,1,"Sistemas de Informação",SI,1,Manhã,Não
9,2025-01-03,"Tapioca com frango e suco",1,"Lanche da Manhã",1,"Campus Cedro",160625,2025-01-03,08:19:00,Não,Sim,Cancelada,DDBB5E66D92B,NULL,NULL,2931,"Walter das Neves Zaragoça Jr.",39489229,2,"Engenharia de Elétrica",EE,1,Manhã,Não
9,2025-01-03,"Tapioca com frango e suco",1,"Lanche da Manhã",1,"Campus Cedro",14107,2025-01-03,08:20:00,Sim,Não,Presente,1B0A64843F59,NULL,NULL,255,"Dr. Luan Raphael Aguiar",08871871,4,"Licenciatura em Matemática",MAT,1,Manhã,Não
9,2025-01-03,"Tapioca com frango e suco",1,"Lanche da Manhã",1,"Campus Cedro",8035,2025-01-03,08:21:00,Sim,Não,Presente,55BB1DA0EB14,NULL,NULL,143,"Dr. George Wagner D'ávila",87236589,1,"Sistemas de Informação",SI,1,Manhã,Não
9,2025-01-03,"Tapioca com frango e suco",1,"Lanche da Manhã",1,"Campus Cedro",79918,2025-01-03,08:21:00,Sim,Não,Presente,70659386BE43,NULL,NULL,1453,"Sr. Rodrigo César Lira Neto",74553140,5,"Licenciatura em Física",FIS,3,Noite,Não
9,2025-01-03,"Tapioca com frango e suco",1,"Lanche da Manhã",1,"Campus Cedro",78454,2025-01-03,08:24:00,Não,Sim,Cancelada,BC01DC7DCC31,NULL,NULL,1428,"Dr. Alan D'ávila Bonilha",44246477,6,"Tecnologo Mecatrônica Industrial",TMI,3,Noite,Não
9,2025-01-03,"Tapioca com frango e suco",1,"Lanche da Manhã",1,"Campus Cedro",78736,2025-01-03,08:26:00,Sim,Não,Presente,99708D039E38,NULL,NULL,1433,"Sra. Joana Heloísa Velasques Neto",56671363,5,"Licenciatura em Física",FIS,1,Manhã,Sim
9,2025-01-03,"Tapioca com frango e suco",1,"Lanche da Manhã",1,"Campus Cedro",30727,2025-01-03,08:27:00,Não,Não,Ausente,4FAB80FAFD85,"Problema de saúde",NULL,552,"Sr. Lucio Horácio Caldeira",08689176,5,"Licenciatura em Física",FIS,3,Noite,Não
9,2025-01-03,"Tapioca com frango e suco",1,"Lanche da Manhã",1,"Campus Cedro",141846,2025-01-03,08:28:00,Sim,Não,Presente,BE592BC610CB,NULL,NULL,2578,"Dr. William Bittencourt Jr.",71568298,3,"Engenharia Mecânica",MEC,3,Noite,Não
9,2025-01-03,"Tapioca com frango e suco",1,"Lanche da Manhã",1,"Campus Cedro",124934,2025-01-03,08:29:00,Sim,Não,Presente,AA1A25266DE6,NULL,NULL,2276,"Jefferson Valência Sobrinho",95721787,2,"Engenharia de Elétrica",EE,2,Tarde,Não
9,2025-01-03,"Tapioca com frango e suco",1,"Lanche da Manhã",1,"Campus Cedro",13860,2025-01-03,08:31:00,Sim,Não,Presente,CBCE24007CD4,NULL,NULL,250,"Dr. Alana Azevedo Vieira Neto",80620616,5,"Licenciatura em Física",FIS,1,Manhã,Não
9,2025-01-03,"Tapioca com frango e suco",1,"Lanche da Manhã",1,"Campus Cedro",130082,2025-01-03,08:32:00,Sim,Não,Presente,D446748627C8,NULL,NULL,2368,"Sr. Leandro Arruda Jr.",53452740,6,"Tecnologo Mecatrônica Industrial",TMI,1,Manhã,Não
9,2025-01-03,"Tapioca com frango e suco",1,"Lanche da Manhã",1,"Campus Cedro",26427,2025-01-03,08:35:00,Sim,Não,Presente,D9D86A9039C0,NULL,NULL,479,"Flávio Ferraz",94442605,5,"Licenciatura em Física",FIS,2,Tarde,Sim
9,2025-01-03,"Tapioca com frango e suco",1,"Lanche da Manhã",1,"Campus Cedro",97859,2025-01-03,08:37:00,Sim,Não,Presente,9AA7834F81AF,NULL,NULL,1783,"Sr. David Esteves",20345192,6,"Tecnologo Mecatrônica Industrial",TMI,3,Noite,Não
9,2025-01-03,"Tapioca com frango e suco",1,"Lanche da Manhã",1,"Campus Cedro",113776,2025-01-03,08:37:00,Sim,Não,Presente,797A2BB0A40A,NULL,NULL,2076,"Sra. Lilian Graziela Dominato Sobrinho",58057553,1,"Sistemas de Informação",SI,1,Manhã,Não
9,2025-01-03,"Tapioca com frango e suco",1,"Lanche da Manhã",1,"Campus Cedro",23514,2025-01-03,08:38:00,Sim,Não,Presente,92FE99610CE0,NULL,NULL,427,"Sra. Malena Marta Lozano",73939404,4,"Licenciatura em Matemática",MAT,3,Noite,Sim
9,2025-01-03,"Tapioca com frango e suco",1,"Lanche da Manhã",1,"Campus Cedro",99205,2025-01-03,08:38:00,Sim,Não,Presente,6C8F65725C9E,NULL,NULL,1807,"Laiane Sepúlveda Serrano",71652504,5,"Licenciatura em Física",FIS,3,Noite,Não
9,2025-01-03,"Tapioca com frango e suco",1,"Lanche da Manhã",1,"Campus Cedro",114674,2025-01-03,08:41:00,Sim,Não,Presente,FACBCFEBE0E6,NULL,NULL,2092,"Sarah Silvana Saito",90042191,2,"Engenharia de Elétrica",EE,1,Manhã,Não
9,2025-01-03,"Tapioca com frango e suco",1,"Lanche da Manhã",1,"Campus Cedro",119564,2025-01-03,08:42:00,Sim,Não,Presente,E852481D15AC,NULL,NULL,2178,"Dener Carrara Cordeiro",52328407,4,"Licenciatura em Matemática",MAT,3,Noite,Sim
9,2025-01-03,"Tapioca com frango e suco",1,"Lanche da Manhã",1,"Campus Cedro",60772,2025-01-03,08:45:00,Sim,Não,Presente,9BE4F0E77816,NULL,NULL,1111,"Dr. Aaron Montenegro",15343341,1,"Sistemas de Informação",SI,1,Manhã,Não
9,2025-01-03,"Tapioca com frango e suco",1,"Lanche da Manhã",1,"Campus Cedro",101472,2025-01-03,08:45:00,Sim,Não,Presente,A7933773EABD,NULL,NULL,1849,"Daniel D'ávila",66049781,2,"Engenharia de Elétrica",EE,1,Manhã,Não
9,2025-01-03,"Tapioca com frango e suco",1,"Lanche da Manhã",1,"Campus Cedro",69878,2025-01-03,08:49:00,Sim,Não,Presente,1CF93CF5DC2A,NULL,NULL,1272,"Sr. Thales Valdez Carvalho",70171853,4,"Licenciatura em Matemática",MAT,1,Manhã,Não
9,2025-01-03,"Tapioca com frango e suco",1,"Lanche da Manhã",1,"Campus Cedro",61462,2025-01-03,08:50:00,Sim,Não,Presente,BCD57433EF2A,NULL,NULL,1123,"Joaquin Montenegro Galindo Jr.",50728325,4,"Licenciatura em Matemática",MAT,2,Tarde,Não
9,2025-01-03,"Tapioca com frango e suco",1,"Lanche da Manhã",1,"Campus Cedro",21611,2025-01-03,08:52:00,Sim,Não,Presente,6B2A4A15943A,NULL,NULL,395,"Edilson Paulo Valentin Sobrinho",19278207,6,"Tecnologo Mecatrônica Industrial",TMI,2,Tarde,Não
9,2025-01-03,"Tapioca com frango e suco",1,"Lanche da Manhã",1,"Campus Cedro",122168,2025-01-03,08:52:00,Sim,Não,Presente,9A1D461AF8B7,NULL,NULL,2224,"Srta. Suzana Lilian Paz",26920794,3,"Engenharia Mecânica",MEC,1,Manhã,Não
9,2025-01-03,"Tapioca com frango e suco",1,"Lanche da Manhã",1,"Campus Cedro",48984,2025-01-03,08:54:00,Sim,Não,Presente,482078CE9225,NULL,NULL,893,"Viviane Pedrosa",49398636,6,"Tecnologo Mecatrônica Industrial",TMI,2,Tarde,Sim
9,2025-01-03,"Tapioca com frango e suco",1,"Lanche da Manhã",1,"Campus Cedro",80478,2025-01-03,08:54:00,Sim,Não,Presente,39C220C1C46F,NULL,NULL,1464,"Sr. James Queirós Ortega",18256031,6,"Tecnologo Mecatrônica Industrial",TMI,1,Manhã,Não
9,2025-01-03,"Tapioca com frango e suco",1,"Lanche da Manhã",1,"Campus Cedro",69188,2025-01-03,08:56:00,Sim,Não,Presente,8C9987AB765D,NULL,NULL,1260,"Noelí Valéria Duarte",97414709,2,"Engenharia de Elétrica",EE,1,Manhã,Não
9,2025-01-03,"Tapioca com frango e suco",1,"Lanche da Manhã",1,"Campus Cedro",97593,2025-01-03,08:57:00,Sim,Não,Presente,DD0DDD3E51FB,NULL,NULL,1777,"Dr. Filipe Rocha Jr.",92998129,6,"Tecnologo Mecatrônica Industrial",TMI,1,Manhã,Sim
9,2025-01-03,"Tapioca com frango e suco",1,"Lanche da Manhã",1,"Campus Cedro",72675,2025-01-03,08:59:00,Sim,Não,Presente,E68DA194857C,NULL,NULL,1323,"Josué Augusto Amaral",07438047,1,"Sistemas de Informação",SI,2,Tarde,Não
10,2025-01-03,"Arroz, feijão, frango ao molho, purê e legumes",2,Almoço,1,"Campus Cedro",35525,2025-01-03,11:00:00,Não,Não,Ausente,72673CDC501D,"Problema de transporte",NULL,641,"Ícaro Perez Sobrinho",71730700,6,"Tecnologo Mecatrônica Industrial",TMI,3,Noite,Não
10,2025-01-03,"Arroz, feijão, frango ao molho, purê e legumes",2,Almoço,1,"Campus Cedro",92844,2025-01-03,11:01:00,Sim,Não,Presente,937A7C1374EF,NULL,NULL,1690,"Sra. Lilian Dayana Quintana",50127969,1,"Sistemas de Informação",SI,3,Noite,Não
10,2025-01-03,"Arroz, feijão, frango ao molho, purê e legumes",2,Almoço,1,"Campus Cedro",122934,2025-01-03,11:02:00,Sim,Não,Presente,AFE97435434D,NULL,NULL,2237,"Srta. Sheila Serrano Sanches",14876611,6,"Tecnologo Mecatrônica Industrial",TMI,3,Noite,Não
10,2025-01-03,"Arroz, feijão, frango ao molho, purê e legumes",2,Almoço,1,"Campus Cedro",35030,2025-01-03,11:05:00,Sim,Não,Presente,11E933ED52AD,NULL,NULL,630,"Giovane Miguel Alcantara Neto",20307272,5,"Licenciatura em Física",FIS,3,Noite,Não
10,2025-01-03,"Arroz, feijão, frango ao molho, purê e legumes",2,Almoço,1,"Campus Cedro",83955,2025-01-03,11:05:00,Não,Sim,Cancelada,2C26C9AA140F,NULL,NULL,1525,"Ayla de Aguiar das Dores Sobrinho",41961583,6,"Tecnologo Mecatrônica Industrial",TMI,3,Noite,Não
10,2025-01-03,"Arroz, feijão, frango ao molho, purê e legumes",2,Almoço,1,"Campus Cedro",107024,2025-01-03,11:09:00,Não,Não,Ausente,3C574E5B0770,"Problema de saúde",NULL,1954,"Gisela Padrão Sobrinho",06990438,3,"Engenharia Mecânica",MEC,2,Tarde,Não
10,2025-01-03,"Arroz, feijão, frango ao molho, purê e legumes",2,Almoço,1,"Campus Cedro",92905,2025-01-03,11:10:00,Sim,Não,Presente,67212F489B79,NULL,NULL,1691,"Demian Edson Assunção",12148798,3,"Engenharia Mecânica",MEC,1,Manhã,Sim
10,2025-01-03,"Arroz, feijão, frango ao molho, purê e legumes",2,Almoço,1,"Campus Cedro",79996,2025-01-03,11:13:00,Não,Sim,Cancelada,5E581050EF44,NULL,NULL,1454,"Flor Gil Jr.",99172720,3,"Engenharia Mecânica",MEC,2,Tarde,Sim
10,2025-01-03,"Arroz, feijão, frango ao molho, purê e legumes",2,Almoço,1,"Campus Cedro",76341,2025-01-03,11:15:00,Não,Não,Ausente,DB55B6AA25A1,"Ausência justificada pelo estudante",NULL,1389,"Sra. Joana Antonieta Delatorre Jr.",16499776,1,"Sistemas de Informação",SI,3,Noite,Não
10,2025-01-03,"Arroz, feijão, frango ao molho, purê e legumes",2,Almoço,1,"Campus Cedro",77912,2025-01-03,11:16:00,Não,Sim,Cancelada,66C32361BA44,NULL,NULL,1418,"Dr. Pietra Ortega",83891295,5,"Licenciatura em Física",FIS,2,Tarde,Não
10,2025-01-03,"Arroz, feijão, frango ao molho, purê e legumes",2,Almoço,1,"Campus Cedro",110595,2025-01-03,11:16:00,Sim,Não,Presente,9760E4AF7532,NULL,NULL,2019,"Dr. Thalita Benites Molina",43273927,2,"Engenharia de Elétrica",EE,3,Noite,Não
10,2025-01-03,"Arroz, feijão, frango ao molho, purê e legumes",2,Almoço,1,"Campus Cedro",5206,2025-01-03,11:17:00,Sim,Não,Presente,77C4B5BACFA6,NULL,NULL,94,"Jean Vasques Fontes",88109311,6,"Tecnologo Mecatrônica Industrial",TMI,3,Noite,Não
10,2025-01-03,"Arroz, feijão, frango ao molho, purê e legumes",2,Almoço,1,"Campus Cedro",96395,2025-01-03,11:17:00,Sim,Não,Presente,34A1746D5F37,NULL,NULL,1757,"Dr. Luciana Benites",07604639,2,"Engenharia de Elétrica",EE,1,Manhã,Não
