student_id,student_name,student_mat,is_student_active,student_valid_date,is_regular_semester,is_republic_student,is_blocked,has_locker_key,locker_number,key_number,student_observation,course_id,course_description,course_initials,shift_id,shift_description,student_campus_id,student_campus_description,allow_monday,allow_tuesday,allow_wednesday,allow_thursday,allow_friday,allow_saturday,allow_meal_comment,republic_id,republic_description,republic_address,republic_city,republic_neighborhood,republic_owner,republic_value,is_republic_responsible,scheduling_id,reservation_date,reservation_time,reservation_insert_date,reservation_created_at,reservation_updated_at,advance_hours,was_present,canceled_by_student,reservation_status,ticket_code,absence_justification,student_justification,menu_id,menu_date,menu_description,meal_id,meal_description,meal_time_start,meal_time_end,scheduling_campus_id,scheduling_campus_description,meal_review_id,review_score,review_comment,food_waste_id,total_food_waste_kg,user_id,user_email,user_type,form_response_id,form_template_id,form_template_name
2054,"Aaron César Mascarenhas",74061601,Sim,2027-11-27,Sim,Não,Não,Não,210,96,"Sequi aliquam vero voluptates vitae.",1,"Sistemas de Informação",SI,2,Tarde,1,"Campus Cedro",Não,Não,Não,Não,Não,Não,NULL,NULL,NULL,NULL,NULL,NULL,NULL,NULL,Não,112594,2026-06-26,08:27:00,2026-06-24,"2026-08-17 13:39:54","2026-08-17 13:39:54",-1253.20,Sim,Não,Presente,7D6D8288CE98,NULL,NULL,1549,2026-06-26,"Pão com ovo e suco de frutas",1,"Lanche da Manhã",05:00:00,08:00:00,1,"Campus Cedro",NULL,NULL,NULL,1549,6.87,NULL,NULL,NULL,NULL,NULL,NULL
2054,"Aaron César Mascarenhas",74061601,Sim,2027-11-27,Sim,Não,Não,Não,210,96,"Sequi aliquam vero voluptates vitae.",1,"Sistemas de Informação",SI,2,Tarde,1,"Campus Cedro",Não,Não,Não,Não,Não,Não,NULL,NULL,NULL,NULL,NULL,NULL,NULL,NULL,Não,112593,2026-06-23,16:07:00,2026-06-23,"2026-08-17 13:39:54","2026-08-17 13:39:54",-1317.53,Sim,Não,Presente,9CB4EFBC77BD,NULL,NULL,1539,2026-06-23,"Tapioca com queijo e suco",3,"Lanche da Tarde",05:00:00,14:50:00,1,"Campus Cedro",NULL,NULL,NULL,1539,12.87,NULL,NULL,NULL,NULL,NULL,NULL
2054,"Aaron César Mascarenhas",74061601,Sim,2027-11-27,Sim,Não,Não,Não,210,96,"Sequi aliquam vero voluptates vitae.",1,"Sistemas de Informação",SI,2,Tarde,1,"Campus Cedro",Não,Não,Não,Não,Não,Não,NULL,NULL,NULL,NULL,NULL,NULL,NULL,NULL,Não,112592,2026-06-17,14:49:00,2026-06-14,"2026-08-17 13:39:54","2026-08-17 13:39:54",-1462.83,Sim,Não,Presente,EE25BCF8D58D,NULL,NULL,1523,2026-06-17,"Cuscuz de frango com suco de goiaba",3,"Lanche da Tarde",05:00:00,14:50:00,1,"Campus Cedro",NULL,NULL,NULL,1523,13.19,NULL,NULL,NULL,NULL,NULL,NULL
2054,"Aaron César Mascarenhas",74061601,Sim,2027-11-27,Sim,Não,Não,Não,210,96,"Sequi aliquam vero voluptates vitae.",1,"Sistemas de Informação",SI,2,Tarde,1,"Campus Cedro",Não,Não,Não,Não,Não,Não,NULL,NULL,NULL,NULL,NULL,NULL,NULL,NULL,Não,112591,2026-06-01,07:42:00,2026-05-27,"2026-08-17 13:39:54","2026-08-17 13:39:54",-1853.95,Sim,Não,Presente,BCE27E210412,NULL,NULL,1473,2026-06-01,"Cuscuz com carne moída e suco",1,"Lanche da Manhã",05:00:00,08:00:00,1,"Campus Cedro",NULL,NULL,NULL,1473,8.71,NULL,NULL,NULL,NULL,NULL,NULL
2054,"Aaron César Mascarenhas",74061601,Sim,2027-11-27,Sim,Não,Não,Não,210,96,"Sequi aliquam vero voluptates vitae.",1,"Sistemas de Informação",SI,2,Tarde,1,"Campus Cedro",Não,Não,Não,Não,Não,Não,NULL,NULL,NULL,NULL,NULL,NULL,NULL,NULL,Não,112590,2026-05-27,11:06:00,2026-05-27,"2026-08-17 13:39:54","2026-08-17 13:39:54",-1970.55,Sim,Não,Presente,D9AF4A10DA68,NULL,NULL,1462,2026-05-27,"Arroz, feijão, frango assado, macarrão e salada",2,Almoço,05:00:00,11:20:00,1,"Campus Cedro",NULL,NULL,NULL,1462,105.46,NULL,NULL,NULL,NULL,NULL,NULL
2054,"Aaron César Mascarenhas",74061601,Sim,2027-11-27,Sim,Não,Não,Não,210,96,"Sequi aliquam vero voluptates vitae.",1,"Sistemas de Informação",SI,2,Tarde,1,"Campus Cedro",Não,Não,Não,Não,Não,Não,NULL,NULL,NULL,NULL,NULL,NULL,NULL,NULL,Não,112589,2026-05-22,12:25:00,2026-05-19,"2026-08-17 13:39:54","2026-08-17 13:39:54",-2089.23,Sim,Não,Presente,92E5A4FCEE78,NULL,NULL,1450,2026-05-22,"Arroz, feijão, almôndegas, macarrão e salada",2,Almoço,05:00:00,11:20:00,1,"Campus Cedro",NULL,NULL,NULL,1450,102.19,NULL,NULL,NULL,NULL,NULL,NULL
2054,"Aaron César Mascarenhas",74061601,Sim,2027-11-27,Sim,Não,Não,Não,210,96,"Sequi aliquam vero voluptates vitae.",1,"Sistemas de Informação",SI,2,Tarde,1,"Campus Cedro",Não,Não,Não,Não,Não,Não,NULL,NULL,NULL,NULL,NULL,NULL,NULL,NULL,Não,112588,2026-05-20,12:21:00,2026-05-16,"2026-08-17 13:39:54","2026-08-17 13:39:54",-2137.30,Sim,Não,Presente,DA0707A60166,NULL,NULL,1442,2026-05-20,"Arroz, feijão, frango assado, macarrão e salada",2,Almoço,05:00:00,11:20:00,1,"Campus Cedro",NULL,NULL,NULL,1442,115.92,NULL,NULL,NULL,NULL,NULL,NULL
2054,"Aaron César Mascarenhas",74061601,Sim,2027-11-27,Sim,Não,Não,Não,210,96,"Sequi aliquam vero voluptates vitae.",1,"Sistemas de Informação",SI,2,Tarde,1,"Campus Cedro",Não,Não,Não,Não,Não,Não,NULL,NULL,NULL,NULL,NULL,NULL,NULL,NULL,Não,112587,2026-05-05,19:10:00,2026-04-30,"2026-08-17 13:39:54","2026-08-17 13:39:54",-2490.48,Sim,Não,Presente,DA0CC4A10CFB,NULL,NULL,1400,2026-05-05,"Cuscuz de frango com suco de manga",4,"Lanche da Noite",05:00:00,19:50:00,1,"Campus Cedro",NULL,NULL,NULL,1400,18.31,NULL,NULL,NULL,NULL,NULL,NULL
2054,"Aaron César Mascarenhas",74061601,Sim,2027-11-27,Sim,Não,Não,Não,210,96,"Sequi aliquam vero voluptates vitae.",1,"Sistemas de Informação",SI,2,Tarde,1,"Campus Cedro",Não,Não,Não,Não,Não,Não,NULL,NULL,NULL,NULL,NULL,NULL,NULL,NULL,Não,112586,2026-04-28,07:01:00,2026-04-23,"2026-08-17 13:39:54","2026-08-17 13:39:54",-2670.63,Sim,Não,Presente,7306F0FBC5F4,NULL,NULL,1377,2026-04-28,"Cuscuz com queijo e suco",1,"Lanche da Manhã",05:00:00,08:00:00,1,"Campus Cedro",42445,3,NULL,1377,8.56,NULL,NULL,NULL,NULL,NULL,NULL
2054,"Aaron César Mascarenhas",74061601,Sim,2027-11-27,Sim,Não,Não,Não,210,96,"Sequi aliquam vero voluptates vitae.",1,"Sistemas de Informação",SI,2,Tarde,1,"Campus Cedro",Não,Não,Não,Não,Não,Não,NULL,NULL,NULL,NULL,NULL,NULL,NULL,NULL,Não,112585,2026-04-15,19:16:00,2026-04-11,"2026-08-17 13:39:54","2026-08-17 13:39:54",-2970.38,Sim,Não,Presente,018DA50CEC3B,NULL,NULL,1344,2026-04-15,"Bolo de milho com suco",4,"Lanche da Noite",05:00:00,19:50:00,1,"Campus Cedro",42444,2,"Atividade acadêmica",1344,17.89,NULL,NULL,NULL,NULL,NULL,NULL
2054,"Aaron César Mascarenhas",74061601,Sim,2027-11-27,Sim,Não,Não,Não,210,96,"Sequi aliquam vero voluptates vitae.",1,"Sistemas de Informação",SI,2,Tarde,1,"Campus Cedro",Não,Não,Não,Não,Não,Não,NULL,NULL,NULL,NULL,NULL,NULL,NULL,NULL,Não,112584,2026-04-08,20:35:00,2026-04-08,"2026-08-17 13:39:54","2026-08-17 13:39:54",-3137.07,Sim,Não,Presente,57FB69CD489A,NULL,NULL,1324,2026-04-08,"Cuscuz com queijo e suco",4,"Lanche da Noite",05:00:00,19:50:00,1,"Campus Cedro",NULL,NULL,NULL,1324,26.51,NULL,NULL,NULL,NULL,NULL,NULL
2054,"Aaron César Mascarenhas",74061601,Sim,2027-11-27,Sim,Não,Não,Não,210,96,"Sequi aliquam vero voluptates vitae.",1,"Sistemas de Informação",SI,2,Tarde,1,"Campus Cedro",Não,Não,Não,Não,Não,Não,NULL,NULL,NULL,NULL,NULL,NULL,NULL,NULL,Não,112583,2026-03-25,12:43:00,2026-03-24,"2026-08-17 13:39:54","2026-08-17 13:39:54",-3480.93,Sim,Não,Presente,06E3216F2238,NULL,NULL,1282,2026-03-25,"Arroz, feijão, carne de panela, purê e salada",2,Almoço,05:00:00,11:20:00,1,"Campus Cedro",42443,5,NULL,1282,109.71,NULL,NULL,NULL,NULL,NULL,NULL
2054,"Aaron César Mascarenhas",74061601,Sim,2027-11-27,Sim,Não,Não,Não,210,96,"Sequi aliquam vero voluptates vitae.",1,"Sistemas de Informação",SI,2,Tarde,1,"Campus Cedro",Não,Não,Não,Não,Não,Não,NULL,NULL,NULL,NULL,NULL,NULL,NULL,NULL,Não,112582,2026-03-17,12:14:00,2026-03-12,"2026-08-17 13:39:54","2026-08-17 13:39:54",-3673.42,Sim,Não,Presente,E33C539DD80A,NULL,NULL,1258,2026-03-17,"Arroz, feijão, frango grelhado, legumes e salada",2,Almoço,05:00:00,11:20:00,1,"Campus Cedro",NULL,NULL,NULL,1258,120.07,NULL,NULL,NULL,NULL,NULL,NULL
2054,"Aaron César Mascarenhas",74061601,Sim,2027-11-27,Sim,Não,Não,Não,210,96,"Sequi aliquam vero voluptates vitae.",1,"Sistemas de Informação",SI,2,Tarde,1,"Campus Cedro",Não,Não,Não,Não,Não,Não,NULL,NULL,NULL,NULL,NULL,NULL,NULL,NULL,Não,112581,2026-03-13,19:56:00,2026-03-12,"2026-08-17 13:39:54","2026-08-17 13:39:54",-3761.72,Sim,Não,Presente,FD1B3D5B8DC1,NULL,NULL,1252,2026-03-13,"Canja de frango",4,"Lanche da Noite",05:00:00,19:50:00,1,"Campus Cedro",NULL,NULL,NULL,1252,21.17,NULL,NULL,NULL,NULL,NULL,NULL
2054,"Aaron César Mascarenhas",74061601,Sim,2027-11-27,Sim,Não,Não,Não,210,96,"Sequi aliquam vero voluptates vitae.",1,"Sistemas de Informação",SI,2,Tarde,1,"Campus Cedro",Não,Não,Não,Não,Não,Não,NULL,NULL,NULL,NULL,NULL,NULL,NULL,NULL,Não,112580,2026-03-03,11:05:00,2026-02-26,"2026-08-17 13:39:54","2026-08-17 13:39:54",-4010.57,Sim,Não,Presente,E4F395651FFA,NULL,NULL,1218,2026-03-03,"Arroz, feijão, carne de panela, purê e salada",2,Almoço,05:00:00,11:20:00,1,"Campus Cedro",42442,3,NULL,1218,109.38,NULL,NULL,NULL,NULL,NULL,NULL
2054,"Aaron César Mascarenhas",74061601,Sim,2027-11-27,Sim,Não,Não,Não,210,96,"Sequi aliquam vero voluptates vitae.",1,"Sistemas de Informação",SI,2,Tarde,1,"Campus Cedro",Não,Não,Não,Não,Não,Não,NULL,NULL,NULL,NULL,NULL,NULL,NULL,NULL,Não,112579,2026-02-25,19:34:00,2026-02-24,"2026-08-17 13:39:54","2026-08-17 13:39:54",-4146.08,Sim,Não,Presente,E8D5A0EEB15B,NULL,NULL,1204,2026-02-25,"Cuscuz com queijo e suco",4,"Lanche da Noite",05:00:00,19:50:00,1,"Campus Cedro",NULL,NULL,NULL,1204,18.04,NULL,NULL,NULL,NULL,NULL,NULL
2054,"Aaron César Mascarenhas",74061601,Sim,2027-11-27,Sim,Não,Não,Não,210,96,"Sequi aliquam vero voluptates vitae.",1,"Sistemas de Informação",SI,2,Tarde,1,"Campus Cedro",Não,Não,Não,Não,Não,Não,NULL,NULL,NULL,NULL,NULL,NULL,NULL,NULL,Não,112578,2026-02-20,11:04:00,2026-02-16,"2026-08-17 13:39:54","2026-08-17 13:39:54",-4274.58,Sim,Não,Presente,A1AA7D11644E,NULL,NULL,1190,2026-02-20,"Arroz, feijão, frango grelhado, legumes e salada",2,Almoço,05:00:00,11:20:00,1,"Campus Cedro",NULL,NULL,NULL,1190,115.39,NULL,NULL,NULL,NULL,NULL,NULL
2054,"Aaron César Mascarenhas",74061601,Sim,2027-11-27,Sim,Não,Não,Não,210,96,"Sequi aliquam vero voluptates vitae.",1,"Sistemas de Informação",SI,2,Tarde,1,"Campus Cedro",Não,Não,Não,Não,Não,Não,NULL,NULL,NULL,NULL,NULL,NULL,NULL,NULL,Não,112577,2026-02-10,21:55:00,2026-02-06,"2026-08-17 13:39:54","2026-08-17 13:39:54",-4503.73,Sim,Não,Presente,D2890C30F4B1,NULL,NULL,1160,2026-02-10,"Cuscuz com queijo e suco",4,"Lanche da Noite",05:00:00,19:50:00,1,"Campus Cedro",42441,5,NULL,1160,20.64,NULL,NULL,NULL,NULL,NULL,NULL
2054,"Aaron César Mascarenhas",74061601,Sim,2027-11-27,Sim,Não,Não,Não,210,96,"Sequi aliquam vero voluptates vitae.",1,"Sistemas de Informação",SI,2,Tarde,1,"Campus Cedro",Não,Não,Não,Não,Não,Não,NULL,NULL,NULL,NULL,NULL,NULL,NULL,NULL,Não,112576,2026-01-26,12:57:00,2026-01-22,"2026-08-17 13:39:54","2026-08-17 13:39:54",-4872.70,Sim,Não,Presente,2688C616548E,NULL,NULL,1114,2026-01-26,"Arroz, feijão, carne de panela, arroz colorido e salada",2,Almoço,05:00:00,11:20:00,1,"Campus Cedro",42440,4,NULL,1114,127.92,NULL,NULL,NULL,NULL,NULL,NULL
2054,"Aaron César Mascarenhas",74061601,Sim,2027-11-27,Sim,Não,Não,Não,210,96,"Sequi aliquam vero voluptates vitae.",1,"Sistemas de Informação",SI,2,Tarde,1,"Campus Cedro",Não,Não,Não,Não,Não,Não,NULL,NULL,NULL,NULL,NULL,NULL,NULL,NULL,Não,112575,2026-01-15,11:43:00,2026-01-14,"2026-08-17 13:39:54","2026-08-17 13:39:54",-5137.93,Sim,Não,Presente,F526BA6C2F4F,NULL,NULL,1086,2026-01-15,"Arroz, feijão, frango ao molho, purê e legumes",2,Almoço,05:00:00,11:20:00,1,"Campus Cedro",42439,5,NULL,1086,92.14,NULL,NULL,NULL,NULL,NULL,NULL
2054,"Aaron César Mascarenhas",74061601,Sim,2027-11-27,Sim,Não,Não,Não,210,96,"Sequi aliquam vero voluptates vitae.",1,"Sistemas de Informação",SI,2,Tarde,1,"Campus Cedro",Não,Não,Não,Não,Não,Não,NULL,NULL,NULL,NULL,NULL,NULL,NULL,NULL,Não,112574,2026-01-14,14:29:00,2026-01-13,"2026-08-17 13:39:54","2026-08-17 13:39:54",-5159.17,Sim,Não,Presente,6C8667ED9DE5,NULL,NULL,1083,2026-01-14,"Pão com frango desfiado e suco",3,"Lanche da Tarde",05:00:00,14:50:00,1,"Campus Cedro",NULL,NULL,NULL,1083,13.29,NULL,NULL,NULL,NULL,NULL,NULL
2054,"Aaron César Mascarenhas",74061601,Sim,2027-11-27,Sim,Não,Não,Não,210,96,"Sequi aliquam vero voluptates vitae.",1,"Sistemas de Informação",SI,2,Tarde,1,"Campus Cedro",Não,Não,Não,Não,Não,Não,NULL,NULL,NULL,NULL,NULL,NULL,NULL,NULL,Não,112573,2026-01-13,16:18:00,2026-01-13,"2026-08-17 13:39:54","2026-08-17 13:39:54",-5181.35,Sim,Não,Presente,9C17E97D1AC2,NULL,NULL,1079,2026-01-13,"Bolo de chocolate com suco",3,"Lanche da Tarde",05:00:00,14:50:00,1,"Campus Cedro",NULL,NULL,NULL,1079,11.03,NULL,NULL,NULL,NULL,NULL,NULL
2054,"Aaron César Mascarenhas",74061601,Sim,2027-11-27,Sim,Não,Não,Não,210,96,"Sequi aliquam vero voluptates vitae.",1,"Sistemas de Informação",SI,2,Tarde,1,"Campus Cedro",Não,Não,Não,Não,Não,Não,NULL,NULL,NULL,NULL,NULL,NULL,NULL,NULL,Não,112571,2026-01-02,07:46:00,2026-01-01,"2026-08-17 13:39:54","2026-08-17 13:39:54",-5453.88,Sim,Não,Presente,17F30AEA9756,NULL,NULL,1049,2026-01-02,"Bolo de milho com suco de goiaba",1,"Lanche da Manhã",05:00:00,08:00:00,1,"Campus Cedro",NULL,NULL,NULL,1049,7.43,NULL,NULL,NULL,NULL,NULL,NULL
2054,"Aaron César Mascarenhas",74061601,Sim,2027-11-27,Sim,Não,Não,Não,210,96,"Sequi aliquam vero voluptates vitae.",1,"Sistemas de Informação",SI,2,Tarde,1,"Campus Cedro",Não,Não,Não,Não,Não,Não,NULL,NULL,NULL,NULL,NULL,NULL,NULL,NULL,Não,112572,2026-01-02,14:31:00,2025-12-28,"2026-08-17 13:39:54","2026-08-17 13:39:54",-5447.13,Sim,Não,Presente,AFCD44AA7155,NULL,NULL,1051,2026-01-02,"Pão com frango desfiado e suco",3,"Lanche da Tarde",05:00:00,14:50:00,1,"Campus Cedro",42438,4,NULL,1051,10.17,NULL,NULL,NULL,NULL,NULL,NULL
2054,"Aaron César Mascarenhas",74061601,Sim,2027-11-27,Sim,Não,Não,Não,210,96,"Sequi aliquam vero voluptates vitae.",1,"Sistemas de Informação",SI,2,Tarde,1,"Campus Cedro",Não,Não,Não,Não,Não,Não,NULL,NULL,NULL,NULL,NULL,NULL,NULL,NULL,Não,112570,2025-12-25,08:45:00,2025-12-22,"2026-08-17 13:39:54","2026-08-17 13:39:54",-5644.90,Não,Não,Ausente,52064779846D,"Atividade acadêmica",NULL,1025,2025-12-25,"Tapioca com queijo e suco",1,"Lanche da Manhã",05:00:00,08:00:00,1,"Campus Cedro",NULL,NULL,NULL,1025,7.40,NULL,NULL,NULL,NULL,NULL,NULL
2054,"Aaron César Mascarenhas",74061601,Sim,2027-11-27,Sim,Não,Não,Não,210,96,"Sequi aliquam vero voluptates vitae.",1,"Sistemas de Informação",SI,2,Tarde,1,"Campus Cedro",Não,Não,Não,Não,Não,Não,NULL,NULL,NULL,NULL,NULL,NULL,NULL,NULL,Não,112569,2025-12-12,21:57:00,2025-12-12,"2026-08-17 13:39:54","2026-08-17 13:39:54",-5943.70,Sim,Não,Presente,665D1CDD5DC5,NULL,NULL,992,2025-12-12,"Risoto cremoso",4,"Lanche da Noite",05:00:00,19:50:00,1,"Campus Cedro",42437,3,NULL,992,23.25,NULL,NULL,NULL,NULL,NULL,NULL
2054,"Aaron César Mascarenhas",74061601,Sim,2027-11-27,Sim,Não,Não,Não,210,96,"Sequi aliquam vero voluptates vitae.",1,"Sistemas de Informação",SI,2,Tarde,1,"Campus Cedro",Não,Não,Não,Não,Não,Não,NULL,NULL,NULL,NULL,NULL,NULL,NULL,NULL,Não,112568,2025-12-09,16:23:00,2025-12-04,"2026-08-17 13:39:54","2026-08-17 13:39:54",-6021.27,Sim,Não,Presente,366A1090EFD1,NULL,NULL,979,2025-12-09,"Tapioca de frango com suco",3,"Lanche da Tarde",05:00:00,14:50:00,1,"Campus Cedro",NULL,NULL,NULL,979,9.89,NULL,NULL,NULL,NULL,NULL,NULL
2054,"Aaron César Mascarenhas",74061601,Sim,2027-11-27,Sim,Não,Não,Não,210,96,"Sequi aliquam vero voluptates vitae.",1,"Sistemas de Informação",SI,2,Tarde,1,"Campus Cedro",Não,Não,Não,Não,Não,Não,NULL,NULL,NULL,NULL,NULL,NULL,NULL,NULL,Não,112567,2025-11-28,16:03:00,2025-11-26,"2026-08-17 13:39:54","2026-08-17 13:39:54",-6285.60,Sim,Não,Presente,C86D98AE33E3,NULL,NULL,951,2025-11-28,"Cuscuz com queijo e suco",3,"Lanche da Tarde",05:00:00,14:50:00,1,"Campus Cedro",NULL,NULL,NULL,951,12.03,NULL,NULL,NULL,NULL,NULL,NULL
2054,"Aaron César Mascarenhas",74061601,Sim,2027-11-27,Sim,Não,Não,Não,210,96,"Sequi aliquam vero voluptates vitae.",1,"Sistemas de Informação",SI,2,Tarde,1,"Campus Cedro",Não,Não,Não,Não,Não,Não,NULL,NULL,NULL,NULL,NULL,NULL,NULL,NULL,Não,112566,2025-11-13,16:18:00,2025-11-08,"2026-08-17 13:39:54","2026-08-17 13:39:54",-6645.35,Sim,Não,Presente,BB0F66DF2A7A,NULL,NULL,907,2025-11-13,"Pão com frango desfiado e suco",3,"Lanche da Tarde",05:00:00,14:50:00,1,"Campus Cedro",NULL,NULL,NULL,907,13.24,NULL,NULL,NULL,NULL,NULL,NULL
2054,"Aaron César Mascarenhas",74061601,Sim,2027-11-27,Sim,Não,Não,Não,210,96,"Sequi aliquam vero voluptates vitae.",1,"Sistemas de Informação",SI,2,Tarde,1,"Campus Cedro",Não,Não,Não,Não,Não,Não,NULL,NULL,NULL,NULL,NULL,NULL,NULL,NULL,Não,112565,2025-11-11,19:27:00,2025-11-06,"2026-08-17 13:39:54","2026-08-17 13:39:54",-6690.20,Não,Não,Ausente,6FE5DFA08372,"Ausência justificada pelo estudante",NULL,900,2025-11-11,"Tapioca com queijo e suco",4,"Lanche da Noite",05:00:00,19:50:00,1,"Campus Cedro",NULL,NULL,NULL,900,18.73,NULL,NULL,NULL,NULL,NULL,NULL
2054,"Aaron César Mascarenhas",74061601,Sim,2027-11-27,Sim,Não,Não,Não,210,96,"Sequi aliquam vero voluptates vitae.",1,"Sistemas de Informação",SI,2,Tarde,1,"Campus Cedro",Não,Não,Não,Não,Não,Não,NULL,NULL,NULL,NULL,NULL,NULL,NULL,NULL,Não,112564,2025-10-29,14:59:00,2025-10-28,"2026-08-17 13:39:54","2026-08-17 13:39:54",-7006.67,Sim,Não,Presente,F2516C96A145,NULL,NULL,863,2025-10-29,"Bolo de milho com suco de manga",3,"Lanche da Tarde",05:00:00,14:50:00,1,"Campus Cedro",NULL,NULL,NULL,863,9.61,NULL,NULL,NULL,NULL,NULL,NULL
2054,"Aaron César Mascarenhas",74061601,Sim,2027-11-27,Sim,Não,Não,Não,210,96,"Sequi aliquam vero voluptates vitae.",1,"Sistemas de Informação",SI,2,Tarde,1,"Campus Cedro",Não,Não,Não,Não,Não,Não,NULL,NULL,NULL,NULL,NULL,NULL,NULL,NULL,Não,112563,2025-10-24,16:42:00,2025-10-21,"2026-08-17 13:39:54","2026-08-17 13:39:54",-7124.95,Sim,Não,Presente,9DC4FCC43A5A,NULL,NULL,851,2025-10-24,"Bolo de macaxeira com suco",3,"Lanche da Tarde",05:00:00,14:50:00,1,"Campus Cedro",42436,3,NULL,851,14.04,NULL,NULL,NULL,NULL,NULL,NULL
2054,"Aaron César Mascarenhas",74061601,Sim,2027-11-27,Sim,Não,Não,Não,210,96,"Sequi aliquam vero voluptates vitae.",1,"Sistemas de Informação",SI,2,Tarde,1,"Campus Cedro",Não,Não,Não,Não,Não,Não,NULL,NULL,NULL,NULL,NULL,NULL,NULL,NULL,Não,112562,2025-10-23,11:03:00,2025-10-20,"2026-08-17 13:39:54","2026-08-17 13:39:54",-7154.60,Sim,Não,Presente,5559E6BAA563,NULL,NULL,846,2025-10-23,"Arroz, feijão, frango com legumes, macarrão e salada",2,Almoço,05:00:00,11:20:00,1,"Campus Cedro",NULL,NULL,NULL,846,122.38,NULL,NULL,NULL,NULL,NULL,NULL
2054,"Aaron César Mascarenhas",74061601,Sim,2027-11-27,Sim,Não,Não,Não,210,96,"Sequi aliquam vero voluptates vitae.",1,"Sistemas de Informação",SI,2,Tarde,1,"Campus Cedro",Não,Não,Não,Não,Não,Não,NULL,NULL,NULL,NULL,NULL,NULL,NULL,NULL,Não,112561,2025-09-25,16:22:00,2025-09-24,"2026-08-17 13:39:54","2026-08-17 13:39:54",-7821.28,Não,Não,Ausente,45CE32D0D7A7,"Ausência justificada pelo estudante",NULL,767,2025-09-25,"Cuscuz com queijo e suco",3,"Lanche da Tarde",05:00:00,14:50:00,1,"Campus Cedro",NULL,NULL,NULL,767,13.77,NULL,NULL,NULL,NULL,NULL,NULL
2054,"Aaron César Mascarenhas",74061601,Sim,2027-11-27,Sim,Não,Não,Não,210,96,"Sequi aliquam vero voluptates vitae.",1,"Sistemas de Informação",SI,2,Tarde,1,"Campus Cedro",Não,Não,Não,Não,Não,Não,NULL,NULL,NULL,NULL,NULL,NULL,NULL,NULL,Não,112559,2025-09-22,14:15:00,2025-09-17,"2026-08-17 13:39:54","2026-08-17 13:39:54",-7895.40,Sim,Não,Presente,6A94A85F833A,NULL,NULL,755,2025-09-22,"Risoto cremoso",3,"Lanche da Tarde",05:00:00,14:50:00,1,"Campus Cedro",NULL,NULL,NULL,755,13.80,NULL,NULL,NULL,NULL,NULL,NULL
2054,"Aaron César Mascarenhas",74061601,Sim,2027-11-27,Sim,Não,Não,Não,210,96,"Sequi aliquam vero voluptates vitae.",1,"Sistemas de Informação",SI,2,Tarde,1,"Campus Cedro",Não,Não,Não,Não,Não,Não,NULL,NULL,NULL,NULL,NULL,NULL,NULL,NULL,Não,112560,2025-09-22,20:24:00,2025-09-17,"2026-08-17 13:39:54","2026-08-17 13:39:54",-7889.25,Sim,Não,Presente,10157B040834,NULL,NULL,756,2025-09-22,"Cuscuz com queijo e suco",4,"Lanche da Noite",05:00:00,19:50:00,1,"Campus Cedro",NULL,NULL,NULL,756,19.53,NULL,NULL,NULL,NULL,NULL,NULL
2054,"Aaron César Mascarenhas",74061601,Sim,2027-11-27,Sim,Não,Não,Não,210,96,"Sequi aliquam vero voluptates vitae.",1,"Sistemas de Informação",SI,2,Tarde,1,"Campus Cedro",Não,Não,Não,Não,Não,Não,NULL,NULL,NULL,NULL,NULL,NULL,NULL,NULL,Não,112558,2025-09-18,15:27:00,2025-09-16,"2026-08-17 13:39:54","2026-08-17 13:39:54",-7990.20,Não,Não,Ausente,25C0A1BCE503,"Problema de transporte",NULL,747,2025-09-18,"Bolo de macaxeira com suco",3,"Lanche da Tarde",05:00:00,14:50:00,1,"Campus Cedro",NULL,NULL,NULL,747,10.62,NULL,NULL,NULL,NULL,NULL,NULL
2054,"Aaron César Mascarenhas",74061601,Sim,2027-11-27,Sim,Não,Não,Não,210,96,"Sequi aliquam vero voluptates vitae.",1,"Sistemas de Informação",SI,2,Tarde,1,"Campus Cedro",Não,Não,Não,Não,Não,Não,NULL,NULL,NULL,NULL,NULL,NULL,NULL,NULL,Não,112557,2025-09-03,16:43:00,2025-09-02,"2026-08-17 13:39:54","2026-08-17 13:39:54",-8348.93,Sim,Não,Presente,36A10FE1C63A,NULL,NULL,703,2025-09-03,"Pão com frango desfiado e suco",3,"Lanche da Tarde",05:00:00,14:50:00,1,"Campus Cedro",42435,3,NULL,703,11.22,NULL,NULL,NULL,NULL,NULL,NULL
2054,"Aaron César Mascarenhas",74061601,Sim,2027-11-27,Sim,Não,Não,Não,210,96,"Sequi aliquam vero voluptates vitae.",1,"Sistemas de Informação",SI,2,Tarde,1,"Campus Cedro",Não,Não,Não,Não,Não,Não,NULL,NULL,NULL,NULL,NULL,NULL,NULL,NULL,Não,112556,2025-08-15,14:10:00,2025-08-14,"2026-08-17 13:39:54","2026-08-17 13:39:54",-8807.48,Sim,Não,Presente,91B76EDDD34C,NULL,NULL,651,2025-08-15,"Bolo de chocolate com suco",3,"Lanche da Tarde",05:00:00,14:50:00,1,"Campus Cedro",42434,3,NULL,651,11.49,NULL,NULL,NULL,NULL,NULL,NULL
2054,"Aaron César Mascarenhas",74061601,Sim,2027-11-27,Sim,Não,Não,Não,210,96,"Sequi aliquam vero voluptates vitae.",1,"Sistemas de Informação",SI,2,Tarde,1,"Campus Cedro",Não,Não,Não,Não,Não,Não,NULL,NULL,NULL,NULL,NULL,NULL,NULL,NULL,Não,112555,2025-08-08,12:14:00,2025-08-06,"2026-08-17 13:39:54","2026-08-17 13:39:54",-8977.42,Não,Não,Ausente,E68380B71DFE,"Imprevisto pessoal",NULL,630,2025-08-08,"Arroz, feijão, carne moída, macarrão e legumes",2,Almoço,05:00:00,11:20:00,1,"Campus Cedro",NULL,NULL,NULL,630,109.42,NULL,NULL,NULL,NULL,NULL,NULL
2054,"Aaron César Mascarenhas",74061601,Sim,2027-11-27,Sim,Não,Não,Não,210,96,"Sequi aliquam vero voluptates vitae.",1,"Sistemas de Informação",SI,2,Tarde,1,"Campus Cedro",Não,Não,Não,Não,Não,Não,NULL,NULL,NULL,NULL,NULL,NULL,NULL,NULL,Não,112554,2025-08-07,08:53:00,2025-08-04,"2026-08-17 13:39:54","2026-08-17 13:39:54",-9004.77,Sim,Não,Presente,C6F701EEB12B,NULL,NULL,625,2025-08-07,"Risoto cremoso",1,"Lanche da Manhã",05:00:00,08:00:00,1,"Campus Cedro",NULL,NULL,NULL,625,11.58,NULL,NULL,NULL,NULL,NULL,NULL
2054,"Aaron César Mascarenhas",74061601,Sim,2027-11-27,Sim,Não,Não,Não,210,96,"Sequi aliquam vero voluptates vitae.",1,"Sistemas de Informação",SI,2,Tarde,1,"Campus Cedro",Não,Não,Não,Não,Não,Não,NULL,NULL,NULL,NULL,NULL,NULL,NULL,NULL,Não,112553,2025-07-23,21:58:00,2025-07-21,"2026-08-17 13:39:54","2026-08-17 13:39:54",-9351.68,Sim,Não,Presente,7A55A40B8C29,NULL,NULL,584,2025-07-23,"Cuscuz com queijo e suco",4,"Lanche da Noite",05:00:00,19:50:00,1,"Campus Cedro",NULL,NULL,NULL,584,19.00,NULL,NULL,NULL,NULL,NULL,NULL
2054,"Aaron César Mascarenhas",74061601,Sim,2027-11-27,Sim,Não,Não,Não,210,96,"Sequi aliquam vero voluptates vitae.",1,"Sistemas de Informação",SI,2,Tarde,1,"Campus Cedro",Não,Não,Não,Não,Não,Não,NULL,NULL,NULL,NULL,NULL,NULL,NULL,NULL,Não,112552,2025-07-07,21:11:00,2025-07-04,"2026-08-17 13:39:54","2026-08-17 13:39:54",-9736.47,Sim,Não,Presente,4108B73809FB,NULL,NULL,536,2025-07-07,"Bolo de milho com suco",4,"Lanche da Noite",05:00:00,19:50:00,1,"Campus Cedro",NULL,NULL,NULL,536,16.81,NULL,NULL,NULL,NULL,NULL,NULL
2054,"Aaron César Mascarenhas",74061601,Sim,2027-11-27,Sim,Não,Não,Não,210,96,"Sequi aliquam vero voluptates vitae.",1,"Sistemas de Informação",SI,2,Tarde,1,"Campus Cedro",Não,Não,Não,Não,Não,Não,NULL,NULL,NULL,NULL,NULL,NULL,NULL,NULL,Não,112551,2025-06-11,14:35:00,2025-06-06,"2026-08-17 13:39:54","2026-08-17 13:39:54",-10367.07,Sim,Não,Presente,EC189E724E91,NULL,NULL,463,2025-06-11,"Sanduíche de frango com suco",3,"Lanche da Tarde",05:00:00,14:50:00,1,"Campus Cedro",NULL,NULL,NULL,463,15.68,NULL,NULL,NULL,NULL,NULL,NULL
2054,"Aaron César Mascarenhas",74061601,Sim,2027-11-27,Sim,Não,Não,Não,210,96,"Sequi aliquam vero voluptates vitae.",1,"Sistemas de Informação",SI,2,Tarde,1,"Campus Cedro",Não,Não,Não,Não,Não,Não,NULL,NULL,NULL,NULL,NULL,NULL,NULL,NULL,Não,112550,2025-05-19,11:17:00,2025-05-14,"2026-08-17 13:39:54","2026-08-17 13:39:54",-10922.37,Sim,Não,Presente,402E7836217E,NULL,NULL,394,2025-05-19,"Arroz, feijão, frango com legumes, macarrão e salada",2,Almoço,05:00:00,11:20:00,1,"Campus Cedro",NULL,NULL,NULL,394,102.36,NULL,NULL,NULL,NULL,NULL,NULL
2054,"Aaron César Mascarenhas",74061601,Sim,2027-11-27,Sim,Não,Não,Não,210,96,"Sequi aliquam vero voluptates vitae.",1,"Sistemas de Informação",SI,2,Tarde,1,"Campus Cedro",Não,Não,Não,Não,Não,Não,NULL,NULL,NULL,NULL,NULL,NULL,NULL,NULL,Não,112549,2025-05-13,20:46:00,2025-05-08,"2026-08-17 13:39:54","2026-08-17 13:39:54",-11056.88,Sim,Não,Presente,F516EFDDFEF0,NULL,NULL,380,2025-05-13,"Bolo de macaxeira com suco",4,"Lanche da Noite",05:00:00,19:50:00,1,"Campus Cedro",42433,3,NULL,380,17.61,NULL,NULL,NULL,NULL,NULL,NULL
2054,"Aaron César Mascarenhas",74061601,Sim,2027-11-27,Sim,Não,Não,Não,210,96,"Sequi aliquam vero voluptates vitae.",1,"Sistemas de Informação",SI,2,Tarde,1,"Campus Cedro",Não,Não,Não,Não,Não,Não,NULL,NULL,NULL,NULL,NULL,NULL,NULL,NULL,Não,112548,2025-04-30,08:41:00,2025-04-27,"2026-08-17 13:39:54","2026-08-17 13:39:54",-11380.97,Sim,Não,Presente,7315ABC9B523,NULL,NULL,341,2025-04-30,"Cuscuz com frango e suco de manga",1,"Lanche da Manhã",05:00:00,08:00:00,1,"Campus Cedro",NULL,NULL,NULL,341,9.04,NULL,NULL,NULL,NULL,NULL,NULL
2054,"Aaron César Mascarenhas",74061601,Sim,2027-11-27,Sim,Não,Não,Não,210,96,"Sequi aliquam vero voluptates vitae.",1,"Sistemas de Informação",SI,2,Tarde,1,"Campus Cedro",Não,Não,Não,Não,Não,Não,NULL,NULL,NULL,NULL,NULL,NULL,NULL,NULL,Não,112547,2025-04-28,20:16:00,2025-04-24,"2026-08-17 13:39:54","2026-08-17 13:39:54",-11417.38,Sim,Não,Presente,E8BA746C27F9,NULL,NULL,336,2025-04-28,"Pão com frango desfiado e suco",4,"Lanche da Noite",05:00:00,19:50:00,1,"Campus Cedro",42432,4,NULL,336,18.45,NULL,NULL,NULL,NULL,NULL,NULL
2054,"Aaron César Mascarenhas",74061601,Sim,2027-11-27,Sim,Não,Não,Não,210,96,"Sequi aliquam vero voluptates vitae.",1,"Sistemas de Informação",SI,2,Tarde,1,"Campus Cedro",Não,Não,Não,Não,Não,Não,NULL,NULL,NULL,NULL,NULL,NULL,NULL,NULL,Não,112546,2025-04-25,11:39:00,2025-04-20,"2026-08-17 13:39:54","2026-08-17 13:39:54",-11498.00,Sim,Não,Presente,B5BD5FB94328,NULL,NULL,330,2025-04-25,"Arroz, feijão, carne de panela, arroz colorido e salada",2,Almoço,05:00:00,11:20:00,1,"Campus Cedro",NULL,NULL,NULL,330,98.12,NULL,NULL,NULL,NULL,NULL,NULL
2054,"Aaron César Mascarenhas",74061601,Sim,2027-11-27,Sim,Não,Não,Não,210,96,"Sequi aliquam vero voluptates vitae.",1,"Sistemas de Informação",SI,2,Tarde,1,"Campus Cedro",Não,Não,Não,Não,Não,Não,NULL,NULL,NULL,NULL,NULL,NULL,NULL,NULL,Não,112545,2025-04-24,21:53:00,2025-04-23,"2026-08-17 13:39:54","2026-08-17 13:39:54",-11511.77,Sim,Não,Presente,94C24BD09F43,NULL,NULL,328,2025-04-24,"Tapioca com queijo e suco",4,"Lanche da Noite",05:00:00,19:50:00,1,"Campus Cedro",42431,2,NULL,328,17.49,NULL,NULL,NULL,NULL,NULL,NULL
2054,"Aaron César Mascarenhas",74061601,Sim,2027-11-27,Sim,Não,Não,Não,210,96,"Sequi aliquam vero voluptates vitae.",1,"Sistemas de Informação",SI,2,Tarde,1,"Campus Cedro",Não,Não,Não,Não,Não,Não,NULL,NULL,NULL,NULL,NULL,NULL,NULL,NULL,Não,112544,2025-04-07,07:31:00,2025-04-05,"2026-08-17 13:39:54","2026-08-17 13:39:54",-11934.13,Sim,Não,Presente,5608A1F2FB53,NULL,NULL,273,2025-04-07,"Canja de frango",1,"Lanche da Manhã",05:00:00,08:00:00,1,"Campus Cedro",NULL,NULL,NULL,273,8.28,NULL,NULL,NULL,NULL,NULL,NULL
2054,"Aaron César Mascarenhas",74061601,Sim,2027-11-27,Sim,Não,Não,Não,210,96,"Sequi aliquam vero voluptates vitae.",1,"Sistemas de Informação",SI,2,Tarde,1,"Campus Cedro",Não,Não,Não,Não,Não,Não,NULL,NULL,NULL,NULL,NULL,NULL,NULL,NULL,Não,112543,2025-04-04,19:20:00,2025-04-03,"2026-08-17 13:39:54","2026-08-17 13:39:54",-11994.32,Sim,Não,Presente,12D6A64BB1C1,NULL,NULL,272,2025-04-04,"Sanduíche de frango com suco",4,"Lanche da Noite",05:00:00,19:50:00,1,"Campus Cedro",42430,2,NULL,272,24.19,NULL,NULL,NULL,NULL,NULL,NULL
2054,"Aaron César Mascarenhas",74061601,Sim,2027-11-27,Sim,Não,Não,Não,210,96,"Sequi aliquam vero voluptates vitae.",1,"Sistemas de Informação",SI,2,Tarde,1,"Campus Cedro",Não,Não,Não,Não,Não,Não,NULL,NULL,NULL,NULL,NULL,NULL,NULL,NULL,Não,112542,2025-03-14,11:12:00,2025-03-14,"2026-08-17 13:39:54","2026-08-17 13:39:54",-12506.45,Sim,Não,Presente,2263E8C4F12D,NULL,NULL,210,2025-03-14,"Arroz, feijão, almôndegas, macarrão e salada",2,Almoço,05:00:00,11:20:00,1,"Campus Cedro",42429,4,NULL,210,96.24,NULL,NULL,NULL,NULL,NULL,NULL
2054,"Aaron César Mascarenhas",74061601,Sim,2027-11-27,Sim,Não,Não,Não,210,96,"Sequi aliquam vero voluptates vitae.",1,"Sistemas de Informação",SI,2,Tarde,1,"Campus Cedro",Não,Não,Não,Não,Não,Não,NULL,NULL,NULL,NULL,NULL,NULL,NULL,NULL,Não,112541,2025-03-07,08:02:00,2025-03-02,"2026-08-17 13:39:54","2026-08-17 13:39:54",-12677.62,Não,Não,Ausente,A7FC5E1E3293,"Atividade acadêmica",NULL,189,2025-03-07,"Tapioca com frango e suco",1,"Lanche da Manhã",05:00:00,08:00:00,1,"Campus Cedro",NULL,NULL,NULL,189,8.64,NULL,NULL,NULL,NULL,NULL,NULL
2054,"Aaron César Mascarenhas",74061601,Sim,2027-11-27,Sim,Não,Não,Não,210,96,"Sequi aliquam vero voluptates vitae.",1,"Sistemas de Informação",SI,2,Tarde,1,"Campus Cedro",Não,Não,Não,Não,Não,Não,NULL,NULL,NULL,NULL,NULL,NULL,NULL,NULL,Não,112540,2025-02-14,08:47:00,2025-02-12,"2026-08-17 13:39:54","2026-08-17 13:39:54",-13180.87,Sim,Não,Presente,B71B4E702005,NULL,NULL,129,2025-02-14,"Tapioca com queijo e suco",1,"Lanche da Manhã",05:00:00,08:00:00,1,"Campus Cedro",NULL,NULL,NULL,129,8.83,NULL,NULL,NULL,NULL,NULL,NULL
2054,"Aaron César Mascarenhas",74061601,Sim,2027-11-27,Sim,Não,Não,Não,210,96,"Sequi aliquam vero voluptates vitae.",1,"Sistemas de Informação",SI,2,Tarde,1,"Campus Cedro",Não,Não,Não,Não,Não,Não,NULL,NULL,NULL,NULL,NULL,NULL,NULL,NULL,Não,112539,2025-02-04,20:07:00,2025-02-03,"2026-08-17 13:39:54","2026-08-17 13:39:54",-13409.53,Sim,Não,Presente,2B9E13E5A9BA,NULL,NULL,100,2025-02-04,"Canja de frango",4,"Lanche da Noite",05:00:00,19:50:00,1,"Campus Cedro",42428,3,NULL,100,22.47,NULL,NULL,NULL,NULL,NULL,NULL
2054,"Aaron César Mascarenhas",74061601,Sim,2027-11-27,Sim,Não,Não,Não,210,96,"Sequi aliquam vero voluptates vitae.",1,"Sistemas de Informação",SI,2,Tarde,1,"Campus Cedro",Não,Não,Não,Não,Não,Não,NULL,NULL,NULL,NULL,NULL,NULL,NULL,NULL,Não,112538,2025-01-24,08:53:00,2025-01-22,"2026-08-17 13:39:54","2026-08-17 13:39:54",-13684.77,Sim,Não,Presente,5075C195B409,NULL,NULL,69,2025-01-24,"Tapioca com queijo e suco",1,"Lanche da Manhã",05:00:00,08:00:00,1,"Campus Cedro",NULL,NULL,NULL,69,9.73,NULL,NULL,NULL,NULL,NULL,NULL
2054,"Aaron César Mascarenhas",74061601,Sim,2027-11-27,Sim,Não,Não,Não,210,96,"Sequi aliquam vero voluptates vitae.",1,"Sistemas de Informação",SI,2,Tarde,1,"Campus Cedro",Não,Não,Não,Não,Não,Não,NULL,NULL,NULL,NULL,NULL,NULL,NULL,NULL,Não,112537,2025-01-17,08:26:00,2025-01-13,"2026-08-17 13:39:54","2026-08-17 13:39:54",-13853.22,Sim,Não,Presente,0DDC80617929,NULL,NULL,49,2025-01-17,"Pão com ovo e suco de frutas",1,"Lanche da Manhã",05:00:00,08:00:00,1,"Campus Cedro",42427,4,NULL,49,7.60,NULL,NULL,NULL,NULL,NULL,NULL
2054,"Aaron César Mascarenhas",74061601,Sim,2027-11-27,Sim,Não,Não,Não,210,96,"Sequi aliquam vero voluptates vitae.",1,"Sistemas de Informação",SI,2,Tarde,1,"Campus Cedro",Não,Não,Não,Não,Não,Não,NULL,NULL,NULL,NULL,NULL,NULL,NULL,NULL,Não,112536,2025-01-09,11:23:00,2025-01-07,"2026-08-17 13:39:54","2026-08-17 13:39:54",-14042.27,Sim,Não,Presente,3AAD1D190875,NULL,NULL,26,2025-01-09,"Arroz, feijão, carne de panela, purê e salada",2,Almoço,05:00:00,11:20:00,1,"Campus Cedro",NULL,NULL,NULL,26,103.36,NULL,NULL,NULL,NULL,NULL,NULL
2054,"Aaron César Mascarenhas",74061601,Sim,2027-11-27,Sim,Não,Não,Não,210,96,"Sequi aliquam vero voluptates vitae.",1,"Sistemas de Informação",SI,2,Tarde,1,"Campus Cedro",Não,Não,Não,Não,Não,Não,NULL,NULL,NULL,NULL,NULL,NULL,NULL,NULL,Não,112535,2025-01-08,12:52:00,2025-01-07,"2026-08-17 13:39:54","2026-08-17 13:39:54",-14064.78,Não,Sim,Cancelada,9322A9B99163,NULL,NULL,22,2025-01-08,"Arroz, feijão, carne de panela, purê e salada",2,Almoço,05:00:00,11:20:00,1,"Campus Cedro",NULL,NULL,NULL,22,123.14,NULL,NULL,NULL,NULL,NULL,NULL
2054,"Aaron César Mascarenhas",74061601,Sim,2027-11-27,Sim,Não,Não,Não,210,96,"Sequi aliquam vero voluptates vitae.",1,"Sistemas de Informação",SI,2,Tarde,1,"Campus Cedro",Não,Não,Não,Não,Não,Não,NULL,NULL,NULL,NULL,NULL,NULL,NULL,NULL,Não,112534,2025-01-07,11:42:00,2025-01-03,"2026-08-17 13:39:54","2026-08-17 13:39:54",-14089.95,Sim,Não,Presente,1345AC2A5468,NULL,NULL,18,2025-01-07,"Arroz, feijão, frango com legumes, macarrão e salada",2,Almoço,05:00:00,11:20:00,1,"Campus Cedro",NULL,NULL,NULL,18,106.72,NULL,NULL,NULL,NULL,NULL,NULL
1923,"Aaron Leo Carvalho Filho",18153349,Não,2028-01-20,Sim,Não,Não,Sim,479,346,NULL,3,"Engenharia Mecânica",MEC,2,Tarde,1,"Campus Cedro",Não,Não,Não,Não,Não,Não,NULL,NULL,NULL,NULL,NULL,NULL,NULL,NULL,Não,105465,2026-06-22,19:37:00,2026-06-22,"2026-08-17 13:39:52","2026-08-17 13:39:52",-1338.03,Sim,Não,Presente,615B9EF0D886,NULL,NULL,1536,2026-06-22,"Cuscuz com carne moída",4,"Lanche da Noite",05:00:00,19:50:00,1,"Campus Cedro",NULL,NULL,NULL,1536,17.49,NULL,NULL,NULL,NULL,NULL,NULL
1923,"Aaron Leo Carvalho Filho",18153349,Não,2028-01-20,Sim,Não,Não,Sim,479,346,NULL,3,"Engenharia Mecânica",MEC,2,Tarde,1,"Campus Cedro",Não,Não,Não,Não,Não,Não,NULL,NULL,NULL,NULL,NULL,NULL,NULL,NULL,Não,105464,2026-06-15,15:26:00,2026-06-12,"2026-08-17 13:39:52","2026-08-17 13:39:52",-1510.22,Não,Não,Ausente,123F7AEDEDAE,"Atividade acadêmica",NULL,1515,2026-06-15,"Pão com frango desfiado e suco",3,"Lanche da Tarde",05:00:00,14:50:00,1,"Campus Cedro",NULL,NULL,NULL,1515,12.59,NULL,NULL,NULL,NULL,NULL,NULL
1923,"Aaron Leo Carvalho Filho",18153349,Não,2028-01-20,Sim,Não,Não,Sim,479,346,NULL,3,"Engenharia Mecânica",MEC,2,Tarde,1,"Campus Cedro",Não,Não,Não,Não,Não,Não,NULL,NULL,NULL,NULL,NULL,NULL,NULL,NULL,Não,105463,2026-06-03,20:49:00,2026-06-01,"2026-08-17 13:39:52","2026-08-17 13:39:52",-1792.83,Sim,Não,Presente,EA640C28031E,NULL,NULL,1484,2026-06-03,"Canja de frango",4,"Lanche da Noite",05:00:00,19:50:00,1,"Campus Cedro",39786,4,NULL,1484,20.06,NULL,NULL,NULL,NULL,NULL,NULL
1923,"Aaron Leo Carvalho Filho",18153349,Não,2028-01-20,Sim,Não,Não,Sim,479,346,NULL,3,"Engenharia Mecânica",MEC,2,Tarde,1,"Campus Cedro",Não,Não,Não,Não,Não,Não,NULL,NULL,NULL,NULL,NULL,NULL,NULL,NULL,Não,105462,2026-05-29,15:08:00,2026-05-24,"2026-08-17 13:39:52","2026-08-17 13:39:52",-1918.52,Sim,Não,Presente,5478B035E74F,NULL,NULL,1471,2026-05-29,"Risoto cremoso",3,"Lanche da Tarde",05:00:00,14:50:00,1,"Campus Cedro",39785,5,NULL,1471,12.71,NULL,NULL,NULL,NULL,NULL,NULL
1923,"Aaron Leo Carvalho Filho",18153349,Não,2028-01-20,Sim,Não,Não,Sim,479,346,NULL,3,"Engenharia Mecânica",MEC,2,Tarde,1,"Campus Cedro",Não,Não,Não,Não,Não,Não,NULL,NULL,NULL,NULL,NULL,NULL,NULL,NULL,Não,105461,2026-05-20,08:16:00,2026-05-18,"2026-08-17 13:39:52","2026-08-17 13:39:52",-2141.38,Sim,Não,Presente,D320570C5963,NULL,NULL,1441,2026-05-20,"Cuscuz com frango e suco de manga",1,"Lanche da Manhã",05:00:00,08:00:00,1,"Campus Cedro",39784,5,NULL,1441,5.54,NULL,NULL,NULL,NULL,NULL,NULL
1923,"Aaron Leo Carvalho Filho",18153349,Não,2028-01-20,Sim,Não,Não,Sim,479,346,NULL,3,"Engenharia Mecânica",MEC,2,Tarde,1,"Campus Cedro",Não,Não,Não,Não,Não,Não,NULL,NULL,NULL,NULL,NULL,NULL,NULL,NULL,Não,105460,2026-05-06,07:36:00,2026-05-06,"2026-08-17 13:39:52","2026-08-17 13:39:52",-2478.05,Sim,Não,Presente,D5DEABA5AF19,NULL,NULL,1401,2026-05-06,"Tapioca com frango e suco",1,"Lanche da Manhã",05:00:00,08:00:00,1,"Campus Cedro",39783,2,NULL,1401,8.09,NULL,NULL,NULL,NULL,NULL,NULL
1923,"Aaron Leo Carvalho Filho",18153349,Não,2028-01-20,Sim,Não,Não,Sim,479,346,NULL,3,"Engenharia Mecânica",MEC,2,Tarde,1,"Campus Cedro",Não,Não,Não,Não,Não,Não,NULL,NULL,NULL,NULL,NULL,NULL,NULL,NULL,Não,105459,2026-05-01,11:56:00,2026-04-27,"2026-08-17 13:39:52","2026-08-17 13:39:52",-2593.72,Sim,Não,Presente,22B31FDAC777,NULL,NULL,1390,2026-05-01,"Arroz, feijão, frango ao molho, purê e legumes",2,Almoço,05:00:00,11:20:00,1,"Campus Cedro",39782,4,NULL,1390,118.13,NULL,NULL,NULL,NULL,NULL,NULL
1923,"Aaron Leo Carvalho Filho",18153349,Não,2028-01-20,Sim,Não,Não,Sim,479,346,NULL,3,"Engenharia Mecânica",MEC,2,Tarde,1,"Campus Cedro",Não,Não,Não,Não,Não,Não,NULL,NULL,NULL,NULL,NULL,NULL,NULL,NULL,Não,105457,2026-04-10,11:29:00,2026-04-07,"2026-08-17 13:39:52","2026-08-17 13:39:52",-3098.17,Não,Sim,Cancelada,34A1E97E1DE2,NULL,NULL,1330,2026-04-10,"Arroz, feijão, frango grelhado, legumes e salada",2,Almoço,05:00:00,11:20:00,1,"Campus Cedro",NULL,NULL,NULL,1330,132.94,NULL,NULL,NULL,NULL,NULL,NULL
1923,"Aaron Leo Carvalho Filho",18153349,Não,2028-01-20,Sim,Não,Não,Sim,479,346,NULL,3,"Engenharia Mecânica",MEC,2,Tarde,1,"Campus Cedro",Não,Não,Não,Não,Não,Não,NULL,NULL,NULL,NULL,NULL,NULL,NULL,NULL,Não,105458,2026-04-10,14:30:00,2026-04-08,"2026-08-17 13:39:52","2026-08-17 13:39:52",-3095.15,Sim,Não,Presente,3A6B545CDC6F,NULL,NULL,1331,2026-04-10,"Bolo de chocolate com suco",3,"Lanche da Tarde",05:00:00,14:50:00,1,"Campus Cedro",39781,4,NULL,1331,8.93,NULL,NULL,NULL,NULL,NULL,NULL
1923,"Aaron Leo Carvalho Filho",18153349,Não,2028-01-20,Sim,Não,Não,Sim,479,346,NULL,3,"Engenharia Mecânica",MEC,2,Tarde,1,"Campus Cedro",Não,Não,Não,Não,Não,Não,NULL,NULL,NULL,NULL,NULL,NULL,NULL,NULL,Não,105456,2026-04-02,21:50:00,2026-04-01,"2026-08-17 13:39:52","2026-08-17 13:39:52",-3279.82,Não,Não,Ausente,8081B73EF827,"Problema de transporte",NULL,1308,2026-04-02,"Bolo de macaxeira com suco",4,"Lanche da Noite",05:00:00,19:50:00,1,"Campus Cedro",NULL,NULL,NULL,1308,17.80,NULL,NULL,NULL,NULL,NULL,NULL
1923,"Aaron Leo Carvalho Filho",18153349,Não,2028-01-20,Sim,Não,Não,Sim,479,346,NULL,3,"Engenharia Mecânica",MEC,2,Tarde,1,"Campus Cedro",Não,Não,Não,Não,Não,Não,NULL,NULL,NULL,NULL,NULL,NULL,NULL,NULL,Não,105455,2026-02-12,07:19:00,2026-02-08,"2026-08-17 13:39:52","2026-08-17 13:39:52",-4470.33,Sim,Não,Presente,ECD583676E79,NULL,NULL,1165,2026-02-12,"Pão com frango desfiado e suco",1,"Lanche da Manhã",05:00:00,08:00:00,1,"Campus Cedro",NULL,NULL,NULL,1165,8.10,NULL,NULL,NULL,NULL,NULL,NULL
1923,"Aaron Leo Carvalho Filho",18153349,Não,2028-01-20,Sim,Não,Não,Sim,479,346,NULL,3,"Engenharia Mecânica",MEC,2,Tarde,1,"Campus Cedro",Não,Não,Não,Não,Não,Não,NULL,NULL,NULL,NULL,NULL,NULL,NULL,NULL,Não,105454,2026-02-05,08:06:00,2026-02-02,"2026-08-17 13:39:52","2026-08-17 13:39:52",-4637.55,Sim,Não,Presente,63643104F742,NULL,NULL,1145,2026-02-05,"Bolo de milho com suco de goiaba",1,"Lanche da Manhã",05:00:00,08:00:00,1,"Campus Cedro",NULL,NULL,NULL,1145,8.12,NULL,NULL,NULL,NULL,NULL,NULL
1923,"Aaron Leo Carvalho Filho",18153349,Não,2028-01-20,Sim,Não,Não,Sim,479,346,NULL,3,"Engenharia Mecânica",MEC,2,Tarde,1,"Campus Cedro",Não,Não,Não,Não,Não,Não,NULL,NULL,NULL,NULL,NULL,NULL,NULL,NULL,Não,105453,2025-12-11,08:12:00,2025-12-06,"2026-08-17 13:39:52","2026-08-17 13:39:52",-5981.45,Sim,Não,Presente,6E7A4552FC69,NULL,NULL,985,2025-12-11,"Cuscuz com queijo e suco",1,"Lanche da Manhã",05:00:00,08:00:00,1,"Campus Cedro",39780,2,NULL,985,9.40,NULL,NULL,NULL,NULL,NULL,NULL
1923,"Aaron Leo Carvalho Filho",18153349,Não,2028-01-20,Sim,Não,Não,Sim,479,346,NULL,3,"Engenharia Mecânica",MEC,2,Tarde,1,"Campus Cedro",Não,Não,Não,Não,Não,Não,NULL,NULL,NULL,NULL,NULL,NULL,NULL,NULL,Não,105452,2025-11-07,12:21:00,2025-11-07,"2026-08-17 13:39:52","2026-08-17 13:39:52",-6793.30,Sim,Não,Presente,E6B8DD4AC00E,NULL,NULL,890,2025-11-07,"Arroz, feijão, peixe ao molho, legumes e salada",2,Almoço,05:00:00,11:20:00,1,"Campus Cedro",NULL,NULL,NULL,890,105.56,NULL,NULL,NULL,NULL,NULL,NULL
1923,"Aaron Leo Carvalho Filho",18153349,Não,2028-01-20,Sim,Não,Não,Sim,479,346,NULL,3,"Engenharia Mecânica",MEC,2,Tarde,1,"Campus Cedro",Não,Não,Não,Não,Não,Não,NULL,NULL,NULL,NULL,NULL,NULL,NULL,NULL,Não,105451,2025-10-14,14:10:00,2025-10-13,"2026-08-17 13:39:52","2026-08-17 13:39:52",-7367.48,Sim,Não,Presente,F0C72A226BEA,NULL,NULL,819,2025-10-14,"Cuscuz de frango com suco de goiaba",3,"Lanche da Tarde",05:00:00,14:50:00,1,"Campus Cedro",NULL,NULL,NULL,819,13.45,NULL,NULL,NULL,NULL,NULL,NULL
1923,"Aaron Leo Carvalho Filho",18153349,Não,2028-01-20,Sim,Não,Não,Sim,479,346,NULL,3,"Engenharia Mecânica",MEC,2,Tarde,1,"Campus Cedro",Não,Não,Não,Não,Não,Não,NULL,NULL,NULL,NULL,NULL,NULL,NULL,NULL,Não,105450,2025-10-03,12:21:00,2025-10-01,"2026-08-17 13:39:52","2026-08-17 13:39:52",-7633.30,Sim,Não,Presente,DA79A31F0CE2,NULL,NULL,790,2025-10-03,"Arroz, feijão, frango com legumes, macarrão e salada",2,Almoço,05:00:00,11:20:00,1,"Campus Cedro",NULL,NULL,NULL,790,117.03,NULL,NULL,NULL,NULL,NULL,NULL
1923,"Aaron Leo Carvalho Filho",18153349,Não,2028-01-20,Sim,Não,Não,Sim,479,346,NULL,3,"Engenharia Mecânica",MEC,2,Tarde,1,"Campus Cedro",Não,Não,Não,Não,Não,Não,NULL,NULL,NULL,NULL,NULL,NULL,NULL,NULL,Não,105449,2025-09-10,07:13:00,2025-09-09,"2026-08-17 13:39:52","2026-08-17 13:39:52",-8190.43,Sim,Não,Presente,F48ADD02A87D,NULL,NULL,721,2025-09-10,"Cuscuz com frango e suco de manga",1,"Lanche da Manhã",05:00:00,08:00:00,1,"Campus Cedro",NULL,NULL,NULL,721,8.94,NULL,NULL,NULL,NULL,NULL,NULL
1923,"Aaron Leo Carvalho Filho",18153349,Não,2028-01-20,Sim,Não,Não,Sim,479,346,NULL,3,"Engenharia Mecânica",MEC,2,Tarde,1,"Campus Cedro",Não,Não,Não,Não,Não,Não,NULL,NULL,NULL,NULL,NULL,NULL,NULL,NULL,Não,105448,2025-07-15,20:22:00,2025-07-13,"2026-08-17 13:39:52","2026-08-17 13:39:52",-9545.28,Sim,Não,Presente,769FDB644A3C,NULL,NULL,560,2025-07-15,"Pão com frango desfiado e suco",4,"Lanche da Noite",05:00:00,19:50:00,1,"Campus Cedro",NULL,NULL,NULL,560,17.17,NULL,NULL,NULL,NULL,NULL,NULL
1923,"Aaron Leo Carvalho Filho",18153349,Não,2028-01-20,Sim,Não,Não,Sim,479,346,NULL,3,"Engenharia Mecânica",MEC,2,Tarde,1,"Campus Cedro",Não,Não,Não,Não,Não,Não,NULL,NULL,NULL,NULL,NULL,NULL,NULL,NULL,Não,105447,2025-07-02,12:27:00,2025-07-01,"2026-08-17 13:39:52","2026-08-17 13:39:52",-9865.20,Não,Sim,Cancelada,3574B0D0026E,NULL,NULL,522,2025-07-02,"Arroz, feijão, carne moída com legumes e salada",2,Almoço,05:00:00,11:20:00,1,"Campus Cedro",NULL,NULL,NULL,522,97.68,NULL,NULL,NULL,NULL,NULL,NULL
1923,"Aaron Leo Carvalho Filho",18153349,Não,2028-01-20,Sim,Não,Não,Sim,479,346,NULL,3,"Engenharia Mecânica",MEC,2,Tarde,1,"Campus Cedro",Não,Não,Não,Não,Não,Não,NULL,NULL,NULL,NULL,NULL,NULL,NULL,NULL,Não,105446,2025-06-10,11:05:00,2025-06-06,"2026-08-17 13:39:52","2026-08-17 13:39:52",-10394.57,Sim,Não,Presente,2F3B1F52AFA0,NULL,NULL,458,2025-06-10,"Arroz, feijão, peixe assado, pirão e salada",2,Almoço,05:00:00,11:20:00,1,"Campus Cedro",NULL,NULL,NULL,458,131.19,NULL,NULL,NULL,NULL,NULL,NULL
1923,"Aaron Leo Carvalho Filho",18153349,Não,2028-01-20,Sim,Não,Não,Sim,479,346,NULL,3,"Engenharia Mecânica",MEC,2,Tarde,1,"Campus Cedro",Não,Não,Não,Não,Não,Não,NULL,NULL,NULL,NULL,NULL,NULL,NULL,NULL,Não,105445,2025-05-08,12:26:00,2025-05-07,"2026-08-17 13:39:52","2026-08-17 13:39:52",-11185.22,Sim,Não,Presente,CD431F0E4669,NULL,NULL,366,2025-05-08,"Arroz, feijão, frango com legumes, macarrão e salada",2,Almoço,05:00:00,11:20:00,1,"Campus Cedro",39779,4,NULL,366,95.20,NULL,NULL,NULL,NULL,NULL,NULL
1923,"Aaron Leo Carvalho Filho",18153349,Não,2028-01-20,Sim,Não,Não,Sim,479,346,NULL,3,"Engenharia Mecânica",MEC,2,Tarde,1,"Campus Cedro",Não,Não,Não,Não,Não,Não,NULL,NULL,NULL,NULL,NULL,NULL,NULL,NULL,Não,105444,2025-04-30,11:47:00,2025-04-29,"2026-08-17 13:39:52","2026-08-17 13:39:52",-11377.87,Não,Não,Ausente,363EB8381C21,"Atividade acadêmica",NULL,342,2025-04-30,"Arroz, feijão, frango com legumes, macarrão e salada",2,Almoço,05:00:00,11:20:00,1,"Campus Cedro",NULL,NULL,NULL,342,105.90,NULL,NULL,NULL,NULL,NULL,NULL
1923,"Aaron Leo Carvalho Filho",18153349,Não,2028-01-20,Sim,Não,Não,Sim,479,346,NULL,3,"Engenharia Mecânica",MEC,2,Tarde,1,"Campus Cedro",Não,Não,Não,Não,Não,Não,NULL,NULL,NULL,NULL,NULL,NULL,NULL,NULL,Não,105443,2025-04-11,12:48:00,2025-04-09,"2026-08-17 13:39:52","2026-08-17 13:39:52",-11832.85,Sim,Não,Presente,26FD35368CA1,NULL,NULL,290,2025-04-11,"Arroz, feijão, peixe frito, pirão e salada",2,Almoço,05:00:00,11:20:00,1,"Campus Cedro",NULL,NULL,NULL,290,109.52,NULL,NULL,NULL,NULL,NULL,NULL
1923,"Aaron Leo Carvalho Filho",18153349,Não,2028-01-20,Sim,Não,Não,Sim,479,346,NULL,3,"Engenharia Mecânica",MEC,2,Tarde,1,"Campus Cedro",Não,Não,Não,Não,Não,Não,NULL,NULL,NULL,NULL,NULL,NULL,NULL,NULL,Não,105442,2025-04-09,07:44:00,2025-04-09,"2026-08-17 13:39:52","2026-08-17 13:39:52",-11885.92,Não,Sim,Cancelada,223386B8A4BF,NULL,NULL,281,2025-04-09,"Risoto cremoso",1,"Lanche da Manhã",05:00:00,08:00:00,1,"Campus Cedro",NULL,NULL,NULL,281,8.69,NULL,NULL,NULL,NULL,NULL,NULL
1923,"Aaron Leo Carvalho Filho",18153349,Não,2028-01-20,Sim,Não,Não,Sim,479,346,NULL,3,"Engenharia Mecânica",MEC,2,Tarde,1,"Campus Cedro",Não,Não,Não,Não,Não,Não,NULL,NULL,NULL,NULL,NULL,NULL,NULL,NULL,Não,105441,2025-04-08,14:04:00,2025-04-03,"2026-08-17 13:39:52","2026-08-17 13:39:52",-11903.58,Sim,Não,Presente,73C13C26E256,NULL,NULL,279,2025-04-08,"Risoto cremoso",3,"Lanche da Tarde",05:00:00,14:50:00,1,"Campus Cedro",NULL,NULL,NULL,279,14.17,NULL,NULL,NULL,NULL,NULL,NULL
1923,"Aaron Leo Carvalho Filho",18153349,Não,2028-01-20,Sim,Não,Não,Sim,479,346,NULL,3,"Engenharia Mecânica",MEC,2,Tarde,1,"Campus Cedro",Não,Não,Não,Não,Não,Não,NULL,NULL,NULL,NULL,NULL,NULL,NULL,NULL,Não,105440,2025-03-12,12:54:00,2025-03-09,"2026-08-17 13:39:52","2026-08-17 13:39:52",-12552.75,Não,Não,Ausente,4630363A398B,"Atividade acadêmica",NULL,202,2025-03-12,"Arroz, feijão, carne cozida, macarrão e salada",2,Almoço,05:00:00,11:20:00,1,"Campus Cedro",NULL,NULL,NULL,202,108.80,NULL,NULL,NULL,NULL,NULL,NULL
1923,"Aaron Leo Carvalho Filho",18153349,Não,2028-01-20,Sim,Não,Não,Sim,479,346,NULL,3,"Engenharia Mecânica",MEC,2,Tarde,1,"Campus Cedro",Não,Não,Não,Não,Não,Não,NULL,NULL,NULL,NULL,NULL,NULL,NULL,NULL,Não,105439,2025-03-06,08:07:00,2025-03-03,"2026-08-17 13:39:52","2026-08-17 13:39:52",-12701.53,Não,Não,Ausente,DA7BFDA63C5A,"Problema de saúde",NULL,185,2025-03-06,"Risoto cremoso",1,"Lanche da Manhã",05:00:00,08:00:00,1,"Campus Cedro",NULL,NULL,NULL,185,9.94,NULL,NULL,NULL,NULL,NULL,NULL
1923,"Aaron Leo Carvalho Filho",18153349,Não,2028-01-20,Sim,Não,Não,Sim,479,346,NULL,3,"Engenharia Mecânica",MEC,2,Tarde,1,"Campus Cedro",Não,Não,Não,Não,Não,Não,NULL,NULL,NULL,NULL,NULL,NULL,NULL,NULL,Não,105438,2025-02-28,12:51:00,2025-02-25,"2026-08-17 13:39:52","2026-08-17 13:39:52",-12840.80,Sim,Não,Presente,D4A465FCB295,NULL,NULL,170,2025-02-28,"Arroz, feijão, peixe assado, pirão e salada",2,Almoço,05:00:00,11:20:00,1,"Campus Cedro",NULL,NULL,NULL,170,138.77,NULL,NULL,NULL,NULL,NULL,NULL
1923,"Aaron Leo Carvalho Filho",18153349,Não,2028-01-20,Sim,Não,Não,Sim,479,346,NULL,3,"Engenharia Mecânica",MEC,2,Tarde,1,"Campus Cedro",Não,Não,Não,Não,Não,Não,NULL,NULL,NULL,NULL,NULL,NULL,NULL,NULL,Não,105437,2025-02-26,12:12:00,2025-02-25,"2026-08-17 13:39:52","2026-08-17 13:39:52",-12889.45,Sim,Não,Presente,547F8ACD0320,NULL,NULL,162,2025-02-26,"Arroz, feijão, peixe ao molho, legumes e salada",2,Almoço,05:00:00,11:20:00,1,"Campus Cedro",39778,5,"Imprevisto pessoal",162,140.60,NULL,NULL,NULL,NULL,NULL,NULL
1923,"Aaron Leo Carvalho Filho",18153349,Não,2028-01-20,Sim,Não,Não,Sim,479,346,NULL,3,"Engenharia Mecânica",MEC,2,Tarde,1,"Campus Cedro",Não,Não,Não,Não,Não,Não,NULL,NULL,NULL,NULL,NULL,NULL,NULL,NULL,Não,105435,2025-02-24,08:24:00,2025-02-21,"2026-08-17 13:39:52","2026-08-17 13:39:52",-12941.25,Sim,Não,Presente,60D52FD89A75,NULL,NULL,153,2025-02-24,"Tapioca com queijo e suco",1,"Lanche da Manhã",05:00:00,08:00:00,1,"Campus Cedro",NULL,NULL,NULL,153,8.07,NULL,NULL,NULL,NULL,NULL,NULL
1923,"Aaron Leo Carvalho Filho",18153349,Não,2028-01-20,Sim,Não,Não,Sim,479,346,NULL,3,"Engenharia Mecânica",MEC,2,Tarde,1,"Campus Cedro",Não,Não,Não,Não,Não,Não,NULL,NULL,NULL,NULL,NULL,NULL,NULL,NULL,Não,105436,2025-02-24,12:37:00,2025-02-21,"2026-08-17 13:39:52","2026-08-17 13:39:52",-12937.03,Sim,Não,Presente,F8BBD846FE17,NULL,NULL,154,2025-02-24,"Arroz, feijão, frango com legumes, macarrão e salada",2,Almoço,05:00:00,11:20:00,1,"Campus Cedro",NULL,NULL,NULL,154,117.83,NULL,NULL,NULL,NULL,NULL,NULL
1923,"Aaron Leo Carvalho Filho",18153349,Não,2028-01-20,Sim,Não,Não,Sim,479,346,NULL,3,"Engenharia Mecânica",MEC,2,Tarde,1,"Campus Cedro",Não,Não,Não,Não,Não,Não,NULL,NULL,NULL,NULL,NULL,NULL,NULL,NULL,Não,105434,2025-02-18,07:13:00,2025-02-18,"2026-08-17 13:39:52","2026-08-17 13:39:52",-13086.43,Não,Não,Ausente,422E3C47EDE5,"Problema de transporte",NULL,137,2025-02-18,"Risoto cremoso",1,"Lanche da Manhã",05:00:00,08:00:00,1,"Campus Cedro",NULL,NULL,NULL,137,11.87,NULL,NULL,NULL,NULL,NULL,NULL
1923,"Aaron Leo Carvalho Filho",18153349,Não,2028-01-20,Sim,Não,Não,Sim,479,346,NULL,3,"Engenharia Mecânica",MEC,2,Tarde,1,"Campus Cedro",Não,Não,Não,Não,Não,Não,NULL,NULL,NULL,NULL,NULL,NULL,NULL,NULL,Não,105433,2025-01-21,20:45:00,2025-01-17,"2026-08-17 13:39:52","2026-08-17 13:39:52",-13744.90,Sim,Não,Presente,5E6E83143638,NULL,NULL,60,2025-01-21,"Tapioca de frango com suco",4,"Lanche da Noite",05:00:00,19:50:00,1,"Campus Cedro",39777,5,NULL,60,14.19,NULL,NULL,NULL,NULL,NULL,NULL
1923,"Aaron Leo Carvalho Filho",18153349,Não,2028-01-20,Sim,Não,Não,Sim,479,346,NULL,3,"Engenharia Mecânica",MEC,2,Tarde,1,"Campus Cedro",Não,Não,Não,Não,Não,Não,NULL,NULL,NULL,NULL,NULL,NULL,NULL,NULL,Não,105431,2025-01-15,12:27:00,2025-01-14,"2026-08-17 13:39:52","2026-08-17 13:39:52",-13897.20,Sim,Não,Presente,FBB04783F2C8,NULL,NULL,42,2025-01-15,"Arroz, feijão, frango ao molho, farofa e salada",2,Almoço,05:00:00,11:20:00,1,"Campus Cedro",39776,4,NULL,42,121.67,NULL,NULL,NULL,NULL,NULL,NULL
1923,"Aaron Leo Carvalho Filho",18153349,Não,2028-01-20,Sim,Não,Não,Sim,479,346,NULL,3,"Engenharia Mecânica",MEC,2,Tarde,1,"Campus Cedro",Não,Não,Não,Não,Não,Não,NULL,NULL,NULL,NULL,NULL,NULL,NULL,NULL,Não,105432,2025-01-15,19:03:00,2025-01-12,"2026-08-17 13:39:52","2026-08-17 13:39:52",-13890.60,Sim,Não,Presente,BE44109750AC,NULL,NULL,44,2025-01-15,"Tapioca de frango com suco",4,"Lanche da Noite",05:00:00,19:50:00,1,"Campus Cedro",NULL,NULL,NULL,44,20.74,NULL,NULL,NULL,NULL,NULL,NULL
225,"Abgail Isabelly Batista Jr.",12548147,Não,2026-08-25,Sim,Não,Não,Não,NULL,NULL,NULL,1,"Sistemas de Informação",SI,3,Noite,1,"Campus Cedro",Não,Não,Não,Não,Não,Não,NULL,NULL,NULL,NULL,NULL,NULL,NULL,NULL,Não,12589,2026-06-19,12:04:00,2026-06-15,"2026-08-17 13:39:39","2026-08-17 13:39:39",-1417.58,Sim,Não,Presente,8E14507AE6A5,NULL,NULL,1530,2026-06-19,"Arroz, feijão, carne suína, legumes e salada",2,Almoço,05:00:00,11:20:00,1,"Campus Cedro",NULL,NULL,NULL,1530,127.62,NULL,NULL,NULL,NULL,NULL,NULL
225,"Abgail Isabelly Batista Jr.",12548147,Não,2026-08-25,Sim,Não,Não,Não,NULL,NULL,NULL,1,"Sistemas de Informação",SI,3,Noite,1,"Campus Cedro",Não,Não,Não,Não,Não,Não,NULL,NULL,NULL,NULL,NULL,NULL,NULL,NULL,Não,12588,2026-06-05,11:23:00,2026-06-04,"2026-08-17 13:39:39","2026-08-17 13:39:39",-1754.27,Sim,Não,Presente,F3B294A3633A,NULL,NULL,1490,2026-06-05,"Arroz, feijão, carne suína, legumes e salada",2,Almoço,05:00:00,11:20:00,1,"Campus Cedro",4721,5,NULL,1490,104.35,NULL,NULL,NULL,NULL,NULL,NULL
225,"Abgail Isabelly Batista Jr.",12548147,Não,2026-08-25,Sim,Não,Não,Não,NULL,NULL,NULL,1,"Sistemas de Informação",SI,3,Noite,1,"Campus Cedro",Não,Não,Não,Não,Não,Não,NULL,NULL,NULL,NULL,NULL,NULL,NULL,NULL,Não,12587,2026-05-26,20:02:00,2026-05-21,"2026-08-17 13:39:39","2026-08-17 13:39:39",-1985.62,Sim,Não,Presente,BF5A661C0CCD,NULL,NULL,1460,2026-05-26,"Tapioca com queijo e suco",4,"Lanche da Noite",05:00:00,19:50:00,1,"Campus Cedro",4720,2,"Imprevisto pessoal",1460,14.72,NULL,NULL,NULL,NULL,NULL,NULL
225,"Abgail Isabelly Batista Jr.",12548147,Não,2026-08-25,Sim,Não,Não,Não,NULL,NULL,NULL,1,"Sistemas de Informação",SI,3,Noite,1,"Campus Cedro",Não,Não,Não,Não,Não,Não,NULL,NULL,NULL,NULL,NULL,NULL,NULL,NULL,Não,12586,2026-04-28,07:56:00,2026-04-25,"2026-08-17 13:39:39","2026-08-17 13:39:39",-2669.72,Não,Não,Ausente,CB3F9CB64579,"Problema de transporte",NULL,1377,2026-04-28,"Cuscuz com queijo e suco",1,"Lanche da Manhã",05:00:00,08:00:00,1,"Campus Cedro",NULL,NULL,NULL,1377,8.56,NULL,NULL,NULL,NULL,NULL,NULL
225,"Abgail Isabelly Batista Jr.",12548147,Não,2026-08-25,Sim,Não,Não,Não,NULL,NULL,NULL,1,"Sistemas de Informação",SI,3,Noite,1,"Campus Cedro",Não,Não,Não,Não,Não,Não,NULL,NULL,NULL,NULL,NULL,NULL,NULL,NULL,Não,12585,2026-04-27,08:49:00,2026-04-22,"2026-08-17 13:39:39","2026-08-17 13:39:39",-2692.83,Sim,Não,Presente,BD61FCC43C4A,NULL,NULL,1373,2026-04-27,"Sanduíche de frango com suco",1,"Lanche da Manhã",05:00:00,08:00:00,1,"Campus Cedro",NULL,NULL,NULL,1373,8.36,NULL,NULL,NULL,NULL,NULL,NULL
225,"Abgail Isabelly Batista Jr.",12548147,Não,2026-08-25,Sim,Não,Não,Não,NULL,NULL,NULL,1,"Sistemas de Informação",SI,3,Noite,1,"Campus Cedro",Não,Não,Não,Não,Não,Não,NULL,NULL,NULL,NULL,NULL,NULL,NULL,NULL,Não,12584,2026-04-17,20:20:00,2026-04-12,"2026-08-17 13:39:39","2026-08-17 13:39:39",-2921.32,Sim,Não,Presente,54EB75DA41FA,NULL,NULL,1352,2026-04-17,"Cuscuz com carne moída",4,"Lanche da Noite",05:00:00,19:50:00,1,"Campus Cedro",4719,3,NULL,1352,19.75,NULL,NULL,NULL,NULL,NULL,NULL
225,"Abgail Isabelly Batista Jr.",12548147,Não,2026-08-25,Sim,Não,Não,Não,NULL,NULL,NULL,1,"Sistemas de Informação",SI,3,Noite,1,"Campus Cedro",Não,Não,Não,Não,Não,Não,NULL,NULL,NULL,NULL,NULL,NULL,NULL,NULL,Não,12583,2026-04-10,08:47:00,2026-04-09,"2026-08-17 13:39:39","2026-08-17 13:39:39",-3100.87,Não,Não,Ausente,0BF527B5FE0E,"Ausência justificada pelo estudante",NULL,1329,2026-04-10,"Bolo de milho com suco de goiaba",1,"Lanche da Manhã",05:00:00,08:00:00,1,"Campus Cedro",NULL,NULL,NULL,1329,7.49,NULL,NULL,NULL,NULL,NULL,NULL
225,"Abgail Isabelly Batista Jr.",12548147,Não,2026-08-25,Sim,Não,Não,Não,NULL,NULL,NULL,1,"Sistemas de Informação",SI,3,Noite,1,"Campus Cedro",Não,Não,Não,Não,Não,Não,NULL,NULL,NULL,NULL,NULL,NULL,NULL,NULL,Não,12582,2026-03-27,16:18:00,2026-03-24,"2026-08-17 13:39:39","2026-08-17 13:39:39",-3429.35,Não,Sim,Cancelada,EE3A6DA82D9C,NULL,NULL,1291,2026-03-27,"Pão com frango desfiado e suco",3,"Lanche da Tarde",05:00:00,14:50:00,1,"Campus Cedro",NULL,NULL,NULL,1291,13.18,NULL,NULL,NULL,NULL,NULL,NULL
225,"Abgail Isabelly Batista Jr.",12548147,Não,2026-08-25,Sim,Não,Não,Não,NULL,NULL,NULL,1,"Sistemas de Informação",SI,3,Noite,1,"Campus Cedro",Não,Não,Não,Não,Não,Não,NULL,NULL,NULL,NULL,NULL,NULL,NULL,NULL,Não,12581,2026-03-20,15:07:00,2026-03-18,"2026-08-17 13:39:39","2026-08-17 13:39:39",-3598.53,Não,Não,Ausente,5C2939E3DCFC,"Compromisso acadêmico",NULL,1271,2026-03-20,"Cuscuz com queijo e suco",3,"Lanche da Tarde",05:00:00,14:50:00,1,"Campus Cedro",NULL,NULL,NULL,1271,13.81,NULL,NULL,NULL,NULL,NULL,NULL
225,"Abgail Isabelly Batista Jr.",12548147,Não,2026-08-25,Sim,Não,Não,Não,NULL,NULL,NULL,1,"Sistemas de Informação",SI,3,Noite,1,"Campus Cedro",Não,Não,Não,Não,Não,Não,NULL,NULL,NULL,NULL,NULL,NULL,NULL,NULL,Não,12580,2026-03-19,12:20:00,2026-03-14,"2026-08-17 13:39:39","2026-08-17 13:39:39",-3625.32,Não,Sim,Cancelada,966F8A4F9129,NULL,NULL,1266,2026-03-19,"Arroz, feijão, frango com legumes, macarrão e salada",2,Almoço,05:00:00,11:20:00,1,"Campus Cedro",NULL,NULL,NULL,1266,101.79,NULL,NULL,NULL,NULL,NULL,NULL
225,"Abgail Isabelly Batista Jr.",12548147,Não,2026-08-25,Sim,Não,Não,Não,NULL,NULL,NULL,1,"Sistemas de Informação",SI,3,Noite,1,"Campus Cedro",Não,Não,Não,Não,Não,Não,NULL,NULL,NULL,NULL,NULL,NULL,NULL,NULL,Não,12579,2026-03-11,07:17:00,2026-03-07,"2026-08-17 13:39:39","2026-08-17 13:39:39",-3822.37,Não,Não,Ausente,82120B55DF95,"Ausência justificada pelo estudante",NULL,1241,2026-03-11,"Pão com ovo e suco de frutas",1,"Lanche da Manhã",05:00:00,08:00:00,1,"Campus Cedro",NULL,NULL,NULL,1241,9.95,NULL,NULL,NULL,NULL,NULL,NULL
225,"Abgail Isabelly Batista Jr.",12548147,Não,2026-08-25,Sim,Não,Não,Não,NULL,NULL,NULL,1,"Sistemas de Informação",SI,3,Noite,1,"Campus Cedro",Não,Não,Não,Não,Não,Não,NULL,NULL,NULL,NULL,NULL,NULL,NULL,NULL,Não,12578,2026-02-11,16:38:00,2026-02-11,"2026-08-17 13:39:39","2026-08-17 13:39:39",-4485.02,Sim,Não,Presente,608FD85B3B7E,NULL,NULL,1163,2026-02-11,"Tapioca com queijo e suco",3,"Lanche da Tarde",05:00:00,14:50:00,1,"Campus Cedro",4718,4,NULL,1163,12.36,NULL,NULL,NULL,NULL,NULL,NULL
225,"Abgail Isabelly Batista Jr.",12548147,Não,2026-08-25,Sim,Não,Não,Não,NULL,NULL,NULL,1,"Sistemas de Informação",SI,3,Noite,1,"Campus Cedro",Não,Não,Não,Não,Não,Não,NULL,NULL,NULL,NULL,NULL,NULL,NULL,NULL,Não,12577,2026-01-16,15:29:00,2026-01-15,"2026-08-17 13:39:39","2026-08-17 13:39:39",-5110.17,Não,Não,Ausente,4EC818AD0E88,"Problema de saúde",NULL,1091,2026-01-16,"Bolo de chocolate com suco",3,"Lanche da Tarde",05:00:00,14:50:00,1,"Campus Cedro",NULL,NULL,NULL,1091,12.79,NULL,NULL,NULL,NULL,NULL,NULL
225,"Abgail Isabelly Batista Jr.",12548147,Não,2026-08-25,Sim,Não,Não,Não,NULL,NULL,NULL,1,"Sistemas de Informação",SI,3,Noite,1,"Campus Cedro",Não,Não,Não,Não,Não,Não,NULL,NULL,NULL,NULL,NULL,NULL,NULL,NULL,Não,12576,2026-01-14,16:22:00,2026-01-13,"2026-08-17 13:39:39","2026-08-17 13:39:39",-5157.28,Sim,Não,Presente,9BCA2CB1B370,NULL,NULL,1083,2026-01-14,"Pão com frango desfiado e suco",3,"Lanche da Tarde",05:00:00,14:50:00,1,"Campus Cedro",NULL,NULL,NULL,1083,13.29,NULL,NULL,NULL,NULL,NULL,NULL
225,"Abgail Isabelly Batista Jr.",12548147,Não,2026-08-25,Sim,Não,Não,Não,NULL,NULL,NULL,1,"Sistemas de Informação",SI,3,Noite,1,"Campus Cedro",Não,Não,Não,Não,Não,Não,NULL,NULL,NULL,NULL,NULL,NULL,NULL,NULL,Não,12575,2026-01-13,07:29:00,2026-01-12,"2026-08-17 13:39:39","2026-08-17 13:39:39",-5190.17,Sim,Não,Presente,24CE3BB8FCAC,NULL,NULL,1077,2026-01-13,"Risoto cremoso",1,"Lanche da Manhã",05:00:00,08:00:00,1,"Campus Cedro",NULL,NULL,NULL,1077,10.71,NULL,NULL,NULL,NULL,NULL,NULL
225,"Abgail Isabelly Batista Jr.",12548147,Não,2026-08-25,Sim,Não,Não,Não,NULL,NULL,NULL,1,"Sistemas de Informação",SI,3,Noite,1,"Campus Cedro",Não,Não,Não,Não,Não,Não,NULL,NULL,NULL,NULL,NULL,NULL,NULL,NULL,Não,12574,2025-12-29,16:22:00,2025-12-26,"2026-08-17 13:39:39","2026-08-17 13:39:39",-5541.28,Sim,Não,Presente,D402F2A524CE,NULL,NULL,1035,2025-12-29,"Pão com frango desfiado e suco",3,"Lanche da Tarde",05:00:00,14:50:00,1,"Campus Cedro",NULL,NULL,NULL,1035,12.37,NULL,NULL,NULL,NULL,NULL,NULL
225,"Abgail Isabelly Batista Jr.",12548147,Não,2026-08-25,Sim,Não,Não,Não,NULL,NULL,NULL,1,"Sistemas de Informação",SI,3,Noite,1,"Campus Cedro",Não,Não,Não,Não,Não,Não,NULL,NULL,NULL,NULL,NULL,NULL,NULL,NULL,Não,12573,2025-12-22,07:54:00,2025-12-21,"2026-08-17 13:39:39","2026-08-17 13:39:39",-5717.75,Sim,Não,Presente,01B2CE269EA0,NULL,NULL,1013,2025-12-22,"Pão com frango desfiado e suco",1,"Lanche da Manhã",05:00:00,08:00:00,1,"Campus Cedro",NULL,NULL,NULL,1013,6.40,NULL,NULL,NULL,NULL,NULL,NULL
225,"Abgail Isabelly Batista Jr.",12548147,Não,2026-08-25,Sim,Não,Não,Não,NULL,NULL,NULL,1,"Sistemas de Informação",SI,3,Noite,1,"Campus Cedro",Não,Não,Não,Não,Não,Não,NULL,NULL,NULL,NULL,NULL,NULL,NULL,NULL,Não,12572,2025-12-05,19:45:00,2025-12-01,"2026-08-17 13:39:39","2026-08-17 13:39:39",-6113.90,Sim,Não,Presente,C3FB3A436ADF,NULL,NULL,972,2025-12-05,"Bolo de milho com suco",4,"Lanche da Noite",05:00:00,19:50:00,1,"Campus Cedro",NULL,NULL,NULL,972,14.75,NULL,NULL,NULL,NULL,NULL,NULL
225,"Abgail Isabelly Batista Jr.",12548147,Não,2026-08-25,Sim,Não,Não,Não,NULL,NULL,NULL,1,"Sistemas de Informação",SI,3,Noite,1,"Campus Cedro",Não,Não,Não,Não,Não,Não,NULL,NULL,NULL,NULL,NULL,NULL,NULL,NULL,Não,12571,2025-12-04,20:35:00,2025-12-03,"2026-08-17 13:39:39","2026-08-17 13:39:39",-6137.07,Sim,Não,Presente,FEB87DD51BE7,NULL,NULL,968,2025-12-04,"Tapioca de frango com suco",4,"Lanche da Noite",05:00:00,19:50:00,1,"Campus Cedro",NULL,NULL,NULL,968,21.60,NULL,NULL,NULL,NULL,NULL,NULL
225,"Abgail Isabelly Batista Jr.",12548147,Não,2026-08-25,Sim,Não,Não,Não,NULL,NULL,NULL,1,"Sistemas de Informação",SI,3,Noite,1,"Campus Cedro",Não,Não,Não,Não,Não,Não,NULL,NULL,NULL,NULL,NULL,NULL,NULL,NULL,Não,12570,2025-12-01,07:02:00,2025-12-01,"2026-08-17 13:39:39","2026-08-17 13:39:39",-6222.62,Sim,Não,Presente,77E0499DF6ED,NULL,NULL,953,2025-12-01,"Tapioca com frango e suco",1,"Lanche da Manhã",05:00:00,08:00:00,1,"Campus Cedro",4717,3,"Compromisso acadêmico",953,7.67,NULL,NULL,NULL,NULL,NULL,NULL
225,"Abgail Isabelly Batista Jr.",12548147,Não,2026-08-25,Sim,Não,Não,Não,NULL,NULL,NULL,1,"Sistemas de Informação",SI,3,Noite,1,"Campus Cedro",Não,Não,Não,Não,Não,Não,NULL,NULL,NULL,NULL,NULL,NULL,NULL,NULL,Não,12569,2025-11-27,19:34:00,2025-11-26,"2026-08-17 13:39:39","2026-08-17 13:39:39",-6306.08,Não,Sim,Cancelada,7E8EBB0A2084,NULL,NULL,948,2025-11-27,"Pão com frango desfiado e suco",4,"Lanche da Noite",05:00:00,19:50:00,1,"Campus Cedro",NULL,NULL,NULL,948,13.28,NULL,NULL,NULL,NULL,NULL,NULL
225,"Abgail Isabelly Batista Jr.",12548147,Não,2026-08-25,Sim,Não,Não,Não,NULL,NULL,NULL,1,"Sistemas de Informação",SI,3,Noite,1,"Campus Cedro",Não,Não,Não,Não,Não,Não,NULL,NULL,NULL,NULL,NULL,NULL,NULL,NULL,Não,12568,2025-11-24,11:12:00,2025-11-20,"2026-08-17 13:39:39","2026-08-17 13:39:39",-6386.45,Sim,Não,Presente,FDB05AE2259B,NULL,NULL,934,2025-11-24,"Arroz, feijão, frango ao molho, purê e legumes",2,Almoço,05:00:00,11:20:00,1,"Campus Cedro",NULL,NULL,NULL,934,104.31,NULL,NULL,NULL,NULL,NULL,NULL
225,"Abgail Isabelly Batista Jr.",12548147,Não,2026-08-25,Sim,Não,Não,Não,NULL,NULL,NULL,1,"Sistemas de Informação",SI,3,Noite,1,"Campus Cedro",Não,Não,Não,Não,Não,Não,NULL,NULL,NULL,NULL,NULL,NULL,NULL,NULL,Não,12567,2025-11-03,14:52:00,2025-11-02,"2026-08-17 13:39:39","2026-08-17 13:39:39",-6886.78,Sim,Não,Presente,1818F569134B,NULL,NULL,875,2025-11-03,"Risoto cremoso",3,"Lanche da Tarde",05:00:00,14:50:00,1,"Campus Cedro",NULL,NULL,NULL,875,11.89,NULL,NULL,NULL,NULL,NULL,NULL
225,"Abgail Isabelly Batista Jr.",12548147,Não,2026-08-25,Sim,Não,Não,Não,NULL,NULL,NULL,1,"Sistemas de Informação",SI,3,Noite,1,"Campus Cedro",Não,Não,Não,Não,Não,Não,NULL,NULL,NULL,NULL,NULL,NULL,NULL,NULL,Não,12566,2025-10-16,08:21:00,2025-10-11,"2026-08-17 13:39:39","2026-08-17 13:39:39",-7325.30,Não,Sim,Cancelada,B930F148DBC5,NULL,NULL,825,2025-10-16,"Cuscuz com queijo e suco",1,"Lanche da Manhã",05:00:00,08:00:00,1,"Campus Cedro",NULL,NULL,NULL,825,7.31,NULL,NULL,NULL,NULL,NULL,NULL
225,"Abgail Isabelly Batista Jr.",12548147,Não,2026-08-25,Sim,Não,Não,Não,NULL,NULL,NULL,1,"Sistemas de Informação",SI,3,Noite,1,"Campus Cedro",Não,Não,Não,Não,Não,Não,NULL,NULL,NULL,NULL,NULL,NULL,NULL,NULL,Não,12565,2025-10-07,07:17:00,2025-10-03,"2026-08-17 13:39:39","2026-08-17 13:39:39",-7542.37,Não,Não,Ausente,070211DE3D96,"Imprevisto pessoal",NULL,797,2025-10-07,"Tapioca com frango e suco",1,"Lanche da Manhã",05:00:00,08:00:00,1,"Campus Cedro",NULL,NULL,NULL,797,6.08,NULL,NULL,NULL,NULL,NULL,NULL
225,"Abgail Isabelly Batista Jr.",12548147,Não,2026-08-25,Sim,Não,Não,Não,NULL,NULL,NULL,1,"Sistemas de Informação",SI,3,Noite,1,"Campus Cedro",Não,Não,Não,Não,Não,Não,NULL,NULL,NULL,NULL,NULL,NULL,NULL,NULL,Não,12564,2025-09-26,12:46:00,2025-09-24,"2026-08-17 13:39:39","2026-08-17 13:39:39",-7800.88,Sim,Não,Presente,5C22DD6F6D3D,NULL,NULL,770,2025-09-26,"Arroz, feijão, frango ao curry, macarrão e salada",2,Almoço,05:00:00,11:20:00,1,"Campus Cedro",4716,4,NULL,770,96.16,NULL,NULL,NULL,NULL,NULL,NULL
225,"Abgail Isabelly Batista Jr.",12548147,Não,2026-08-25,Sim,Não,Não,Não,NULL,NULL,NULL,1,"Sistemas de Informação",SI,3,Noite,1,"Campus Cedro",Não,Não,Não,Não,Não,Não,NULL,NULL,NULL,NULL,NULL,NULL,NULL,NULL,Não,12563,2025-09-16,08:55:00,2025-09-12,"2026-08-17 13:39:39","2026-08-17 13:39:39",-8044.73,Não,Sim,Cancelada,EE71B5E62F69,NULL,NULL,737,2025-09-16,"Risoto cremoso",1,"Lanche da Manhã",05:00:00,08:00:00,1,"Campus Cedro",NULL,NULL,NULL,737,10.24,NULL,NULL,NULL,NULL,NULL,NULL
225,"Abgail Isabelly Batista Jr.",12548147,Não,2026-08-25,Sim,Não,Não,Não,NULL,NULL,NULL,1,"Sistemas de Informação",SI,3,Noite,1,"Campus Cedro",Não,Não,Não,Não,Não,Não,NULL,NULL,NULL,NULL,NULL,NULL,NULL,NULL,Não,12562,2025-09-09,15:31:00,2025-09-05,"2026-08-17 13:39:39","2026-08-17 13:39:39",-8206.13,Não,Não,Ausente,7076019630DA,"Problema de saúde",NULL,719,2025-09-09,"Cuscuz com carne moída e suco",3,"Lanche da Tarde",05:00:00,14:50:00,1,"Campus Cedro",NULL,NULL,NULL,719,14.13,NULL,NULL,NULL,NULL,NULL,NULL
225,"Abgail Isabelly Batista Jr.",12548147,Não,2026-08-25,Sim,Não,Não,Não,NULL,NULL,NULL,1,"Sistemas de Informação",SI,3,Noite,1,"Campus Cedro",Não,Não,Não,Não,Não,Não,NULL,NULL,NULL,NULL,NULL,NULL,NULL,NULL,Não,12561,2025-08-18,11:55:00,2025-08-14,"2026-08-17 13:39:39","2026-08-17 13:39:39",-8737.73,Sim,Não,Presente,C6B0C281DD80,NULL,NULL,654,2025-08-18,"Arroz, feijão, frango assado, macarrão e salada",2,Almoço,05:00:00,11:20:00,1,"Campus Cedro",NULL,NULL,NULL,654,119.77,NULL,NULL,NULL,NULL,NULL,NULL
225,"Abgail Isabelly Batista Jr.",12548147,Não,2026-08-25,Sim,Não,Não,Não,NULL,NULL,NULL,1,"Sistemas de Informação",SI,3,Noite,1,"Campus Cedro",Não,Não,Não,Não,Não,Não,NULL,NULL,NULL,NULL,NULL,NULL,NULL,NULL,Não,12560,2025-08-13,07:50:00,2025-08-13,"2026-08-17 13:39:39","2026-08-17 13:39:39",-8861.82,Não,Não,Ausente,9E346CF28833,"Ausência justificada pelo estudante",NULL,641,2025-08-13,"Pão com ovo e suco de frutas",1,"Lanche da Manhã",05:00:00,08:00:00,1,"Campus Cedro",NULL,NULL,NULL,641,7.77,NULL,NULL,NULL,NULL,NULL,NULL
225,"Abgail Isabelly Batista Jr.",12548147,Não,2026-08-25,Sim,Não,Não,Não,NULL,NULL,NULL,1,"Sistemas de Informação",SI,3,Noite,1,"Campus Cedro",Não,Não,Não,Não,Não,Não,NULL,NULL,NULL,NULL,NULL,NULL,NULL,NULL,Não,12559,2025-08-06,11:47:00,2025-08-03,"2026-08-17 13:39:39","2026-08-17 13:39:39",-9025.87,Sim,Não,Presente,2A5F5C2FD086,NULL,NULL,622,2025-08-06,"Arroz, feijão, carne cozida com batatas e salada",2,Almoço,05:00:00,11:20:00,1,"Campus Cedro",4715,4,NULL,622,153.49,NULL,NULL,NULL,NULL,NULL,NULL
225,"Abgail Isabelly Batista Jr.",12548147,Não,2026-08-25,Sim,Não,Não,Não,NULL,NULL,NULL,1,"Sistemas de Informação",SI,3,Noite,1,"Campus Cedro",Não,Não,Não,Não,Não,Não,NULL,NULL,NULL,NULL,NULL,NULL,NULL,NULL,Não,12558,2025-07-24,14:31:00,2025-07-22,"2026-08-17 13:39:39","2026-08-17 13:39:39",-9335.13,Sim,Não,Presente,9EADC3C40242,NULL,NULL,587,2025-07-24,"Cuscuz de frango com suco de goiaba",3,"Lanche da Tarde",05:00:00,14:50:00,1,"Campus Cedro",4714,1,"Problema de saúde",587,11.62,NULL,NULL,NULL,NULL,NULL,NULL
225,"Abgail Isabelly Batista Jr.",12548147,Não,2026-08-25,Sim,Não,Não,Não,NULL,NULL,NULL,1,"Sistemas de Informação",SI,3,Noite,1,"Campus Cedro",Não,Não,Não,Não,Não,Não,NULL,NULL,NULL,NULL,NULL,NULL,NULL,NULL,Não,12557,2025-07-08,07:41:00,2025-07-06,"2026-08-17 13:39:39","2026-08-17 13:39:39",-9725.97,Sim,Não,Presente,A7D8D8E24464,NULL,NULL,537,2025-07-08,"Bolo de macaxeira com café",1,"Lanche da Manhã",05:00:00,08:00:00,1,"Campus Cedro",4713,4,"Problema de transporte",537,7.88,NULL,NULL,NULL,NULL,NULL,NULL
225,"Abgail Isabelly Batista Jr.",12548147,Não,2026-08-25,Sim,Não,Não,Não,NULL,NULL,NULL,1,"Sistemas de Informação",SI,3,Noite,1,"Campus Cedro",Não,Não,Não,Não,Não,Não,NULL,NULL,NULL,NULL,NULL,NULL,NULL,NULL,Não,12556,2025-06-12,11:05:00,2025-06-12,"2026-08-17 13:39:39","2026-08-17 13:39:39",-10346.57,Não,Não,Ausente,BC3864542FE0,"Problema de saúde",NULL,466,2025-06-12,"Arroz, feijão, peixe assado, pirão e salada",2,Almoço,05:00:00,11:20:00,1,"Campus Cedro",NULL,NULL,NULL,466,131.22,NULL,NULL,NULL,NULL,NULL,NULL
225,"Abgail Isabelly Batista Jr.",12548147,Não,2026-08-25,Sim,Não,Não,Não,NULL,NULL,NULL,1,"Sistemas de Informação",SI,3,Noite,1,"Campus Cedro",Não,Não,Não,Não,Não,Não,NULL,NULL,NULL,NULL,NULL,NULL,NULL,NULL,Não,12555,2025-06-05,20:40:00,2025-06-04,"2026-08-17 13:39:39","2026-08-17 13:39:39",-10504.98,Sim,Não,Presente,FBF1F8891CD3,NULL,NULL,448,2025-06-05,"Canja de frango",4,"Lanche da Noite",05:00:00,19:50:00,1,"Campus Cedro",NULL,NULL,NULL,448,18.69,NULL,NULL,NULL,NULL,NULL,NULL
225,"Abgail Isabelly Batista Jr.",12548147,Não,2026-08-25,Sim,Não,Não,Não,NULL,NULL,NULL,1,"Sistemas de Informação",SI,3,Noite,1,"Campus Cedro",Não,Não,Não,Não,Não,Não,NULL,NULL,NULL,NULL,NULL,NULL,NULL,NULL,Não,12554,2025-04-28,14:50:00,2025-04-28,"2026-08-17 13:39:39","2026-08-17 13:39:39",-11422.82,Não,Não,Ausente,7862D9DC3C09,"Ausência justificada pelo estudante",NULL,335,2025-04-28,"Cuscuz com queijo e suco",3,"Lanche da Tarde",05:00:00,14:50:00,1,"Campus Cedro",NULL,NULL,NULL,335,14.07,NULL,NULL,NULL,NULL,NULL,NULL
225,"Abgail Isabelly Batista Jr.",12548147,Não,2026-08-25,Sim,Não,Não,Não,NULL,NULL,NULL,1,"Sistemas de Informação",SI,3,Noite,1,"Campus Cedro",Não,Não,Não,Não,Não,Não,NULL,NULL,NULL,NULL,NULL,NULL,NULL,NULL,Não,12553,2025-04-07,20:07:00,2025-04-02,"2026-08-17 13:39:39","2026-08-17 13:39:39",-11921.53,Sim,Não,Presente,C3C919352C2C,NULL,NULL,276,2025-04-07,"Canja de frango",4,"Lanche da Noite",05:00:00,19:50:00,1,"Campus Cedro",4712,4,"Atividade acadêmica",276,21.02,NULL,NULL,NULL,NULL,NULL,NULL
225,"Abgail Isabelly Batista Jr.",12548147,Não,2026-08-25,Sim,Não,Não,Não,NULL,NULL,NULL,1,"Sistemas de Informação",SI,3,Noite,1,"Campus Cedro",Não,Não,Não,Não,Não,Não,NULL,NULL,NULL,NULL,NULL,NULL,NULL,NULL,Não,12552,2025-03-28,07:07:00,2025-03-24,"2026-08-17 13:39:39","2026-08-17 13:39:39",-12174.53,Sim,Não,Presente,49BAC2DAAF0A,NULL,NULL,249,2025-03-28,"Canja de frango",1,"Lanche da Manhã",05:00:00,08:00:00,1,"Campus Cedro",NULL,NULL,NULL,249,8.36,NULL,NULL,NULL,NULL,NULL,NULL
225,"Abgail Isabelly Batista Jr.",12548147,Não,2026-08-25,Sim,Não,Não,Não,NULL,NULL,NULL,1,"Sistemas de Informação",SI,3,Noite,1,"Campus Cedro",Não,Não,Não,Não,Não,Não,NULL,NULL,NULL,NULL,NULL,NULL,NULL,NULL,Não,12551,2025-03-24,21:00:00,2025-03-23,"2026-08-17 13:39:39","2026-08-17 13:39:39",-12256.65,Sim,Não,Presente,40240EE551D6,NULL,NULL,236,2025-03-24,"Pão com frango desfiado e suco",4,"Lanche da Noite",05:00:00,19:50:00,1,"Campus Cedro",NULL,NULL,NULL,236,13.65,NULL,NULL,NULL,NULL,NULL,NULL
225,"Abgail Isabelly Batista Jr.",12548147,Não,2026-08-25,Sim,Não,Não,Não,NULL,NULL,NULL,1,"Sistemas de Informação",SI,3,Noite,1,"Campus Cedro",Não,Não,Não,Não,Não,Não,NULL,NULL,NULL,NULL,NULL,NULL,NULL,NULL,Não,12550,2025-02-26,11:05:00,2025-02-21,"2026-08-17 13:39:39","2026-08-17 13:39:39",-12890.57,Sim,Não,Presente,C09FF4F44098,NULL,NULL,162,2025-02-26,"Arroz, feijão, peixe ao molho, legumes e salada",2,Almoço,05:00:00,11:20:00,1,"Campus Cedro",4711,5,NULL,162,140.60,NULL,NULL,NULL,NULL,NULL,NULL
225,"Abgail Isabelly Batista Jr.",12548147,Não,2026-08-25,Sim,Não,Não,Não,NULL,NULL,NULL,1,"Sistemas de Informação",SI,3,Noite,1,"Campus Cedro",Não,Não,Não,Não,Não,Não,NULL,NULL,NULL,NULL,NULL,NULL,NULL,NULL,Não,12549,2025-02-19,08:31:00,2025-02-14,"2026-08-17 13:39:39","2026-08-17 13:39:39",-13061.13,Sim,Não,Presente,0154299E4FBA,NULL,NULL,141,2025-02-19,"Cuscuz com queijo e suco",1,"Lanche da Manhã",05:00:00,08:00:00,1,"Campus Cedro",4710,5,NULL,141,9.90,NULL,NULL,NULL,NULL,NULL,NULL
225,"Abgail Isabelly Batista Jr.",12548147,Não,2026-08-25,Sim,Não,Não,Não,NULL,NULL,NULL,1,"Sistemas de Informação",SI,3,Noite,1,"Campus Cedro",Não,Não,Não,Não,Não,Não,NULL,NULL,NULL,NULL,NULL,NULL,NULL,NULL,Não,12548,2025-02-14,12:39:00,2025-02-12,"2026-08-17 13:39:39","2026-08-17 13:39:39",-13177.00,Sim,Não,Presente,E70F709C20FC,NULL,NULL,130,2025-02-14,"Arroz, feijão, frango ao molho, farofa e salada",2,Almoço,05:00:00,11:20:00,1,"Campus Cedro",4709,4,NULL,130,103.86,NULL,NULL,NULL,NULL,NULL,NULL
225,"Abgail Isabelly Batista Jr.",12548147,Não,2026-08-25,Sim,Não,Não,Não,NULL,NULL,NULL,1,"Sistemas de Informação",SI,3,Noite,1,"Campus Cedro",Não,Não,Não,Não,Não,Não,NULL,NULL,NULL,NULL,NULL,NULL,NULL,NULL,Não,12547,2025-02-10,12:37:00,2025-02-05,"2026-08-17 13:39:39","2026-08-17 13:39:39",-13273.03,Sim,Não,Presente,B6728351A11F,NULL,NULL,114,2025-02-10,"Arroz, feijão, almôndegas, macarrão e salada",2,Almoço,05:00:00,11:20:00,1,"Campus Cedro",NULL,NULL,NULL,114,123.25,NULL,NULL,NULL,NULL,NULL,NULL
225,"Abgail Isabelly Batista Jr.",12548147,Não,2026-08-25,Sim,Não,Não,Não,NULL,NULL,NULL,1,"Sistemas de Informação",SI,3,Noite,1,"Campus Cedro",Não,Não,Não,Não,Não,Não,NULL,NULL,NULL,NULL,NULL,NULL,NULL,NULL,Não,12546,2025-01-20,08:08:00,2025-01-19,"2026-08-17 13:39:39","2026-08-17 13:39:39",-13781.52,Sim,Não,Presente,2D0B6F2E725E,NULL,NULL,53,2025-01-20,"Tapioca com frango e suco",1,"Lanche da Manhã",05:00:00,08:00:00,1,"Campus Cedro",NULL,NULL,NULL,53,7.35,NULL,NULL,NULL,NULL,NULL,NULL
225,"Abgail Isabelly Batista Jr.",12548147,Não,2026-08-25,Sim,Não,Não,Não,NULL,NULL,NULL,1,"Sistemas de Informação",SI,3,Noite,1,"Campus Cedro",Não,Não,Não,Não,Não,Não,NULL,NULL,NULL,NULL,NULL,NULL,NULL,NULL,Não,12545,2025-01-17,19:07:00,2025-01-17,"2026-08-17 13:39:39","2026-08-17 13:39:39",-13842.53,Sim,Não,Presente,7DE2C9BF154C,NULL,NULL,52,2025-01-17,"Sanduíche de frango com suco",4,"Lanche da Noite",05:00:00,19:50:00,1,"Campus Cedro",NULL,NULL,NULL,52,21.54,NULL,NULL,NULL,NULL,NULL,NULL
225,"Abgail Isabelly Batista Jr.",12548147,Não,2026-08-25,Sim,Não,Não,Não,NULL,NULL,NULL,1,"Sistemas de Informação",SI,3,Noite,1,"Campus Cedro",Não,Não,Não,Não,Não,Não,NULL,NULL,NULL,NULL,NULL,NULL,NULL,NULL,Não,12544,2025-01-15,14:48:00,2025-01-10,"2026-08-17 13:39:39","2026-08-17 13:39:39",-13894.85,Sim,Não,Presente,3583953F3020,NULL,NULL,43,2025-01-15,"Pão com frango desfiado e suco",3,"Lanche da Tarde",05:00:00,14:50:00,1,"Campus Cedro",4708,4,NULL,43,12.59,NULL,NULL,NULL,NULL,NULL,NULL
2581,"Adriana Lilian Ferraz",61964658,Sim,2027-12-18,Sim,Não,Não,Sim,302,417,"Consequatur quia omnis voluptatem ut incidunt eius.",4,"Licenciatura em Matemática",MAT,1,Manhã,1,"Campus Cedro",Não,Não,Não,Não,Não,Não,NULL,NULL,NULL,NULL,NULL,NULL,NULL,NULL,Não,142049,2026-06-18,20:57:00,2026-06-17,"2026-08-17 13:39:58","2026-08-17 13:39:58",-1432.70,Sim,Não,Presente,0B607D2C7A7C,NULL,NULL,1528,2026-06-18,"Bolo de milho com suco",4,"Lanche da Noite",05:00:00,19:50:00,1,"Campus Cedro",53509,5,"Problema de saúde",1528,18.22,NULL,NULL,NULL,NULL,NULL,NULL
2581,"Adriana Lilian Ferraz",61964658,Sim,2027-12-18,Sim,Não,Não,Sim,302,417,"Consequatur quia omnis voluptatem ut incidunt eius.",4,"Licenciatura em Matemática",MAT,1,Manhã,1,"Campus Cedro",Não,Não,Não,Não,Não,Não,NULL,NULL,NULL,NULL,NULL,NULL,NULL,NULL,Não,142048,2026-06-16,08:43:00,2026-06-11,"2026-08-17 13:39:58","2026-08-17 13:39:58",-1492.93,Sim,Não,Presente,EA9B461DD665,NULL,NULL,1517,2026-06-16,"Pão com frango desfiado e suco",1,"Lanche da Manhã",05:00:00,08:00:00,1,"Campus Cedro",53508,5,NULL,1517,8.03,NULL,NULL,NULL,NULL,NULL,NULL
2581,"Adriana Lilian Ferraz",61964658,Sim,2027-12-18,Sim,Não,Não,Sim,302,417,"Consequatur quia omnis voluptatem ut incidunt eius.",4,"Licenciatura em Matemática",MAT,1,Manhã,1,"Campus Cedro",Não,Não,Não,Não,Não,Não,NULL,NULL,NULL,NULL,NULL,NULL,NULL,NULL,Não,142047,2026-05-26,12:38:00,2026-05-25,"2026-08-17 13:39:58","2026-08-17 13:39:58",-1993.02,Sim,Não,Presente,9563A437839C,NULL,NULL,1458,2026-05-26,"Arroz, feijão, almôndegas, macarrão e salada",2,Almoço,05:00:00,11:20:00,1,"Campus Cedro",53507,5,NULL,1458,86.27,NULL,NULL,NULL,NULL,NULL,NULL
2581,"Adriana Lilian Ferraz",61964658,Sim,2027-12-18,Sim,Não,Não,Sim,302,417,"Consequatur quia omnis voluptatem ut incidunt eius.",4,"Licenciatura em Matemática",MAT,1,Manhã,1,"Campus Cedro",Não,Não,Não,Não,Não,Não,NULL,NULL,NULL,NULL,NULL,NULL,NULL,NULL,Não,142046,2026-05-25,07:05:00,2026-05-20,"2026-08-17 13:39:58","2026-08-17 13:39:58",-2022.57,Sim,Não,Presente,57BF280748A8,NULL,NULL,1453,2026-05-25,"Bolo de macaxeira com café",1,"Lanche da Manhã",05:00:00,08:00:00,1,"Campus Cedro",NULL,NULL,NULL,1453,6.34,NULL,NULL,NULL,NULL,NULL,NULL
2581,"Adriana Lilian Ferraz",61964658,Sim,2027-12-18,Sim,Não,Não,Sim,302,417,"Consequatur quia omnis voluptatem ut incidunt eius.",4,"Licenciatura em Matemática",MAT,1,Manhã,1,"Campus Cedro",Não,Não,Não,Não,Não,Não,NULL,NULL,NULL,NULL,NULL,NULL,NULL,NULL,Não,142045,2026-05-04,08:30:00,2026-05-02,"2026-08-17 13:39:58","2026-08-17 13:39:58",-2525.15,Sim,Não,Presente,2AE489E8AE1C,NULL,NULL,1393,2026-05-04,"Cuscuz com carne moída e suco",1,"Lanche da Manhã",05:00:00,08:00:00,1,"Campus Cedro",53506,5,NULL,1393,7.99,NULL,NULL,NULL,NULL,NULL,NULL
2581,"Adriana Lilian Ferraz",61964658,Sim,2027-12-18,Sim,Não,Não,Sim,302,417,"Consequatur quia omnis voluptatem ut incidunt eius.",4,"Licenciatura em Matemática",MAT,1,Manhã,1,"Campus Cedro",Não,Não,Não,Não,Não,Não,NULL,NULL,NULL,NULL,NULL,NULL,NULL,NULL,Não,142044,2026-05-01,16:53:00,2026-04-30,"2026-08-17 13:39:58","2026-08-17 13:39:58",-2588.77,Sim,Não,Presente,64DFDCB94591,NULL,NULL,1391,2026-05-01,"Tapioca com queijo e suco",3,"Lanche da Tarde",05:00:00,14:50:00,1,"Campus Cedro",53505,5,NULL,1391,9.48,NULL,NULL,NULL,NULL,NULL,NULL
2581,"Adriana Lilian Ferraz",61964658,Sim,2027-12-18,Sim,Não,Não,Sim,302,417,"Consequatur quia omnis voluptatem ut incidunt eius.",4,"Licenciatura em Matemática",MAT,1,Manhã,1,"Campus Cedro",Não,Não,Não,Não,Não,Não,NULL,NULL,NULL,NULL,NULL,NULL,NULL,NULL,Não,142043,2026-04-03,21:23:00,2026-03-29,"2026-08-17 13:39:58","2026-08-17 13:39:58",-3256.27,Sim,Não,Presente,F0883AA074DE,NULL,NULL,1312,2026-04-03,"Sanduíche de frango com suco",4,"Lanche da Noite",05:00:00,19:50:00,1,"Campus Cedro",53504,4,"Atividade acadêmica",1312,17.59,NULL,NULL,NULL,NULL,NULL,NULL
2581,"Adriana Lilian Ferraz",61964658,Sim,2027-12-18,Sim,Não,Não,Sim,302,417,"Consequatur quia omnis voluptatem ut incidunt eius.",4,"Licenciatura em Matemática",MAT,1,Manhã,1,"Campus Cedro",Não,Não,Não,Não,Não,Não,NULL,NULL,NULL,NULL,NULL,NULL,NULL,NULL,Não,142042,2026-03-19,14:09:00,2026-03-16,"2026-08-17 13:39:58","2026-08-17 13:39:58",-3623.50,Sim,Não,Presente,1956AD2E8C1D,NULL,NULL,1267,2026-03-19,"Cuscuz de frango com suco de goiaba",3,"Lanche da Tarde",05:00:00,14:50:00,1,"Campus Cedro",53503,4,NULL,1267,14.96,NULL,NULL,NULL,NULL,NULL,NULL
2581,"Adriana Lilian Ferraz",61964658,Sim,2027-12-18,Sim,Não,Não,Sim,302,417,"Consequatur quia omnis voluptatem ut incidunt eius.",4,"Licenciatura em Matemática",MAT,1,Manhã,1,"Campus Cedro",Não,Não,Não,Não,Não,Não,NULL,NULL,NULL,NULL,NULL,NULL,NULL,NULL,Não,142040,2026-03-18,12:24:00,2026-03-14,"2026-08-17 13:39:58","2026-08-17 13:39:58",-3649.25,Não,Não,Ausente,AAFAD7AD1880,"Compromisso acadêmico",NULL,1262,2026-03-18,"Arroz, feijão, frango com legumes, macarrão e salada",2,Almoço,05:00:00,11:20:00,1,"Campus Cedro",NULL,NULL,NULL,1262,103.90,NULL,NULL,NULL,NULL,NULL,NULL
2581,"Adriana Lilian Ferraz",61964658,Sim,2027-12-18,Sim,Não,Não,Sim,302,417,"Consequatur quia omnis voluptatem ut incidunt eius.",4,"Licenciatura em Matemática",MAT,1,Manhã,1,"Campus Cedro",Não,Não,Não,Não,Não,Não,NULL,NULL,NULL,NULL,NULL,NULL,NULL,NULL,Não,142041,2026-03-18,20:33:00,2026-03-18,"2026-08-17 13:39:58","2026-08-17 13:39:58",-3641.10,Não,Não,Ausente,2E89F5BABBDC,"Atividade acadêmica",NULL,1264,2026-03-18,"Risoto cremoso",4,"Lanche da Noite",05:00:00,19:50:00,1,"Campus Cedro",NULL,NULL,NULL,1264,20.31,NULL,NULL,NULL,NULL,NULL,NULL
2581,"Adriana Lilian Ferraz",61964658,Sim,2027-12-18,Sim,Não,Não,Sim,302,417,"Consequatur quia omnis voluptatem ut incidunt eius.",4,"Licenciatura em Matemática",MAT,1,Manhã,1,"Campus Cedro",Não,Não,Não,Não,Não,Não,NULL,NULL,NULL,NULL,NULL,NULL,NULL,NULL,Não,142039,2026-02-25,20:16:00,2026-02-21,"2026-08-17 13:39:58","2026-08-17 13:39:58",-4145.38,Sim,Não,Presente,0D07D31227AD,NULL,NULL,1204,2026-02-25,"Cuscuz com queijo e suco",4,"Lanche da Noite",05:00:00,19:50:00,1,"Campus Cedro",53502,2,NULL,1204,18.04,NULL,NULL,NULL,NULL,NULL,NULL
2581,"Adriana Lilian Ferraz",61964658,Sim,2027-12-18,Sim,Não,Não,Sim,302,417,"Consequatur quia omnis voluptatem ut incidunt eius.",4,"Licenciatura em Matemática",MAT,1,Manhã,1,"Campus Cedro",Não,Não,Não,Não,Não,Não,NULL,NULL,NULL,NULL,NULL,NULL,NULL,NULL,Não,142038,2026-01-26,20:16:00,2026-01-22,"2026-08-17 13:39:58","2026-08-17 13:39:58",-4865.38,Sim,Não,Presente,5BA40C4A3A8F,NULL,NULL,1116,2026-01-26,"Cuscuz com carne moída",4,"Lanche da Noite",05:00:00,19:50:00,1,"Campus Cedro",NULL,NULL,NULL,1116,23.18,NULL,NULL,NULL,NULL,NULL,NULL
2581,"Adriana Lilian Ferraz",61964658,Sim,2027-12-18,Sim,Não,Não,Sim,302,417,"Consequatur quia omnis voluptatem ut incidunt eius.",4,"Licenciatura em Matemática",MAT,1,Manhã,1,"Campus Cedro",Não,Não,Não,Não,Não,Não,NULL,NULL,NULL,NULL,NULL,NULL,NULL,NULL,Não,142037,2026-01-22,12:59:00,2026-01-22,"2026-08-17 13:39:58","2026-08-17 13:39:58",-4968.67,Sim,Não,Presente,94447416BC13,NULL,NULL,1106,2026-01-22,"Arroz, feijão, carne cozida com batatas e salada",2,Almoço,05:00:00,11:20:00,1,"Campus Cedro",NULL,NULL,NULL,1106,113.33,NULL,NULL,NULL,NULL,NULL,NULL
2581,"Adriana Lilian Ferraz",61964658,Sim,2027-12-18,Sim,Não,Não,Sim,302,417,"Consequatur quia omnis voluptatem ut incidunt eius.",4,"Licenciatura em Matemática",MAT,1,Manhã,1,"Campus Cedro",Não,Não,Não,Não,Não,Não,NULL,NULL,NULL,NULL,NULL,NULL,NULL,NULL,Não,142036,2025-12-29,07:55:00,2025-12-28,"2026-08-17 13:39:58","2026-08-17 13:39:58",-5549.73,Sim,Não,Presente,EEB69FEE6CAD,NULL,NULL,1033,2025-12-29,"Cuscuz com carne moída e suco",1,"Lanche da Manhã",05:00:00,08:00:00,1,"Campus Cedro",53501,4,NULL,1033,9.48,NULL,NULL,NULL,NULL,NULL,NULL
2581,"Adriana Lilian Ferraz",61964658,Sim,2027-12-18,Sim,Não,Não,Sim,302,417,"Consequatur quia omnis voluptatem ut incidunt eius.",4,"Licenciatura em Matemática",MAT,1,Manhã,1,"Campus Cedro",Não,Não,Não,Não,Não,Não,NULL,NULL,NULL,NULL,NULL,NULL,NULL,NULL,Não,142035,2025-12-18,14:41:00,2025-12-14,"2026-08-17 13:39:58","2026-08-17 13:39:58",-5806.97,Sim,Não,Presente,DDEE320FB5EC,NULL,NULL,1007,2025-12-18,"Canja de frango",3,"Lanche da Tarde",05:00:00,14:50:00,1,"Campus Cedro",53500,3,"Atividade acadêmica",1007,12.31,NULL,NULL,NULL,NULL,NULL,NULL
2581,"Adriana Lilian Ferraz",61964658,Sim,2027-12-18,Sim,Não,Não,Sim,302,417,"Consequatur quia omnis voluptatem ut incidunt eius.",4,"Licenciatura em Matemática",MAT,1,Manhã,1,"Campus Cedro",Não,Não,Não,Não,Não,Não,NULL,NULL,NULL,NULL,NULL,NULL,NULL,NULL,Não,142034,2025-12-02,12:00:00,2025-11-28,"2026-08-17 13:39:58","2026-08-17 13:39:58",-6193.65,Sim,Não,Presente,030D07159EEC,NULL,NULL,958,2025-12-02,"Arroz, feijão, frango assado, macarrão e salada",2,Almoço,05:00:00,11:20:00,1,"Campus Cedro",53499,4,"Compromisso acadêmico",958,119.41,NULL,NULL,NULL,NULL,NULL,NULL
2581,"Adriana Lilian Ferraz",61964658,Sim,2027-12-18,Sim,Não,Não,Sim,302,417,"Consequatur quia omnis voluptatem ut incidunt eius.",4,"Licenciatura em Matemática",MAT,1,Manhã,1,"Campus Cedro",Não,Não,Não,Não,Não,Não,NULL,NULL,NULL,NULL,NULL,NULL,NULL,NULL,Não,142033,2025-11-11,12:38:00,2025-11-09,"2026-08-17 13:39:58","2026-08-17 13:39:58",-6697.02,Sim,Não,Presente,470540F154B1,NULL,NULL,898,2025-11-11,"Arroz, feijão, frango ao molho, farofa e salada",2,Almoço,05:00:00,11:20:00,1,"Campus Cedro",NULL,NULL,NULL,898,81.22,NULL,NULL,NULL,NULL,NULL,NULL
2581,"Adriana Lilian Ferraz",61964658,Sim,2027-12-18,Sim,Não,Não,Sim,302,417,"Consequatur quia omnis voluptatem ut incidunt eius.",4,"Licenciatura em Matemática",MAT,1,Manhã,1,"Campus Cedro",Não,Não,Não,Não,Não,Não,NULL,NULL,NULL,NULL,NULL,NULL,NULL,NULL,Não,142032,2025-11-03,15:57:00,2025-11-03,"2026-08-17 13:39:58","2026-08-17 13:39:58",-6885.70,Sim,Não,Presente,59CEBAB173B4,NULL,NULL,875,2025-11-03,"Risoto cremoso",3,"Lanche da Tarde",05:00:00,14:50:00,1,"Campus Cedro",NULL,NULL,NULL,875,11.89,NULL,NULL,NULL,NULL,NULL,NULL
2581,"Adriana Lilian Ferraz",61964658,Sim,2027-12-18,Sim,Não,Não,Sim,302,417,"Consequatur quia omnis voluptatem ut incidunt eius.",4,"Licenciatura em Matemática",MAT,1,Manhã,1,"Campus Cedro",Não,Não,Não,Não,Não,Não,NULL,NULL,NULL,NULL,NULL,NULL,NULL,NULL,Não,142031,2025-10-21,16:14:00,2025-10-19,"2026-08-17 13:39:58","2026-08-17 13:39:58",-7197.42,Não,Não,Ausente,7446E0E5114A,"Problema de transporte",NULL,839,2025-10-21,"Cuscuz de frango com suco de goiaba",3,"Lanche da Tarde",05:00:00,14:50:00,1,"Campus Cedro",NULL,NULL,NULL,839,14.12,NULL,NULL,NULL,NULL,NULL,NULL
2581,"Adriana Lilian Ferraz",61964658,Sim,2027-12-18,Sim,Não,Não,Sim,302,417,"Consequatur quia omnis voluptatem ut incidunt eius.",4,"Licenciatura em Matemática",MAT,1,Manhã,1,"Campus Cedro",Não,Não,Não,Não,Não,Não,NULL,NULL,NULL,NULL,NULL,NULL,NULL,NULL,Não,142030,2025-10-07,14:49:00,2025-10-06,"2026-08-17 13:39:58","2026-08-17 13:39:58",-7534.83,Não,Não,Ausente,98471B95889C,"Imprevisto pessoal",NULL,799,2025-10-07,"Bolo de chocolate com suco",3,"Lanche da Tarde",05:00:00,14:50:00,1,"Campus Cedro",NULL,NULL,NULL,799,10.68,NULL,NULL,NULL,NULL,NULL,NULL
2581,"Adriana Lilian Ferraz",61964658,Sim,2027-12-18,Sim,Não,Não,Sim,302,417,"Consequatur quia omnis voluptatem ut incidunt eius.",4,"Licenciatura em Matemática",MAT,1,Manhã,1,"Campus Cedro",Não,Não,Não,Não,Não,Não,NULL,NULL,NULL,NULL,NULL,NULL,NULL,NULL,Não,142029,2025-10-02,11:07:00,2025-10-01,"2026-08-17 13:39:58","2026-08-17 13:39:58",-7658.53,Sim,Não,Presente,83E8C04F3EF1,NULL,NULL,786,2025-10-02,"Arroz, feijão, frango assado, macarrão e salada",2,Almoço,05:00:00,11:20:00,1,"Campus Cedro",53498,5,NULL,786,99.17,NULL,NULL,NULL,NULL,NULL,NULL
2581,"Adriana Lilian Ferraz",61964658,Sim,2027-12-18,Sim,Não,Não,Sim,302,417,"Consequatur quia omnis voluptatem ut incidunt eius.",4,"Licenciatura em Matemática",MAT,1,Manhã,1,"Campus Cedro",Não,Não,Não,Não,Não,Não,NULL,NULL,NULL,NULL,NULL,NULL,NULL,NULL,Não,142028,2025-08-28,15:15:00,2025-08-24,"2026-08-17 13:39:58","2026-08-17 13:39:58",-8494.40,Não,Não,Ausente,B23828A66693,"Compromisso acadêmico",NULL,687,2025-08-28,"Pão com frango desfiado e suco",3,"Lanche da Tarde",05:00:00,14:50:00,1,"Campus Cedro",NULL,NULL,NULL,687,11.34,NULL,NULL,NULL,NULL,NULL,NULL
2581,"Adriana Lilian Ferraz",61964658,Sim,2027-12-18,Sim,Não,Não,Sim,302,417,"Consequatur quia omnis voluptatem ut incidunt eius.",4,"Licenciatura em Matemática",MAT,1,Manhã,1,"Campus Cedro",Não,Não,Não,Não,Não,Não,NULL,NULL,NULL,NULL,NULL,NULL,NULL,NULL,Não,142027,2025-08-25,07:25:00,2025-08-20,"2026-08-17 13:39:58","2026-08-17 13:39:58",-8574.23,Sim,Não,Presente,5DC6C494B300,NULL,NULL,673,2025-08-25,"Bolo de macaxeira com café",1,"Lanche da Manhã",05:00:00,08:00:00,1,"Campus Cedro",53497,4,NULL,673,5.55,NULL,NULL,NULL,NULL,NULL,NULL
2581,"Adriana Lilian Ferraz",61964658,Sim,2027-12-18,Sim,Não,Não,Sim,302,417,"Consequatur quia omnis voluptatem ut incidunt eius.",4,"Licenciatura em Matemática",MAT,1,Manhã,1,"Campus Cedro",Não,Não,Não,Não,Não,Não,NULL,NULL,NULL,NULL,NULL,NULL,NULL,NULL,Não,142026,2025-08-07,07:22:00,2025-08-03,"2026-08-17 13:39:58","2026-08-17 13:39:58",-9006.28,Sim,Não,Presente,AAC4010B6B44,NULL,NULL,625,2025-08-07,"Risoto cremoso",1,"Lanche da Manhã",05:00:00,08:00:00,1,"Campus Cedro",53496,3,"Compromisso acadêmico",625,11.58,NULL,NULL,NULL,NULL,NULL,NULL
2581,"Adriana Lilian Ferraz",61964658,Sim,2027-12-18,Sim,Não,Não,Sim,302,417,"Consequatur quia omnis voluptatem ut incidunt eius.",4,"Licenciatura em Matemática",MAT,1,Manhã,1,"Campus Cedro",Não,Não,Não,Não,Não,Não,NULL,NULL,NULL,NULL,NULL,NULL,NULL,NULL,Não,142025,2025-07-28,12:07:00,2025-07-24,"2026-08-17 13:39:58","2026-08-17 13:39:58",-9241.53,Não,Não,Ausente,978A1B4DEFE5,"Compromisso acadêmico",NULL,594,2025-07-28,"Arroz, feijão, frango grelhado, legumes e salada",2,Almoço,05:00:00,11:20:00,1,"Campus Cedro",NULL,NULL,NULL,594,107.97,NULL,NULL,NULL,NULL,NULL,NULL
2581,"Adriana Lilian Ferraz",61964658,Sim,2027-12-18,Sim,Não,Não,Sim,302,417,"Consequatur quia omnis voluptatem ut incidunt eius.",4,"Licenciatura em Matemática",MAT,1,Manhã,1,"Campus Cedro",Não,Não,Não,Não,Não,Não,NULL,NULL,NULL,NULL,NULL,NULL,NULL,NULL,Não,142024,2025-07-25,11:22:00,2025-07-20,"2026-08-17 13:39:58","2026-08-17 13:39:58",-9314.28,Sim,Não,Presente,8EF1D1200EEF,NULL,NULL,590,2025-07-25,"Arroz, feijão, carne cozida, macarrão e salada",2,Almoço,05:00:00,11:20:00,1,"Campus Cedro",NULL,NULL,NULL,590,110.90,NULL,NULL,NULL,NULL,NULL,NULL
2581,"Adriana Lilian Ferraz",61964658,Sim,2027-12-18,Sim,Não,Não,Sim,302,417,"Consequatur quia omnis voluptatem ut incidunt eius.",4,"Licenciatura em Matemática",MAT,1,Manhã,1,"Campus Cedro",Não,Não,Não,Não,Não,Não,NULL,NULL,NULL,NULL,NULL,NULL,NULL,NULL,Não,142023,2025-06-12,14:20:00,2025-06-07,"2026-08-17 13:39:58","2026-08-17 13:39:58",-10343.32,Sim,Não,Presente,5D77D9AB23EC,NULL,NULL,467,2025-06-12,"Pão com frango desfiado e suco",3,"Lanche da Tarde",05:00:00,14:50:00,1,"Campus Cedro",NULL,NULL,NULL,467,11.16,NULL,NULL,NULL,NULL,NULL,NULL
2581,"Adriana Lilian Ferraz",61964658,Sim,2027-12-18,Sim,Não,Não,Sim,302,417,"Consequatur quia omnis voluptatem ut incidunt eius.",4,"Licenciatura em Matemática",MAT,1,Manhã,1,"Campus Cedro",Não,Não,Não,Não,Não,Não,NULL,NULL,NULL,NULL,NULL,NULL,NULL,NULL,Não,142022,2025-06-02,08:21:00,2025-05-29,"2026-08-17 13:39:58","2026-08-17 13:39:58",-10589.30,Sim,Não,Presente,53C4A426CB72,NULL,NULL,433,2025-06-02,"Cuscuz com frango e suco de manga",1,"Lanche da Manhã",05:00:00,08:00:00,1,"Campus Cedro",NULL,NULL,NULL,433,8.91,NULL,NULL,NULL,NULL,NULL,NULL
2581,"Adriana Lilian Ferraz",61964658,Sim,2027-12-18,Sim,Não,Não,Sim,302,417,"Consequatur quia omnis voluptatem ut incidunt eius.",4,"Licenciatura em Matemática",MAT,1,Manhã,1,"Campus Cedro",Não,Não,Não,Não,Não,Não,NULL,NULL,NULL,NULL,NULL,NULL,NULL,NULL,Não,142021,2025-04-11,20:08:00,2025-04-09,"2026-08-17 13:39:58","2026-08-17 13:39:58",-11825.52,Sim,Não,Presente,8C2A027690CB,NULL,NULL,292,2025-04-11,"Sanduíche de frango com suco",4,"Lanche da Noite",05:00:00,19:50:00,1,"Campus Cedro",NULL,NULL,NULL,292,17.05,NULL,NULL,NULL,NULL,NULL,NULL
2581,"Adriana Lilian Ferraz",61964658,Sim,2027-12-18,Sim,Não,Não,Sim,302,417,"Consequatur quia omnis voluptatem ut incidunt eius.",4,"Licenciatura em Matemática",MAT,1,Manhã,1,"Campus Cedro",Não,Não,Não,Não,Não,Não,NULL,NULL,NULL,NULL,NULL,NULL,NULL,NULL,Não,142020,2025-04-07,15:13:00,2025-04-06,"2026-08-17 13:39:58","2026-08-17 13:39:58",-11926.43,Não,Sim,Cancelada,6C0304249630,NULL,NULL,275,2025-04-07,"Bolo de milho com suco de manga",3,"Lanche da Tarde",05:00:00,14:50:00,1,"Campus Cedro",NULL,NULL,NULL,275,12.68,NULL,NULL,NULL,NULL,NULL,NULL
2581,"Adriana Lilian Ferraz",61964658,Sim,2027-12-18,Sim,Não,Não,Sim,302,417,"Consequatur quia omnis voluptatem ut incidunt eius.",4,"Licenciatura em Matemática",MAT,1,Manhã,1,"Campus Cedro",Não,Não,Não,Não,Não,Não,NULL,NULL,NULL,NULL,NULL,NULL,NULL,NULL,Não,142019,2025-04-01,11:34:00,2025-03-30,"2026-08-17 13:39:58","2026-08-17 13:39:58",-12074.08,Não,Não,Ausente,7220613077CE,"Problema de transporte",NULL,258,2025-04-01,"Arroz, feijão, carne cozida com batatas e salada",2,Almoço,05:00:00,11:20:00,1,"Campus Cedro",NULL,NULL,NULL,258,97.52,NULL,NULL,NULL,NULL,NULL,NULL
2581,"Adriana Lilian Ferraz",61964658,Sim,2027-12-18,Sim,Não,Não,Sim,302,417,"Consequatur quia omnis voluptatem ut incidunt eius.",4,"Licenciatura em Matemática",MAT,1,Manhã,1,"Campus Cedro",Não,Não,Não,Não,Não,Não,NULL,NULL,NULL,NULL,NULL,NULL,NULL,NULL,Não,142018,2025-03-20,07:09:00,2025-03-16,"2026-08-17 13:39:58","2026-08-17 13:39:58",-12366.50,Sim,Não,Presente,C49929A242AE,NULL,NULL,225,2025-03-20,"Cuscuz com queijo e suco",1,"Lanche da Manhã",05:00:00,08:00:00,1,"Campus Cedro",NULL,NULL,NULL,225,9.32,NULL,NULL,NULL,NULL,NULL,NULL
2581,"Adriana Lilian Ferraz",61964658,Sim,2027-12-18,Sim,Não,Não,Sim,302,417,"Consequatur quia omnis voluptatem ut incidunt eius.",4,"Licenciatura em Matemática",MAT,1,Manhã,1,"Campus Cedro",Não,Não,Não,Não,Não,Não,NULL,NULL,NULL,NULL,NULL,NULL,NULL,NULL,Não,142017,2025-01-06,12:01:00,2025-01-01,"2026-08-17 13:39:58","2026-08-17 13:39:58",-14113.63,Sim,Não,Presente,33BB0F240ED3,NULL,NULL,14,2025-01-06,"Arroz, feijão, almôndegas, macarrão e salada",2,Almoço,05:00:00,11:20:00,1,"Campus Cedro",53495,4,"Compromisso acadêmico",14,110.20,NULL,NULL,NULL,NULL,NULL,NULL
1940,"Adriana Marisa D'ávila Neto",47285458,Não,2028-04-21,Sim,Sim,Não,Não,77,161,NULL,3,"Engenharia Mecânica",MEC,1,Manhã,1,"Campus Cedro",Não,Não,Não,Não,Não,Não,NULL,100,"República Estudantil de Cedro100","Rua Heloise Salgado, 91",Cedro,Divisão,"Sra. Lilian Ariana Torres Filho",605.29,Sim,106351,2026-06-22,08:20:00,2026-06-17,"2026-08-17 13:39:53","2026-08-17 13:39:53",-1349.32,Sim,Não,Presente,FBF498599EC0,NULL,NULL,1533,2026-06-22,"Cuscuz com carne moída e suco",1,"Lanche da Manhã",05:00:00,08:00:00,1,"Campus Cedro",40106,4,NULL,1533,8.61,NULL,NULL,NULL,NULL,NULL,NULL
1940,"Adriana Marisa D'ávila Neto",47285458,Não,2028-04-21,Sim,Sim,Não,Não,77,161,NULL,3,"Engenharia Mecânica",MEC,1,Manhã,1,"Campus Cedro",Não,Não,Não,Não,Não,Não,NULL,100,"República Estudantil de Cedro100","Rua Heloise Salgado, 91",Cedro,Divisão,"Sra. Lilian Ariana Torres Filho",605.29,Sim,106352,2026-06-22,15:34:00,2026-06-18,"2026-08-17 13:39:53","2026-08-17 13:39:53",-1342.08,Não,Não,Ausente,7355B79BB2E5,"Problema de transporte",NULL,1535,2026-06-22,"Tapioca com queijo e suco",3,"Lanche da Tarde",05:00:00,14:50:00,1,"Campus Cedro",NULL,NULL,NULL,1535,12.94,NULL,NULL,NULL,NULL,NULL,NULL
1940,"Adriana Marisa D'ávila Neto",47285458,Não,2028-04-21,Sim,Sim,Não,Não,77,161,NULL,3,"Engenharia Mecânica",MEC,1,Manhã,1,"Campus Cedro",Não,Não,Não,Não,Não,Não,NULL,100,"República Estudantil de Cedro100","Rua Heloise Salgado, 91",Cedro,Divisão,"Sra. Lilian Ariana Torres Filho",605.29,Sim,106350,2026-06-16,12:13:00,2026-06-11,"2026-08-17 13:39:53","2026-08-17 13:39:53",-1489.43,Sim,Não,Presente,9D81011415F0,NULL,NULL,1518,2026-06-16,"Arroz, feijão, frango ensopado, farofa e salada",2,Almoço,05:00:00,11:20:00,1,"Campus Cedro",NULL,NULL,NULL,1518,103.60,NULL,NULL,NULL,NULL,NULL,NULL
1940,"Adriana Marisa D'ávila Neto",47285458,Não,2028-04-21,Sim,Sim,Não,Não,77,161,NULL,3,"Engenharia Mecânica",MEC,1,Manhã,1,"Campus Cedro",Não,Não,Não,Não,Não,Não,NULL,100,"República Estudantil de Cedro100","Rua Heloise Salgado, 91",Cedro,Divisão,"Sra. Lilian Ariana Torres Filho",605.29,Sim,106349,2026-06-08,19:10:00,2026-06-08,"2026-08-17 13:39:53","2026-08-17 13:39:53",-1674.48,Sim,Não,Presente,86E8DAE2ADB3,NULL,NULL,1496,2026-06-08,"Canja de frango",4,"Lanche da Noite",05:00:00,19:50:00,1,"Campus Cedro",NULL,NULL,NULL,1496,17.43,NULL,NULL,NULL,NULL,NULL,NULL
1940,"Adriana Marisa D'ávila Neto",47285458,Não,2028-04-21,Sim,Sim,Não,Não,77,161,NULL,3,"Engenharia Mecânica",MEC,1,Manhã,1,"Campus Cedro",Não,Não,Não,Não,Não,Não,NULL,100,"República Estudantil de Cedro100","Rua Heloise Salgado, 91",Cedro,Divisão,"Sra. Lilian Ariana Torres Filho",605.29,Sim,106348,2026-06-05,20:00:00,2026-06-05,"2026-08-17 13:39:53","2026-08-17 13:39:53",-1745.65,Sim,Não,Presente,703F917FC172,NULL,NULL,1492,2026-06-05,"Canja de frango",4,"Lanche da Noite",05:00:00,19:50:00,1,"Campus Cedro",NULL,NULL,NULL,1492,20.75,NULL,NULL,NULL,NULL,NULL,NULL
1940,"Adriana Marisa D'ávila Neto",47285458,Não,2028-04-21,Sim,Sim,Não,Não,77,161,NULL,3,"Engenharia Mecânica",MEC,1,Manhã,1,"Campus Cedro",Não,Não,Não,Não,Não,Não,NULL,100,"República Estudantil de Cedro100","Rua Heloise Salgado, 91",Cedro,Divisão,"Sra. Lilian Ariana Torres Filho",605.29,Sim,106347,2026-05-26,11:06:00,2026-05-25,"2026-08-17 13:39:53","2026-08-17 13:39:53",-1994.55,Sim,Não,Presente,51D41B2AB8EA,NULL,NULL,1458,2026-05-26,"Arroz, feijão, almôndegas, macarrão e salada",2,Almoço,05:00:00,11:20:00,1,"Campus Cedro",NULL,NULL,NULL,1458,86.27,NULL,NULL,NULL,NULL,NULL,NULL
1940,"Adriana Marisa D'ávila Neto",47285458,Não,2028-04-21,Sim,Sim,Não,Não,77,161,NULL,3,"Engenharia Mecânica",MEC,1,Manhã,1,"Campus Cedro",Não,Não,Não,Não,Não,Não,NULL,100,"República Estudantil de Cedro100","Rua Heloise Salgado, 91",Cedro,Divisão,"Sra. Lilian Ariana Torres Filho",605.29,Sim,106346,2026-04-22,16:10:00,2026-04-17,"2026-08-17 13:39:53","2026-08-17 13:39:53",-2805.48,Sim,Não,Presente,C8971B03DA30,NULL,NULL,1363,2026-04-22,"Bolo de chocolate com suco",3,"Lanche da Tarde",05:00:00,14:50:00,1,"Campus Cedro",NULL,NULL,NULL,1363,11.35,NULL,NULL,NULL,NULL,NULL,NULL
1940,"Adriana Marisa D'ávila Neto",47285458,Não,2028-04-21,Sim,Sim,Não,Não,77,161,NULL,3,"Engenharia Mecânica",MEC,1,Manhã,1,"Campus Cedro",Não,Não,Não,Não,Não,Não,NULL,100,"República Estudantil de Cedro100","Rua Heloise Salgado, 91",Cedro,Divisão,"Sra. Lilian Ariana Torres Filho",605.29,Sim,106345,2026-04-14,14:18:00,2026-04-12,"2026-08-17 13:39:53","2026-08-17 13:39:53",-2999.35,Sim,Não,Presente,B0E919C9221A,NULL,NULL,1339,2026-04-14,"Bolo de chocolate com suco",3,"Lanche da Tarde",05:00:00,14:50:00,1,"Campus Cedro",NULL,NULL,NULL,1339,9.95,NULL,NULL,NULL,NULL,NULL,NULL
1940,"Adriana Marisa D'ávila Neto",47285458,Não,2028-04-21,Sim,Sim,Não,Não,77,161,NULL,3,"Engenharia Mecânica",MEC,1,Manhã,1,"Campus Cedro",Não,Não,Não,Não,Não,Não,NULL,100,"República Estudantil de Cedro100","Rua Heloise Salgado, 91",Cedro,Divisão,"Sra. Lilian Ariana Torres Filho",605.29,Sim,106344,2026-04-01,08:39:00,2026-03-30,"2026-08-17 13:39:53","2026-08-17 13:39:53",-3317.00,Sim,Não,Presente,9395C31FFF60,NULL,NULL,1301,2026-04-01,"Pão com frango desfiado e suco",1,"Lanche da Manhã",05:00:00,08:00:00,1,"Campus Cedro",40105,4,NULL,1301,8.99,NULL,NULL,NULL,NULL,NULL,NULL
1940,"Adriana Marisa D'ávila Neto",47285458,Não,2028-04-21,Sim,Sim,Não,Não,77,161,NULL,3,"Engenharia Mecânica",MEC,1,Manhã,1,"Campus Cedro",Não,Não,Não,Não,Não,Não,NULL,100,"República Estudantil de Cedro100","Rua Heloise Salgado, 91",Cedro,Divisão,"Sra. Lilian Ariana Torres Filho",605.29,Sim,106343,2026-03-30,20:36:00,2026-03-27,"2026-08-17 13:39:53","2026-08-17 13:39:53",-3353.05,Sim,Não,Presente,5818363711C1,NULL,NULL,1296,2026-03-30,"Tapioca com queijo e suco",4,"Lanche da Noite",05:00:00,19:50:00,1,"Campus Cedro",40104,3,NULL,1296,17.59,NULL,NULL,NULL,NULL,NULL,NULL
1940,"Adriana Marisa D'ávila Neto",47285458,Não,2028-04-21,Sim,Sim,Não,Não,77,161,NULL,3,"Engenharia Mecânica",MEC,1,Manhã,1,"Campus Cedro",Não,Não,Não,Não,Não,Não,NULL,100,"República Estudantil de Cedro100","Rua Heloise Salgado, 91",Cedro,Divisão,"Sra. Lilian Ariana Torres Filho",605.29,Sim,106342,2026-03-26,11:40:00,2026-03-23,"2026-08-17 13:39:53","2026-08-17 13:39:53",-3457.98,Sim,Não,Presente,FAAE02D2BC90,NULL,NULL,1286,2026-03-26,"Arroz, feijão, carne de panela, arroz colorido e salada",2,Almoço,05:00:00,11:20:00,1,"Campus Cedro",40103,4,NULL,1286,117.76,NULL,NULL,NULL,NULL,NULL,NULL
1940,"Adriana Marisa D'ávila Neto",47285458,Não,2028-04-21,Sim,Sim,Não,Não,77,161,NULL,3,"Engenharia Mecânica",MEC,1,Manhã,1,"Campus Cedro",Não,Não,Não,Não,Não,Não,NULL,100,"República Estudantil de Cedro100","Rua Heloise Salgado, 91",Cedro,Divisão,"Sra. Lilian Ariana Torres Filho",605.29,Sim,106341,2026-03-12,19:41:00,2026-03-09,"2026-08-17 13:39:53","2026-08-17 13:39:53",-3785.97,Sim,Não,Presente,AE51D23B9997,NULL,NULL,1248,2026-03-12,"Tapioca com queijo e suco",4,"Lanche da Noite",05:00:00,19:50:00,1,"Campus Cedro",NULL,NULL,NULL,1248,16.51,NULL,NULL,NULL,NULL,NULL,NULL
1940,"Adriana Marisa D'ávila Neto",47285458,Não,2028-04-21,Sim,Sim,Não,Não,77,161,NULL,3,"Engenharia Mecânica",MEC,1,Manhã,1,"Campus Cedro",Não,Não,Não,Não,Não,Não,NULL,100,"República Estudantil de Cedro100","Rua Heloise Salgado, 91",Cedro,Divisão,"Sra. Lilian Ariana Torres Filho",605.29,Sim,106340,2026-03-09,20:18:00,2026-03-08,"2026-08-17 13:39:53","2026-08-17 13:39:53",-3857.35,Sim,Não,Presente,8B9AC2D83236,NULL,NULL,1236,2026-03-09,"Tapioca com queijo e suco",4,"Lanche da Noite",05:00:00,19:50:00,1,"Campus Cedro",40102,4,NULL,1236,16.77,NULL,NULL,NULL,NULL,NULL,NULL
1940,"Adriana Marisa D'ávila Neto",47285458,Não,2028-04-21,Sim,Sim,Não,Não,77,161,NULL,3,"Engenharia Mecânica",MEC,1,Manhã,1,"Campus Cedro",Não,Não,Não,Não,Não,Não,NULL,100,"República Estudantil de Cedro100","Rua Heloise Salgado, 91",Cedro,Divisão,"Sra. Lilian Ariana Torres Filho",605.29,Sim,106339,2026-03-02,07:04:00,2026-03-02,"2026-08-17 13:39:53","2026-08-17 13:39:53",-4038.58,Não,Não,Ausente,A99638179F67,"Atividade acadêmica",NULL,1213,2026-03-02,"Cuscuz com frango e suco de manga",1,"Lanche da Manhã",05:00:00,08:00:00,1,"Campus Cedro",NULL,NULL,NULL,1213,8.28,NULL,NULL,NULL,NULL,NULL,NULL
1940,"Adriana Marisa D'ávila Neto",47285458,Não,2028-04-21,Sim,Sim,Não,Não,77,161,NULL,3,"Engenharia Mecânica",MEC,1,Manhã,1,"Campus Cedro",Não,Não,Não,Não,Não,Não,NULL,100,"República Estudantil de Cedro100","Rua Heloise Salgado, 91",Cedro,Divisão,"Sra. Lilian Ariana Torres Filho",605.29,Sim,106338,2026-02-27,14:20:00,2026-02-26,"2026-08-17 13:39:53","2026-08-17 13:39:53",-4103.32,Sim,Não,Presente,065996401075,NULL,NULL,1211,2026-02-27,"Cuscuz com queijo e suco",3,"Lanche da Tarde",05:00:00,14:50:00,1,"Campus Cedro",NULL,NULL,NULL,1211,14.87,NULL,NULL,NULL,NULL,NULL,NULL
1940,"Adriana Marisa D'ávila Neto",47285458,Não,2028-04-21,Sim,Sim,Não,Não,77,161,NULL,3,"Engenharia Mecânica",MEC,1,Manhã,1,"Campus Cedro",Não,Não,Não,Não,Não,Não,NULL,100,"República Estudantil de Cedro100","Rua Heloise Salgado, 91",Cedro,Divisão,"Sra. Lilian Ariana Torres Filho",605.29,Sim,106337,2026-02-25,08:03:00,2026-02-24,"2026-08-17 13:39:53","2026-08-17 13:39:53",-4157.60,Sim,Não,Presente,18C92A205FAD,NULL,NULL,1201,2026-02-25,"Bolo de macaxeira com café",1,"Lanche da Manhã",05:00:00,08:00:00,1,"Campus Cedro",NULL,NULL,NULL,1201,6.52,NULL,NULL,NULL,NULL,NULL,NULL
1940,"Adriana Marisa D'ávila Neto",47285458,Não,2028-04-21,Sim,Sim,Não,Não,77,161,NULL,3,"Engenharia Mecânica",MEC,1,Manhã,1,"Campus Cedro",Não,Não,Não,Não,Não,Não,NULL,100,"República Estudantil de Cedro100","Rua Heloise Salgado, 91",Cedro,Divisão,"Sra. Lilian Ariana Torres Filho",605.29,Sim,106336,2026-02-18,12:42:00,2026-02-13,"2026-08-17 13:39:53","2026-08-17 13:39:53",-4320.95,Não,Não,Ausente,234EB1EDDD22,"Atividade acadêmica",NULL,1182,2026-02-18,"Arroz, feijão, carne de panela, purê e salada",2,Almoço,05:00:00,11:20:00,1,"Campus Cedro",NULL,NULL,NULL,1182,89.75,NULL,NULL,NULL,NULL,NULL,NULL
1940,"Adriana Marisa D'ávila Neto",47285458,Não,2028-04-21,Sim,Sim,Não,Não,77,161,NULL,3,"Engenharia Mecânica",MEC,1,Manhã,1,"Campus Cedro",Não,Não,Não,Não,Não,Não,NULL,100,"República Estudantil de Cedro100","Rua Heloise Salgado, 91",Cedro,Divisão,"Sra. Lilian Ariana Torres Filho",605.29,Sim,106335,2026-02-17,11:58:00,2026-02-12,"2026-08-17 13:39:53","2026-08-17 13:39:53",-4345.68,Sim,Não,Presente,BEC142C47B44,NULL,NULL,1178,2026-02-17,"Arroz, feijão, carne moída, macarrão e legumes",2,Almoço,05:00:00,11:20:00,1,"Campus Cedro",NULL,NULL,NULL,1178,78.66,NULL,NULL,NULL,NULL,NULL,NULL
1940,"Adriana Marisa D'ávila Neto",47285458,Não,2028-04-21,Sim,Sim,Não,Não,77,161,NULL,3,"Engenharia Mecânica",MEC,1,Manhã,1,"Campus Cedro",Não,Não,Não,Não,Não,Não,NULL,100,"República Estudantil de Cedro100","Rua Heloise Salgado, 91",Cedro,Divisão,"Sra. Lilian Ariana Torres Filho",605.29,Sim,106334,2026-02-09,20:38:00,2026-02-07,"2026-08-17 13:39:53","2026-08-17 13:39:53",-4529.02,Não,Sim,Cancelada,91268CF50E7A,NULL,NULL,1156,2026-02-09,"Tapioca com queijo e suco",4,"Lanche da Noite",05:00:00,19:50:00,1,"Campus Cedro",NULL,NULL,NULL,1156,15.60,NULL,NULL,NULL,NULL,NULL,NULL
1940,"Adriana Marisa D'ávila Neto",47285458,Não,2028-04-21,Sim,Sim,Não,Não,77,161,NULL,3,"Engenharia Mecânica",MEC,1,Manhã,1,"Campus Cedro",Não,Não,Não,Não,Não,Não,NULL,100,"República Estudantil de Cedro100","Rua Heloise Salgado, 91",Cedro,Divisão,"Sra. Lilian Ariana Torres Filho",605.29,Sim,106333,2026-02-05,12:10:00,2026-02-03,"2026-08-17 13:39:53","2026-08-17 13:39:53",-4633.48,Sim,Não,Presente,1372463DDF80,NULL,NULL,1146,2026-02-05,"Arroz, feijão, frango assado, farofa e salada",2,Almoço,05:00:00,11:20:00,1,"Campus Cedro",40101,4,"Compromisso acadêmico",1146,127.23,NULL,NULL,NULL,NULL,NULL,NULL
1940,"Adriana Marisa D'ávila Neto",47285458,Não,2028-04-21,Sim,Sim,Não,Não,77,161,NULL,3,"Engenharia Mecânica",MEC,1,Manhã,1,"Campus Cedro",Não,Não,Não,Não,Não,Não,NULL,100,"República Estudantil de Cedro100","Rua Heloise Salgado, 91",Cedro,Divisão,"Sra. Lilian Ariana Torres Filho",605.29,Sim,106332,2026-01-23,11:55:00,2026-01-23,"2026-08-17 13:39:53","2026-08-17 13:39:53",-4945.73,Sim,Não,Presente,E6308841B264,NULL,NULL,1110,2026-01-23,"Arroz, feijão, peixe frito, pirão e salada",2,Almoço,05:00:00,11:20:00,1,"Campus Cedro",NULL,NULL,NULL,1110,120.56,NULL,NULL,NULL,NULL,NULL,NULL
1940,"Adriana Marisa D'ávila Neto",47285458,Não,2028-04-21,Sim,Sim,Não,Não,77,161,NULL,3,"Engenharia Mecânica",MEC,1,Manhã,1,"Campus Cedro",Não,Não,Não,Não,Não,Não,NULL,100,"República Estudantil de Cedro100","Rua Heloise Salgado, 91",Cedro,Divisão,"Sra. Lilian Ariana Torres Filho",605.29,Sim,106331,2026-01-16,15:16:00,2026-01-16,"2026-08-17 13:39:53","2026-08-17 13:39:53",-5110.38,Sim,Não,Presente,FD8E36DBB2D1,NULL,NULL,1091,2026-01-16,"Bolo de chocolate com suco",3,"Lanche da Tarde",05:00:00,14:50:00,1,"Campus Cedro",NULL,NULL,NULL,1091,12.79,NULL,NULL,NULL,NULL,NULL,NULL
1940,"Adriana Marisa D'ávila Neto",47285458,Não,2028-04-21,Sim,Sim,Não,Não,77,161,NULL,3,"Engenharia Mecânica",MEC,1,Manhã,1,"Campus Cedro",Não,Não,Não,Não,Não,Não,NULL,100,"República Estudantil de Cedro100","Rua Heloise Salgado, 91",Cedro,Divisão,"Sra. Lilian Ariana Torres Filho",605.29,Sim,106330,2026-01-07,16:25:00,2026-01-02,"2026-08-17 13:39:53","2026-08-17 13:39:53",-5325.23,Sim,Não,Presente,914A59A84844,NULL,NULL,1063,2026-01-07,"Tapioca de frango com suco",3,"Lanche da Tarde",05:00:00,14:50:00,1,"Campus Cedro",40100,4,NULL,1063,13.99,NULL,NULL,NULL,NULL,NULL,NULL
1940,"Adriana Marisa D'ávila Neto",47285458,Não,2028-04-21,Sim,Sim,Não,Não,77,161,NULL,3,"Engenharia Mecânica",MEC,1,Manhã,1,"Campus Cedro",Não,Não,Não,Não,Não,Não,NULL,100,"República Estudantil de Cedro100","Rua Heloise Salgado, 91",Cedro,Divisão,"Sra. Lilian Ariana Torres Filho",605.29,Sim,106329,2025-12-24,16:03:00,2025-12-19,"2026-08-17 13:39:53","2026-08-17 13:39:53",-5661.60,Sim,Não,Presente,00087E426709,NULL,NULL,1023,2025-12-24,"Bolo de milho com suco de manga",3,"Lanche da Tarde",05:00:00,14:50:00,1,"Campus Cedro",NULL,NULL,NULL,1023,12.62,NULL,NULL,NULL,NULL,NULL,NULL
1940,"Adriana Marisa D'ávila Neto",47285458,Não,2028-04-21,Sim,Sim,Não,Não,77,161,NULL,3,"Engenharia Mecânica",MEC,1,Manhã,1,"Campus Cedro",Não,Não,Não,Não,Não,Não,NULL,100,"República Estudantil de Cedro100","Rua Heloise Salgado, 91",Cedro,Divisão,"Sra. Lilian Ariana Torres Filho",605.29,Sim,106328,2025-12-23,12:20:00,2025-12-23,"2026-08-17 13:39:53","2026-08-17 13:39:53",-5689.32,Sim,Não,Presente,D334D156DD08,NULL,NULL,1018,2025-12-23,"Arroz, feijão, frango assado, macarrão e salada",2,Almoço,05:00:00,11:20:00,1,"Campus Cedro",40099,5,NULL,1018,107.69,NULL,NULL,NULL,NULL,NULL,NULL
1940,"Adriana Marisa D'ávila Neto",47285458,Não,2028-04-21,Sim,Sim,Não,Não,77,161,NULL,3,"Engenharia Mecânica",MEC,1,Manhã,1,"Campus Cedro",Não,Não,Não,Não,Não,Não,NULL,100,"República Estudantil de Cedro100","Rua Heloise Salgado, 91",Cedro,Divisão,"Sra. Lilian Ariana Torres Filho",605.29,Sim,106327,2025-12-12,11:11:00,2025-12-07,"2026-08-17 13:39:53","2026-08-17 13:39:53",-5954.47,Não,Sim,Cancelada,4B5E7979D2E3,NULL,NULL,990,2025-12-12,"Arroz, feijão, carne moída, purê de batata e salada",2,Almoço,05:00:00,11:20:00,1,"Campus Cedro",NULL,NULL,NULL,990,88.99,NULL,NULL,NULL,NULL,NULL,NULL
1940,"Adriana Marisa D'ávila Neto",47285458,Não,2028-04-21,Sim,Sim,Não,Não,77,161,NULL,3,"Engenharia Mecânica",MEC,1,Manhã,1,"Campus Cedro",Não,Não,Não,Não,Não,Não,NULL,100,"República Estudantil de Cedro100","Rua Heloise Salgado, 91",Cedro,Divisão,"Sra. Lilian Ariana Torres Filho",605.29,Sim,106325,2025-12-05,12:14:00,2025-12-03,"2026-08-17 13:39:53","2026-08-17 13:39:53",-6121.42,Sim,Não,Presente,CFCA234190A5,NULL,NULL,970,2025-12-05,"Arroz, feijão, frango com legumes, macarrão e salada",2,Almoço,05:00:00,11:20:00,1,"Campus Cedro",40097,4,"Atividade acadêmica",970,97.93,NULL,NULL,NULL,NULL,NULL,NULL
1940,"Adriana Marisa D'ávila Neto",47285458,Não,2028-04-21,Sim,Sim,Não,Não,77,161,NULL,3,"Engenharia Mecânica",MEC,1,Manhã,1,"Campus Cedro",Não,Não,Não,Não,Não,Não,NULL,100,"República Estudantil de Cedro100","Rua Heloise Salgado, 91",Cedro,Divisão,"Sra. Lilian Ariana Torres Filho",605.29,Sim,106326,2025-12-05,16:52:00,2025-12-03,"2026-08-17 13:39:53","2026-08-17 13:39:53",-6116.78,Sim,Não,Presente,7BCBEE10BD53,NULL,NULL,971,2025-12-05,"Sanduíche de frango com suco",3,"Lanche da Tarde",05:00:00,14:50:00,1,"Campus Cedro",40098,4,NULL,971,11.82,NULL,NULL,NULL,NULL,NULL,NULL
1940,"Adriana Marisa D'ávila Neto",47285458,Não,2028-04-21,Sim,Sim,Não,Não,77,161,NULL,3,"Engenharia Mecânica",MEC,1,Manhã,1,"Campus Cedro",Não,Não,Não,Não,Não,Não,NULL,100,"República Estudantil de Cedro100","Rua Heloise Salgado, 91",Cedro,Divisão,"Sra. Lilian Ariana Torres Filho",605.29,Sim,106323,2025-11-26,08:13:00,2025-11-21,"2026-08-17 13:39:53","2026-08-17 13:39:53",-6341.43,Sim,Não,Presente,21177A2DCA96,NULL,NULL,941,2025-11-26,"Canja de frango",1,"Lanche da Manhã",05:00:00,08:00:00,1,"Campus Cedro",NULL,NULL,NULL,941,7.51,NULL,NULL,NULL,NULL,NULL,NULL
1940,"Adriana Marisa D'ávila Neto",47285458,Não,2028-04-21,Sim,Sim,Não,Não,77,161,NULL,3,"Engenharia Mecânica",MEC,1,Manhã,1,"Campus Cedro",Não,Não,Não,Não,Não,Não,NULL,100,"República Estudantil de Cedro100","Rua Heloise Salgado, 91",Cedro,Divisão,"Sra. Lilian Ariana Torres Filho",605.29,Sim,106324,2025-11-26,19:44:00,2025-11-23,"2026-08-17 13:39:53","2026-08-17 13:39:53",-6329.92,Sim,Não,Presente,6B8C2824457E,NULL,NULL,944,2025-11-26,"Cuscuz com carne moída",4,"Lanche da Noite",05:00:00,19:50:00,1,"Campus Cedro",40096,3,NULL,944,19.20,NULL,NULL,NULL,NULL,NULL,NULL
1940,"Adriana Marisa D'ávila Neto",47285458,Não,2028-04-21,Sim,Sim,Não,Não,77,161,NULL,3,"Engenharia Mecânica",MEC,1,Manhã,1,"Campus Cedro",Não,Não,Não,Não,Não,Não,NULL,100,"República Estudantil de Cedro100","Rua Heloise Salgado, 91",Cedro,Divisão,"Sra. Lilian Ariana Torres Filho",605.29,Sim,106322,2025-11-20,11:30:00,2025-11-20,"2026-08-17 13:39:53","2026-08-17 13:39:53",-6482.15,Sim,Não,Presente,F62AF5C7C8D7,NULL,NULL,926,2025-11-20,"Arroz, feijão, carne moída com legumes e salada",2,Almoço,05:00:00,11:20:00,1,"Campus Cedro",40095,3,NULL,926,135.87,NULL,NULL,NULL,NULL,NULL,NULL
1940,"Adriana Marisa D'ávila Neto",47285458,Não,2028-04-21,Sim,Sim,Não,Não,77,161,NULL,3,"Engenharia Mecânica",MEC,1,Manhã,1,"Campus Cedro",Não,Não,Não,Não,Não,Não,NULL,100,"República Estudantil de Cedro100","Rua Heloise Salgado, 91",Cedro,Divisão,"Sra. Lilian Ariana Torres Filho",605.29,Sim,106321,2025-11-19,16:18:00,2025-11-18,"2026-08-17 13:39:53","2026-08-17 13:39:53",-6501.35,Sim,Não,Presente,830BD20D2D24,NULL,NULL,923,2025-11-19,"Cuscuz de frango com suco de goiaba",3,"Lanche da Tarde",05:00:00,14:50:00,1,"Campus Cedro",40094,4,NULL,923,15.16,NULL,NULL,NULL,NULL,NULL,NULL
1940,"Adriana Marisa D'ávila Neto",47285458,Não,2028-04-21,Sim,Sim,Não,Não,77,161,NULL,3,"Engenharia Mecânica",MEC,1,Manhã,1,"Campus Cedro",Não,Não,Não,Não,Não,Não,NULL,100,"República Estudantil de Cedro100","Rua Heloise Salgado, 91",Cedro,Divisão,"Sra. Lilian Ariana Torres Filho",605.29,Sim,106320,2025-11-14,19:55:00,2025-11-09,"2026-08-17 13:39:53","2026-08-17 13:39:53",-6617.73,Sim,Não,Presente,3C4365468AB7,NULL,NULL,912,2025-11-14,"Tapioca com queijo e suco",4,"Lanche da Noite",05:00:00,19:50:00,1,"Campus Cedro",NULL,NULL,NULL,912,17.15,NULL,NULL,NULL,NULL,NULL,NULL
1940,"Adriana Marisa D'ávila Neto",47285458,Não,2028-04-21,Sim,Sim,Não,Não,77,161,NULL,3,"Engenharia Mecânica",MEC,1,Manhã,1,"Campus Cedro",Não,Não,Não,Não,Não,Não,NULL,100,"República Estudantil de Cedro100","Rua Heloise Salgado, 91",Cedro,Divisão,"Sra. Lilian Ariana Torres Filho",605.29,Sim,106319,2025-11-04,12:22:00,2025-10-30,"2026-08-17 13:39:53","2026-08-17 13:39:53",-6865.28,Sim,Não,Presente,AAA97892503F,NULL,NULL,878,2025-11-04,"Arroz, feijão, almôndegas, macarrão e salada",2,Almoço,05:00:00,11:20:00,1,"Campus Cedro",NULL,NULL,NULL,878,71.09,NULL,NULL,NULL,NULL,NULL,NULL
1940,"Adriana Marisa D'ávila Neto",47285458,Não,2028-04-21,Sim,Sim,Não,Não,77,161,NULL,3,"Engenharia Mecânica",MEC,1,Manhã,1,"Campus Cedro",Não,Não,Não,Não,Não,Não,NULL,100,"República Estudantil de Cedro100","Rua Heloise Salgado, 91",Cedro,Divisão,"Sra. Lilian Ariana Torres Filho",605.29,Sim,106317,2025-10-23,07:57:00,2025-10-18,"2026-08-17 13:39:53","2026-08-17 13:39:53",-7157.70,Sim,Não,Presente,DE49A7187A92,NULL,NULL,845,2025-10-23,"Pão com ovo e suco de frutas",1,"Lanche da Manhã",05:00:00,08:00:00,1,"Campus Cedro",40092,3,NULL,845,8.05,NULL,NULL,NULL,NULL,NULL,NULL
1940,"Adriana Marisa D'ávila Neto",47285458,Não,2028-04-21,Sim,Sim,Não,Não,77,161,NULL,3,"Engenharia Mecânica",MEC,1,Manhã,1,"Campus Cedro",Não,Não,Não,Não,Não,Não,NULL,100,"República Estudantil de Cedro100","Rua Heloise Salgado, 91",Cedro,Divisão,"Sra. Lilian Ariana Torres Filho",605.29,Sim,106318,2025-10-23,20:00:00,2025-10-21,"2026-08-17 13:39:53","2026-08-17 13:39:53",-7145.65,Sim,Não,Presente,A990EC9FFD6B,NULL,NULL,848,2025-10-23,"Sanduíche de frango com suco",4,"Lanche da Noite",05:00:00,19:50:00,1,"Campus Cedro",40093,3,NULL,848,18.45,NULL,NULL,NULL,NULL,NULL,NULL
1940,"Adriana Marisa D'ávila Neto",47285458,Não,2028-04-21,Sim,Sim,Não,Não,77,161,NULL,3,"Engenharia Mecânica",MEC,1,Manhã,1,"Campus Cedro",Não,Não,Não,Não,Não,Não,NULL,100,"República Estudantil de Cedro100","Rua Heloise Salgado, 91",Cedro,Divisão,"Sra. Lilian Ariana Torres Filho",605.29,Sim,106316,2025-10-14,14:05:00,2025-10-12,"2026-08-17 13:39:53","2026-08-17 13:39:53",-7367.57,Sim,Não,Presente,88FF67251FCD,NULL,NULL,819,2025-10-14,"Cuscuz de frango com suco de goiaba",3,"Lanche da Tarde",05:00:00,14:50:00,1,"Campus Cedro",NULL,NULL,NULL,819,13.45,NULL,NULL,NULL,NULL,NULL,NULL
1940,"Adriana Marisa D'ávila Neto",47285458,Não,2028-04-21,Sim,Sim,Não,Não,77,161,NULL,3,"Engenharia Mecânica",MEC,1,Manhã,1,"Campus Cedro",Não,Não,Não,Não,Não,Não,NULL,100,"República Estudantil de Cedro100","Rua Heloise Salgado, 91",Cedro,Divisão,"Sra. Lilian Ariana Torres Filho",605.29,Sim,106315,2025-10-06,15:35:00,2025-10-01,"2026-08-17 13:39:53","2026-08-17 13:39:53",-7558.07,Sim,Não,Presente,EFC35ED7580E,NULL,NULL,795,2025-10-06,"Tapioca de frango com suco",3,"Lanche da Tarde",05:00:00,14:50:00,1,"Campus Cedro",40091,5,NULL,795,9.56,NULL,NULL,NULL,NULL,NULL,NULL
1940,"Adriana Marisa D'ávila Neto",47285458,Não,2028-04-21,Sim,Sim,Não,Não,77,161,NULL,3,"Engenharia Mecânica",MEC,1,Manhã,1,"Campus Cedro",Não,Não,Não,Não,Não,Não,NULL,100,"República Estudantil de Cedro100","Rua Heloise Salgado, 91",Cedro,Divisão,"Sra. Lilian Ariana Torres Filho",605.29,Sim,106314,2025-09-23,12:19:00,2025-09-23,"2026-08-17 13:39:53","2026-08-17 13:39:53",-7873.33,Sim,Não,Presente,4C20B538A3C6,NULL,NULL,758,2025-09-23,"Arroz, feijão, frango grelhado, legumes e salada",2,Almoço,05:00:00,11:20:00,1,"Campus Cedro",40090,3,NULL,758,129.84,NULL,NULL,NULL,NULL,NULL,NULL
1940,"Adriana Marisa D'ávila Neto",47285458,Não,2028-04-21,Sim,Sim,Não,Não,77,161,NULL,3,"Engenharia Mecânica",MEC,1,Manhã,1,"Campus Cedro",Não,Não,Não,Não,Não,Não,NULL,100,"República Estudantil de Cedro100","Rua Heloise Salgado, 91",Cedro,Divisão,"Sra. Lilian Ariana Torres Filho",605.29,Sim,106313,2025-09-12,19:35:00,2025-09-11,"2026-08-17 13:39:53","2026-08-17 13:39:53",-8130.07,Sim,Não,Presente,6F710CCC6F30,NULL,NULL,732,2025-09-12,"Bolo de macaxeira com suco",4,"Lanche da Noite",05:00:00,19:50:00,1,"Campus Cedro",40089,2,NULL,732,14.81,NULL,NULL,NULL,NULL,NULL,NULL
1940,"Adriana Marisa D'ávila Neto",47285458,Não,2028-04-21,Sim,Sim,Não,Não,77,161,NULL,3,"Engenharia Mecânica",MEC,1,Manhã,1,"Campus Cedro",Não,Não,Não,Não,Não,Não,NULL,100,"República Estudantil de Cedro100","Rua Heloise Salgado, 91",Cedro,Divisão,"Sra. Lilian Ariana Torres Filho",605.29,Sim,106312,2025-09-02,21:16:00,2025-08-29,"2026-08-17 13:39:53","2026-08-17 13:39:53",-8368.38,Sim,Não,Presente,EF7AF7901BE2,NULL,NULL,700,2025-09-02,"Cuscuz com carne moída",4,"Lanche da Noite",05:00:00,19:50:00,1,"Campus Cedro",NULL,NULL,NULL,700,19.76,NULL,NULL,NULL,NULL,NULL,NULL
1940,"Adriana Marisa D'ávila Neto",47285458,Não,2028-04-21,Sim,Sim,Não,Não,77,161,NULL,3,"Engenharia Mecânica",MEC,1,Manhã,1,"Campus Cedro",Não,Não,Não,Não,Não,Não,NULL,100,"República Estudantil de Cedro100","Rua Heloise Salgado, 91",Cedro,Divisão,"Sra. Lilian Ariana Torres Filho",605.29,Sim,106311,2025-08-25,11:40:00,2025-08-25,"2026-08-17 13:39:53","2026-08-17 13:39:53",-8569.98,Sim,Não,Presente,A5572128EC93,NULL,NULL,674,2025-08-25,"Arroz, feijão, frango assado, farofa e salada",2,Almoço,05:00:00,11:20:00,1,"Campus Cedro",NULL,NULL,NULL,674,90.26,NULL,NULL,NULL,NULL,NULL,NULL
1940,"Adriana Marisa D'ávila Neto",47285458,Não,2028-04-21,Sim,Sim,Não,Não,77,161,NULL,3,"Engenharia Mecânica",MEC,1,Manhã,1,"Campus Cedro",Não,Não,Não,Não,Não,Não,NULL,100,"República Estudantil de Cedro100","Rua Heloise Salgado, 91",Cedro,Divisão,"Sra. Lilian Ariana Torres Filho",605.29,Sim,106309,2025-08-04,15:02:00,2025-07-30,"2026-08-17 13:39:53","2026-08-17 13:39:53",-9070.62,Não,Sim,Cancelada,65F5BB6C29EF,NULL,NULL,615,2025-08-04,"Cuscuz de frango com suco de goiaba",3,"Lanche da Tarde",05:00:00,14:50:00,1,"Campus Cedro",NULL,NULL,NULL,615,10.90,NULL,NULL,NULL,NULL,NULL,NULL
1940,"Adriana Marisa D'ávila Neto",47285458,Não,2028-04-21,Sim,Sim,Não,Não,77,161,NULL,3,"Engenharia Mecânica",MEC,1,Manhã,1,"Campus Cedro",Não,Não,Não,Não,Não,Não,NULL,100,"República Estudantil de Cedro100","Rua Heloise Salgado, 91",Cedro,Divisão,"Sra. Lilian Ariana Torres Filho",605.29,Sim,106310,2025-08-04,21:51:00,2025-08-04,"2026-08-17 13:39:53","2026-08-17 13:39:53",-9063.80,Sim,Não,Presente,D3E78C8DC611,NULL,NULL,616,2025-08-04,"Bolo de macaxeira com suco",4,"Lanche da Noite",05:00:00,19:50:00,1,"Campus Cedro",NULL,NULL,NULL,616,23.15,NULL,NULL,NULL,NULL,NULL,NULL
1940,"Adriana Marisa D'ávila Neto",47285458,Não,2028-04-21,Sim,Sim,Não,Não,77,161,NULL,3,"Engenharia Mecânica",MEC,1,Manhã,1,"Campus Cedro",Não,Não,Não,Não,Não,Não,NULL,100,"República Estudantil de Cedro100","Rua Heloise Salgado, 91",Cedro,Divisão,"Sra. Lilian Ariana Torres Filho",605.29,Sim,106308,2025-08-01,20:54:00,2025-07-27,"2026-08-17 13:39:53","2026-08-17 13:39:53",-9136.75,Sim,Não,Presente,68CF09475EB0,NULL,NULL,612,2025-08-01,"Cuscuz com queijo e suco",4,"Lanche da Noite",05:00:00,19:50:00,1,"Campus Cedro",40088,4,NULL,612,19.38,NULL,NULL,NULL,NULL,NULL,NULL
1940,"Adriana Marisa D'ávila Neto",47285458,Não,2028-04-21,Sim,Sim,Não,Não,77,161,NULL,3,"Engenharia Mecânica",MEC,1,Manhã,1,"Campus Cedro",Não,Não,Não,Não,Não,Não,NULL,100,"República Estudantil de Cedro100","Rua Heloise Salgado, 91",Cedro,Divisão,"Sra. Lilian Ariana Torres Filho",605.29,Sim,106307,2025-07-25,11:55:00,2025-07-20,"2026-08-17 13:39:53","2026-08-17 13:39:53",-9313.73,Sim,Não,Presente,EDBE85F99370,NULL,NULL,590,2025-07-25,"Arroz, feijão, carne cozida, macarrão e salada",2,Almoço,05:00:00,11:20:00,1,"Campus Cedro",40087,2,"Compromisso acadêmico",590,110.90,NULL,NULL,NULL,NULL,NULL,NULL
1940,"Adriana Marisa D'ávila Neto",47285458,Não,2028-04-21,Sim,Sim,Não,Não,77,161,NULL,3,"Engenharia Mecânica",MEC,1,Manhã,1,"Campus Cedro",Não,Não,Não,Não,Não,Não,NULL,100,"República Estudantil de Cedro100","Rua Heloise Salgado, 91",Cedro,Divisão,"Sra. Lilian Ariana Torres Filho",605.29,Sim,106306,2025-06-25,16:54:00,2025-06-23,"2026-08-17 13:39:53","2026-08-17 13:39:53",-10028.75,Sim,Não,Presente,E927B9D6399A,NULL,NULL,503,2025-06-25,"Pão com frango desfiado e suco",3,"Lanche da Tarde",05:00:00,14:50:00,1,"Campus Cedro",NULL,NULL,NULL,503,13.25,NULL,NULL,NULL,NULL,NULL,NULL
1940,"Adriana Marisa D'ávila Neto",47285458,Não,2028-04-21,Sim,Sim,Não,Não,77,161,NULL,3,"Engenharia Mecânica",MEC,1,Manhã,1,"Campus Cedro",Não,Não,Não,Não,Não,Não,NULL,100,"República Estudantil de Cedro100","Rua Heloise Salgado, 91",Cedro,Divisão,"Sra. Lilian Ariana Torres Filho",605.29,Sim,106305,2025-06-18,08:55:00,2025-06-13,"2026-08-17 13:39:53","2026-08-17 13:39:53",-10204.73,Sim,Não,Presente,12F0CE312A35,NULL,NULL,481,2025-06-18,"Sanduíche de frango com suco",1,"Lanche da Manhã",05:00:00,08:00:00,1,"Campus Cedro",40086,2,NULL,481,7.20,NULL,NULL,NULL,NULL,NULL,NULL
1940,"Adriana Marisa D'ávila Neto",47285458,Não,2028-04-21,Sim,Sim,Não,Não,77,161,NULL,3,"Engenharia Mecânica",MEC,1,Manhã,1,"Campus Cedro",Não,Não,Não,Não,Não,Não,NULL,100,"República Estudantil de Cedro100","Rua Heloise Salgado, 91",Cedro,Divisão,"Sra. Lilian Ariana Torres Filho",605.29,Sim,106304,2025-06-09,14:47:00,2025-06-06,"2026-08-17 13:39:53","2026-08-17 13:39:53",-10414.87,Sim,Não,Presente,4AA115684DD0,NULL,NULL,455,2025-06-09,"Tapioca com queijo e suco",3,"Lanche da Tarde",05:00:00,14:50:00,1,"Campus Cedro",NULL,NULL,NULL,455,11.97,NULL,NULL,NULL,NULL,NULL,NULL
1940,"Adriana Marisa D'ávila Neto",47285458,Não,2028-04-21,Sim,Sim,Não,Não,77,161,NULL,3,"Engenharia Mecânica",MEC,1,Manhã,1,"Campus Cedro",Não,Não,Não,Não,Não,Não,NULL,100,"República Estudantil de Cedro100","Rua Heloise Salgado, 91",Cedro,Divisão,"Sra. Lilian Ariana Torres Filho",605.29,Sim,106303,2025-06-02,16:36:00,2025-06-02,"2026-08-17 13:39:53","2026-08-17 13:39:53",-10581.05,Sim,Não,Presente,4808B237FF17,NULL,NULL,435,2025-06-02,"Pão com frango desfiado e suco",3,"Lanche da Tarde",05:00:00,14:50:00,1,"Campus Cedro",NULL,NULL,NULL,435,10.31,NULL,NULL,NULL,NULL,NULL,NULL
1940,"Adriana Marisa D'ávila Neto",47285458,Não,2028-04-21,Sim,Sim,Não,Não,77,161,NULL,3,"Engenharia Mecânica",MEC,1,Manhã,1,"Campus Cedro",Não,Não,Não,Não,Não,Não,NULL,100,"República Estudantil de Cedro100","Rua Heloise Salgado, 91",Cedro,Divisão,"Sra. Lilian Ariana Torres Filho",605.29,Sim,106302,2025-05-28,12:36:00,2025-05-28,"2026-08-17 13:39:53","2026-08-17 13:39:53",-10705.05,Sim,Não,Presente,738D0BB9DCB3,NULL,NULL,422,2025-05-28,"Arroz, feijão, frango ao molho, purê e legumes",2,Almoço,05:00:00,11:20:00,1,"Campus Cedro",NULL,NULL,NULL,422,89.34,NULL,NULL,NULL,NULL,NULL,NULL
1940,"Adriana Marisa D'ávila Neto",47285458,Não,2028-04-21,Sim,Sim,Não,Não,77,161,NULL,3,"Engenharia Mecânica",MEC,1,Manhã,1,"Campus Cedro",Não,Não,Não,Não,Não,Não,NULL,100,"República Estudantil de Cedro100","Rua Heloise Salgado, 91",Cedro,Divisão,"Sra. Lilian Ariana Torres Filho",605.29,Sim,106301,2025-05-23,12:19:00,2025-05-23,"2026-08-17 13:39:53","2026-08-17 13:39:53",-10825.33,Sim,Não,Presente,FCAAACB7ECD4,NULL,NULL,410,2025-05-23,"Arroz, feijão, almôndegas, macarrão e salada",2,Almoço,05:00:00,11:20:00,1,"Campus Cedro",40085,4,NULL,410,119.80,NULL,NULL,NULL,NULL,NULL,NULL
1940,"Adriana Marisa D'ávila Neto",47285458,Não,2028-04-21,Sim,Sim,Não,Não,77,161,NULL,3,"Engenharia Mecânica",MEC,1,Manhã,1,"Campus Cedro",Não,Não,Não,Não,Não,Não,NULL,100,"República Estudantil de Cedro100","Rua Heloise Salgado, 91",Cedro,Divisão,"Sra. Lilian Ariana Torres Filho",605.29,Sim,106299,2025-05-16,15:11:00,2025-05-14,"2026-08-17 13:39:53","2026-08-17 13:39:53",-10990.47,Sim,Não,Presente,E18505FA4D14,NULL,NULL,391,2025-05-16,"Cuscuz com queijo e suco",3,"Lanche da Tarde",05:00:00,14:50:00,1,"Campus Cedro",NULL,NULL,NULL,391,10.38,NULL,NULL,NULL,NULL,NULL,NULL
1940,"Adriana Marisa D'ávila Neto",47285458,Não,2028-04-21,Sim,Sim,Não,Não,77,161,NULL,3,"Engenharia Mecânica",MEC,1,Manhã,1,"Campus Cedro",Não,Não,Não,Não,Não,Não,NULL,100,"República Estudantil de Cedro100","Rua Heloise Salgado, 91",Cedro,Divisão,"Sra. Lilian Ariana Torres Filho",605.29,Sim,106300,2025-05-16,20:09:00,2025-05-14,"2026-08-17 13:39:53","2026-08-17 13:39:53",-10985.50,Sim,Não,Presente,31DE43E83FAF,NULL,NULL,392,2025-05-16,"Cuscuz com queijo e suco",4,"Lanche da Noite",05:00:00,19:50:00,1,"Campus Cedro",NULL,NULL,NULL,392,19.29,NULL,NULL,NULL,NULL,NULL,NULL
1940,"Adriana Marisa D'ávila Neto",47285458,Não,2028-04-21,Sim,Sim,Não,Não,77,161,NULL,3,"Engenharia Mecânica",MEC,1,Manhã,1,"Campus Cedro",Não,Não,Não,Não,Não,Não,NULL,100,"República Estudantil de Cedro100","Rua Heloise Salgado, 91",Cedro,Divisão,"Sra. Lilian Ariana Torres Filho",605.29,Sim,106298,2025-05-12,20:13:00,2025-05-08,"2026-08-17 13:39:53","2026-08-17 13:39:53",-11081.43,Não,Sim,Cancelada,03A781D1CCB0,NULL,NULL,376,2025-05-12,"Pão com frango desfiado e suco",4,"Lanche da Noite",05:00:00,19:50:00,1,"Campus Cedro",NULL,NULL,NULL,376,20.51,NULL,NULL,NULL,NULL,NULL,NULL
1940,"Adriana Marisa D'ávila Neto",47285458,Não,2028-04-21,Sim,Sim,Não,Não,77,161,NULL,3,"Engenharia Mecânica",MEC,1,Manhã,1,"Campus Cedro",Não,Não,Não,Não,Não,Não,NULL,100,"República Estudantil de Cedro100","Rua Heloise Salgado, 91",Cedro,Divisão,"Sra. Lilian Ariana Torres Filho",605.29,Sim,106296,2025-04-30,16:01:00,2025-04-30,"2026-08-17 13:39:53","2026-08-17 13:39:53",-11373.63,Não,Sim,Cancelada,2DA5E3957EB3,NULL,NULL,343,2025-04-30,"Bolo de chocolate com suco",3,"Lanche da Tarde",05:00:00,14:50:00,1,"Campus Cedro",NULL,NULL,NULL,343,12.14,NULL,NULL,NULL,NULL,NULL,NULL
1940,"Adriana Marisa D'ávila Neto",47285458,Não,2028-04-21,Sim,Sim,Não,Não,77,161,NULL,3,"Engenharia Mecânica",MEC,1,Manhã,1,"Campus Cedro",Não,Não,Não,Não,Não,Não,NULL,100,"República Estudantil de Cedro100","Rua Heloise Salgado, 91",Cedro,Divisão,"Sra. Lilian Ariana Torres Filho",605.29,Sim,106297,2025-04-30,21:13:00,2025-04-28,"2026-08-17 13:39:53","2026-08-17 13:39:53",-11368.43,Sim,Não,Presente,1E9BB6FFB176,NULL,NULL,344,2025-04-30,"Bolo de macaxeira com suco",4,"Lanche da Noite",05:00:00,19:50:00,1,"Campus Cedro",NULL,NULL,NULL,344,13.69,NULL,NULL,NULL,NULL,NULL,NULL
1940,"Adriana Marisa D'ávila Neto",47285458,Não,2028-04-21,Sim,Sim,Não,Não,77,161,NULL,3,"Engenharia Mecânica",MEC,1,Manhã,1,"Campus Cedro",Não,Não,Não,Não,Não,Não,NULL,100,"República Estudantil de Cedro100","Rua Heloise Salgado, 91",Cedro,Divisão,"Sra. Lilian Ariana Torres Filho",605.29,Sim,106295,2025-04-29,20:20:00,2025-04-24,"2026-08-17 13:39:53","2026-08-17 13:39:53",-11393.32,Sim,Não,Presente,EAD04444BE2F,NULL,NULL,340,2025-04-29,"Tapioca com queijo e suco",4,"Lanche da Noite",05:00:00,19:50:00,1,"Campus Cedro",40084,3,NULL,340,15.61,NULL,NULL,NULL,NULL,NULL,NULL
1940,"Adriana Marisa D'ávila Neto",47285458,Não,2028-04-21,Sim,Sim,Não,Não,77,161,NULL,3,"Engenharia Mecânica",MEC,1,Manhã,1,"Campus Cedro",Não,Não,Não,Não,Não,Não,NULL,100,"República Estudantil de Cedro100","Rua Heloise Salgado, 91",Cedro,Divisão,"Sra. Lilian Ariana Torres Filho",605.29,Sim,106294,2025-04-16,11:26:00,2025-04-14,"2026-08-17 13:39:53","2026-08-17 13:39:53",-11714.22,Sim,Não,Presente,5474DBEFD155,NULL,NULL,302,2025-04-16,"Arroz, feijão, peixe ao molho, legumes e salada",2,Almoço,05:00:00,11:20:00,1,"Campus Cedro",40083,4,NULL,302,131.75,NULL,NULL,NULL,NULL,NULL,NULL
1940,"Adriana Marisa D'ávila Neto",47285458,Não,2028-04-21,Sim,Sim,Não,Não,77,161,NULL,3,"Engenharia Mecânica",MEC,1,Manhã,1,"Campus Cedro",Não,Não,Não,Não,Não,Não,NULL,100,"República Estudantil de Cedro100","Rua Heloise Salgado, 91",Cedro,Divisão,"Sra. Lilian Ariana Torres Filho",605.29,Sim,106292,2025-04-08,14:15:00,2025-04-03,"2026-08-17 13:39:53","2026-08-17 13:39:53",-11903.40,Sim,Não,Presente,2AADE81456B2,NULL,NULL,279,2025-04-08,"Risoto cremoso",3,"Lanche da Tarde",05:00:00,14:50:00,1,"Campus Cedro",NULL,NULL,NULL,279,14.17,NULL,NULL,NULL,NULL,NULL,NULL
1940,"Adriana Marisa D'ávila Neto",47285458,Não,2028-04-21,Sim,Sim,Não,Não,77,161,NULL,3,"Engenharia Mecânica",MEC,1,Manhã,1,"Campus Cedro",Não,Não,Não,Não,Não,Não,NULL,100,"República Estudantil de Cedro100","Rua Heloise Salgado, 91",Cedro,Divisão,"Sra. Lilian Ariana Torres Filho",605.29,Sim,106293,2025-04-08,20:29:00,2025-04-07,"2026-08-17 13:39:53","2026-08-17 13:39:53",-11897.17,Não,Não,Ausente,839BAB8B6B56,"Problema de transporte",NULL,280,2025-04-08,"Cuscuz de frango com suco de manga",4,"Lanche da Noite",05:00:00,19:50:00,1,"Campus Cedro",NULL,NULL,NULL,280,20.56,NULL,NULL,NULL,NULL,NULL,NULL
1940,"Adriana Marisa D'ávila Neto",47285458,Não,2028-04-21,Sim,Sim,Não,Não,77,161,NULL,3,"Engenharia Mecânica",MEC,1,Manhã,1,"Campus Cedro",Não,Não,Não,Não,Não,Não,NULL,100,"República Estudantil de Cedro100","Rua Heloise Salgado, 91",Cedro,Divisão,"Sra. Lilian Ariana Torres Filho",605.29,Sim,106291,2025-04-07,20:07:00,2025-04-05,"2026-08-17 13:39:53","2026-08-17 13:39:53",-11921.53,Sim,Não,Presente,252F8BECFC9C,NULL,NULL,276,2025-04-07,"Canja de frango",4,"Lanche da Noite",05:00:00,19:50:00,1,"Campus Cedro",NULL,NULL,NULL,276,21.02,NULL,NULL,NULL,NULL,NULL,NULL
1940,"Adriana Marisa D'ávila Neto",47285458,Não,2028-04-21,Sim,Sim,Não,Não,77,161,NULL,3,"Engenharia Mecânica",MEC,1,Manhã,1,"Campus Cedro",Não,Não,Não,Não,Não,Não,NULL,100,"República Estudantil de Cedro100","Rua Heloise Salgado, 91",Cedro,Divisão,"Sra. Lilian Ariana Torres Filho",605.29,Sim,106290,2025-04-01,08:58:00,2025-03-30,"2026-08-17 13:39:53","2026-08-17 13:39:53",-12076.68,Não,Sim,Cancelada,A2BBE44EBDD0,NULL,NULL,257,2025-04-01,"Pão com ovo e suco de frutas",1,"Lanche da Manhã",05:00:00,08:00:00,1,"Campus Cedro",NULL,NULL,NULL,257,9.30,NULL,NULL,NULL,NULL,NULL,NULL
1940,"Adriana Marisa D'ávila Neto",47285458,Não,2028-04-21,Sim,Sim,Não,Não,77,161,NULL,3,"Engenharia Mecânica",MEC,1,Manhã,1,"Campus Cedro",Não,Não,Não,Não,Não,Não,NULL,100,"República Estudantil de Cedro100","Rua Heloise Salgado, 91",Cedro,Divisão,"Sra. Lilian Ariana Torres Filho",605.29,Sim,106289,2025-03-31,21:01:00,2025-03-28,"2026-08-17 13:39:53","2026-08-17 13:39:53",-12088.63,Sim,Não,Presente,7129C2B70936,NULL,NULL,256,2025-03-31,"Tapioca com queijo e suco",4,"Lanche da Noite",05:00:00,19:50:00,1,"Campus Cedro",40082,3,NULL,256,16.77,NULL,NULL,NULL,NULL,NULL,NULL
1940,"Adriana Marisa D'ávila Neto",47285458,Não,2028-04-21,Sim,Sim,Não,Não,77,161,NULL,3,"Engenharia Mecânica",MEC,1,Manhã,1,"Campus Cedro",Não,Não,Não,Não,Não,Não,NULL,100,"República Estudantil de Cedro100","Rua Heloise Salgado, 91",Cedro,Divisão,"Sra. Lilian Ariana Torres Filho",605.29,Sim,106288,2025-03-07,19:57:00,2025-03-06,"2026-08-17 13:39:53","2026-08-17 13:39:53",-12665.70,Sim,Não,Presente,78D522FA7A97,NULL,NULL,192,2025-03-07,"Cuscuz com queijo e suco",4,"Lanche da Noite",05:00:00,19:50:00,1,"Campus Cedro",40081,2,NULL,192,18.80,NULL,NULL,NULL,NULL,NULL,NULL
1940,"Adriana Marisa D'ávila Neto",47285458,Não,2028-04-21,Sim,Sim,Não,Não,77,161,NULL,3,"Engenharia Mecânica",MEC,1,Manhã,1,"Campus Cedro",Não,Não,Não,Não,Não,Não,NULL,100,"República Estudantil de Cedro100","Rua Heloise Salgado, 91",Cedro,Divisão,"Sra. Lilian Ariana Torres Filho",605.29,Sim,106287,2025-02-04,08:50:00,2025-02-01,"2026-08-17 13:39:53","2026-08-17 13:39:53",-13420.82,Sim,Não,Presente,059F54351D0A,NULL,NULL,97,2025-02-04,"Tapioca com frango e suco",1,"Lanche da Manhã",05:00:00,08:00:00,1,"Campus Cedro",40080,3,NULL,97,7.37,NULL,NULL,NULL,NULL,NULL,NULL
1940,"Adriana Marisa D'ávila Neto",47285458,Não,2028-04-21,Sim,Sim,Não,Não,77,161,NULL,3,"Engenharia Mecânica",MEC,1,Manhã,1,"Campus Cedro",Não,Não,Não,Não,Não,Não,NULL,100,"República Estudantil de Cedro100","Rua Heloise Salgado, 91",Cedro,Divisão,"Sra. Lilian Ariana Torres Filho",605.29,Sim,106286,2025-01-24,08:04:00,2025-01-20,"2026-08-17 13:39:53","2026-08-17 13:39:53",-13685.58,Sim,Não,Presente,D6BCA9B2C394,NULL,NULL,69,2025-01-24,"Tapioca com queijo e suco",1,"Lanche da Manhã",05:00:00,08:00:00,1,"Campus Cedro",NULL,NULL,NULL,69,9.73,NULL,NULL,NULL,NULL,NULL,NULL
1940,"Adriana Marisa D'ávila Neto",47285458,Não,2028-04-21,Sim,Sim,Não,Não,77,161,NULL,3,"Engenharia Mecânica",MEC,1,Manhã,1,"Campus Cedro",Não,Não,Não,Não,Não,Não,NULL,100,"República Estudantil de Cedro100","Rua Heloise Salgado, 91",Cedro,Divisão,"Sra. Lilian Ariana Torres Filho",605.29,Sim,106285,2025-01-23,19:43:00,2025-01-19,"2026-08-17 13:39:53","2026-08-17 13:39:53",-13697.93,Sim,Não,Presente,BB158C52E5D3,NULL,NULL,68,2025-01-23,"Risoto cremoso",4,"Lanche da Noite",05:00:00,19:50:00,1,"Campus Cedro",NULL,NULL,NULL,68,27.59,NULL,NULL,NULL,NULL,NULL,NULL
1940,"Adriana Marisa D'ávila Neto",47285458,Não,2028-04-21,Sim,Sim,Não,Não,77,161,NULL,3,"Engenharia Mecânica",MEC,1,Manhã,1,"Campus Cedro",Não,Não,Não,Não,Não,Não,NULL,100,"República Estudantil de Cedro100","Rua Heloise Salgado, 91",Cedro,Divisão,"Sra. Lilian Ariana Torres Filho",605.29,Sim,106284,2025-01-17,16:34:00,2025-01-15,"2026-08-17 13:39:53","2026-08-17 13:39:53",-13845.08,Sim,Não,Presente,DB9BD6DB8A01,NULL,NULL,51,2025-01-17,"Bolo de chocolate com suco",3,"Lanche da Tarde",05:00:00,14:50:00,1,"Campus Cedro",40079,1,NULL,51,11.28,NULL,NULL,NULL,NULL,NULL,NULL
1940,"Adriana Marisa D'ávila Neto",47285458,Não,2028-04-21,Sim,Sim,Não,Não,77,161,NULL,3,"Engenharia Mecânica",MEC,1,Manhã,1,"Campus Cedro",Não,Não,Não,Não,Não,Não,NULL,100,"República Estudantil de Cedro100","Rua Heloise Salgado, 91",Cedro,Divisão,"Sra. Lilian Ariana Torres Filho",605.29,Sim,106283,2025-01-08,12:53:00,2025-01-03,"2026-08-17 13:39:53","2026-08-17 13:39:53",-14064.77,Sim,Não,Presente,EBBC6AF1E66E,NULL,NULL,22,2025-01-08,"Arroz, feijão, carne de panela, purê e salada",2,Almoço,05:00:00,11:20:00,1,"Campus Cedro",NULL,NULL,NULL,22,123.14,NULL,NULL,NULL,NULL,NULL,NULL
1940,"Adriana Marisa D'ávila Neto",47285458,Não,2028-04-21,Sim,Sim,Não,Não,77,161,NULL,3,"Engenharia Mecânica",MEC,1,Manhã,1,"Campus Cedro",Não,Não,Não,Não,Não,Não,NULL,100,"República Estudantil de Cedro100","Rua Heloise Salgado, 91",Cedro,Divisão,"Sra. Lilian Ariana Torres Filho",605.29,Sim,106282,2025-01-01,11:51:00,2024-12-28,"2026-08-17 13:39:53","2026-08-17 13:39:53",-14233.80,Sim,Não,Presente,B0DE7BEC5667,NULL,NULL,2,2025-01-01,"Arroz, feijão, carne de panela, arroz colorido e salada",2,Almoço,05:00:00,11:20:00,1,"Campus Cedro",40078,4,"Ausência justificada pelo estudante",2,101.16,NULL,NULL,NULL,NULL,NULL,NULL
341,"Adriano Allan Gil",17557848,Sim,2028-07-28,Não,Sim,Não,Sim,172,NULL,NULL,2,"Engenharia de Elétrica",EE,3,Noite,1,"Campus Cedro",Não,Não,Não,Não,Não,Não,NULL,83,"República Estudantil de Cedro83","R. Samanta, 707",Cedro,Centro,"Jefferson Luciano Torres Jr.",982.48,Sim,18779,2026-06-16,07:05:00,2026-06-13,"2026-08-17 13:39:39","2026-08-17 13:39:39",-1494.57,Não,Sim,Cancelada,73D07FCAA69D,NULL,NULL,1517,2026-06-16,"Pão com frango desfiado e suco",1,"Lanche da Manhã",05:00:00,08:00:00,1,"Campus Cedro",NULL,NULL,NULL,1517,8.03,NULL,NULL,NULL,NULL,NULL,NULL
341,"Adriano Allan Gil",17557848,Sim,2028-07-28,Não,Sim,Não,Sim,172,NULL,NULL,2,"Engenharia de Elétrica",EE,3,Noite,1,"Campus Cedro",Não,Não,Não,Não,Não,Não,NULL,83,"República Estudantil de Cedro83","R. Samanta, 707",Cedro,Centro,"Jefferson Luciano Torres Jr.",982.48,Sim,18778,2026-05-15,20:28:00,2026-05-10,"2026-08-17 13:39:39","2026-08-17 13:39:39",-2249.18,Sim,Não,Presente,F0A949734E84,NULL,NULL,1432,2026-05-15,"Bolo de milho com suco",4,"Lanche da Noite",05:00:00,19:50:00,1,"Campus Cedro",NULL,NULL,NULL,1432,15.44,NULL,NULL,NULL,NULL,NULL,NULL
341,"Adriano Allan Gil",17557848,Sim,2028-07-28,Não,Sim,Não,Sim,172,NULL,NULL,2,"Engenharia de Elétrica",EE,3,Noite,1,"Campus Cedro",Não,Não,Não,Não,Não,Não,NULL,83,"República Estudantil de Cedro83","R. Samanta, 707",Cedro,Centro,"Jefferson Luciano Torres Jr.",982.48,Sim,18777,2026-05-08,11:06:00,2026-05-03,"2026-08-17 13:39:39","2026-08-17 13:39:39",-2426.55,Não,Sim,Cancelada,EB3A3A008D4C,NULL,NULL,1410,2026-05-08,"Arroz, feijão, frango ao curry, macarrão e salada",2,Almoço,05:00:00,11:20:00,1,"Campus Cedro",NULL,NULL,NULL,1410,105.70,NULL,NULL,NULL,NULL,NULL,NULL
341,"Adriano Allan Gil",17557848,Sim,2028-07-28,Não,Sim,Não,Sim,172,NULL,NULL,2,"Engenharia de Elétrica",EE,3,Noite,1,"Campus Cedro",Não,Não,Não,Não,Não,Não,NULL,83,"República Estudantil de Cedro83","R. Samanta, 707",Cedro,Centro,"Jefferson Luciano Torres Jr.",982.48,Sim,18776,2026-05-05,11:24:00,2026-05-03,"2026-08-17 13:39:39","2026-08-17 13:39:39",-2498.25,Sim,Não,Presente,999B30A5E81C,NULL,NULL,1398,2026-05-05,"Arroz, feijão, frango ao curry, macarrão e salada",2,Almoço,05:00:00,11:20:00,1,"Campus Cedro",7043,4,NULL,1398,103.72,NULL,NULL,NULL,NULL,NULL,NULL
341,"Adriano Allan Gil",17557848,Sim,2028-07-28,Não,Sim,Não,Sim,172,NULL,NULL,2,"Engenharia de Elétrica",EE,3,Noite,1,"Campus Cedro",Não,Não,Não,Não,Não,Não,NULL,83,"República Estudantil de Cedro83","R. Samanta, 707",Cedro,Centro,"Jefferson Luciano Torres Jr.",982.48,Sim,18775,2026-04-24,08:41:00,2026-04-20,"2026-08-17 13:39:39","2026-08-17 13:39:39",-2764.97,Não,Não,Ausente,31B00F05BED4,"Atividade acadêmica",NULL,1369,2026-04-24,"Tapioca com queijo e suco",1,"Lanche da Manhã",05:00:00,08:00:00,1,"Campus Cedro",NULL,NULL,NULL,1369,8.41,NULL,NULL,NULL,NULL,NULL,NULL
341,"Adriano Allan Gil",17557848,Sim,2028-07-28,Não,Sim,Não,Sim,172,NULL,NULL,2,"Engenharia de Elétrica",EE,3,Noite,1,"Campus Cedro",Não,Não,Não,Não,Não,Não,NULL,83,"República Estudantil de Cedro83","R. Samanta, 707",Cedro,Centro,"Jefferson Luciano Torres Jr.",982.48,Sim,18774,2026-04-21,07:29:00,2026-04-20,"2026-08-17 13:39:39","2026-08-17 13:39:39",-2838.17,Sim,Não,Presente,68B1B88D26E2,NULL,NULL,1357,2026-04-21,"Cuscuz com carne moída e suco",1,"Lanche da Manhã",05:00:00,08:00:00,1,"Campus Cedro",7042,5,NULL,1357,9.33,NULL,NULL,NULL,NULL,NULL,NULL
341,"Adriano Allan Gil",17557848,Sim,2028-07-28,Não,Sim,Não,Sim,172,NULL,NULL,2,"Engenharia de Elétrica",EE,3,Noite,1,"Campus Cedro",Não,Não,Não,Não,Não,Não,NULL,83,"República Estudantil de Cedro83","R. Samanta, 707",Cedro,Centro,"Jefferson Luciano Torres Jr.",982.48,Sim,18773,2026-04-15,12:10:00,2026-04-14,"2026-08-17 13:39:39","2026-08-17 13:39:39",-2977.48,Sim,Não,Presente,C5F55C5C1433,NULL,NULL,1342,2026-04-15,"Arroz, feijão, frango ao curry, macarrão e salada",2,Almoço,05:00:00,11:20:00,1,"Campus Cedro",7041,3,"Compromisso acadêmico",1342,115.15,NULL,NULL,NULL,NULL,NULL,NULL
341,"Adriano Allan Gil",17557848,Sim,2028-07-28,Não,Sim,Não,Sim,172,NULL,NULL,2,"Engenharia de Elétrica",EE,3,Noite,1,"Campus Cedro",Não,Não,Não,Não,Não,Não,NULL,83,"República Estudantil de Cedro83","R. Samanta, 707",Cedro,Centro,"Jefferson Luciano Torres Jr.",982.48,Sim,18772,2026-04-13,20:21:00,2026-04-10,"2026-08-17 13:39:39","2026-08-17 13:39:39",-3017.30,Sim,Não,Presente,EBF165BD5C90,NULL,NULL,1336,2026-04-13,"Cuscuz de frango com suco de manga",4,"Lanche da Noite",05:00:00,19:50:00,1,"Campus Cedro",7040,3,"Atividade acadêmica",1336,15.44,NULL,NULL,NULL,NULL,NULL,NULL
341,"Adriano Allan Gil",17557848,Sim,2028-07-28,Não,Sim,Não,Sim,172,NULL,NULL,2,"Engenharia de Elétrica",EE,3,Noite,1,"Campus Cedro",Não,Não,Não,Não,Não,Não,NULL,83,"República Estudantil de Cedro83","R. Samanta, 707",Cedro,Centro,"Jefferson Luciano Torres Jr.",982.48,Sim,18771,2026-04-10,11:54:00,2026-04-10,"2026-08-17 13:39:39","2026-08-17 13:39:39",-3097.75,Sim,Não,Presente,FA7329C2AE27,NULL,NULL,1330,2026-04-10,"Arroz, feijão, frango grelhado, legumes e salada",2,Almoço,05:00:00,11:20:00,1,"Campus Cedro",7039,4,NULL,1330,132.94,NULL,NULL,NULL,NULL,NULL,NULL
341,"Adriano Allan Gil",17557848,Sim,2028-07-28,Não,Sim,Não,Sim,172,NULL,NULL,2,"Engenharia de Elétrica",EE,3,Noite,1,"Campus Cedro",Não,Não,Não,Não,Não,Não,NULL,83,"República Estudantil de Cedro83","R. Samanta, 707",Cedro,Centro,"Jefferson Luciano Torres Jr.",982.48,Sim,18770,2026-04-02,15:46:00,2026-03-31,"2026-08-17 13:39:39","2026-08-17 13:39:39",-3285.88,Sim,Não,Presente,2F983F41633F,NULL,NULL,1307,2026-04-02,"Risoto cremoso",3,"Lanche da Tarde",05:00:00,14:50:00,1,"Campus Cedro",NULL,NULL,NULL,1307,14.00,NULL,NULL,NULL,NULL,NULL,NULL
341,"Adriano Allan Gil",17557848,Sim,2028-07-28,Não,Sim,Não,Sim,172,NULL,NULL,2,"Engenharia de Elétrica",EE,3,Noite,1,"Campus Cedro",Não,Não,Não,Não,Não,Não,NULL,83,"República Estudantil de Cedro83","R. Samanta, 707",Cedro,Centro,"Jefferson Luciano Torres Jr.",982.48,Sim,18769,2026-03-23,12:06:00,2026-03-19,"2026-08-17 13:39:39","2026-08-17 13:39:39",-3529.55,Sim,Não,Presente,3EDB3FB64636,NULL,NULL,1274,2026-03-23,"Arroz, feijão, carne moída, purê de batata e salada",2,Almoço,05:00:00,11:20:00,1,"Campus Cedro",7038,3,NULL,1274,137.71,NULL,NULL,NULL,NULL,NULL,NULL
341,"Adriano Allan Gil",17557848,Sim,2028-07-28,Não,Sim,Não,Sim,172,NULL,NULL,2,"Engenharia de Elétrica",EE,3,Noite,1,"Campus Cedro",Não,Não,Não,Não,Não,Não,NULL,83,"República Estudantil de Cedro83","R. Samanta, 707",Cedro,Centro,"Jefferson Luciano Torres Jr.",982.48,Sim,18768,2026-03-20,08:28:00,2026-03-19,"2026-08-17 13:39:39","2026-08-17 13:39:39",-3605.18,Sim,Não,Presente,A5F2663D76AB,NULL,NULL,1269,2026-03-20,"Canja de frango",1,"Lanche da Manhã",05:00:00,08:00:00,1,"Campus Cedro",NULL,NULL,NULL,1269,11.37,NULL,NULL,NULL,NULL,NULL,NULL
341,"Adriano Allan Gil",17557848,Sim,2028-07-28,Não,Sim,Não,Sim,172,NULL,NULL,2,"Engenharia de Elétrica",EE,3,Noite,1,"Campus Cedro",Não,Não,Não,Não,Não,Não,NULL,83,"República Estudantil de Cedro83","R. Samanta, 707",Cedro,Centro,"Jefferson Luciano Torres Jr.",982.48,Sim,18767,2026-02-18,11:49:00,2026-02-18,"2026-08-17 13:39:39","2026-08-17 13:39:39",-4321.83,Sim,Não,Presente,978D81F5791F,NULL,NULL,1182,2026-02-18,"Arroz, feijão, carne de panela, purê e salada",2,Almoço,05:00:00,11:20:00,1,"Campus Cedro",NULL,NULL,NULL,1182,89.75,NULL,NULL,NULL,NULL,NULL,NULL
341,"Adriano Allan Gil",17557848,Sim,2028-07-28,Não,Sim,Não,Sim,172,NULL,NULL,2,"Engenharia de Elétrica",EE,3,Noite,1,"Campus Cedro",Não,Não,Não,Não,Não,Não,NULL,83,"República Estudantil de Cedro83","R. Samanta, 707",Cedro,Centro,"Jefferson Luciano Torres Jr.",982.48,Sim,18766,2026-02-12,12:17:00,2026-02-08,"2026-08-17 13:39:39","2026-08-17 13:39:39",-4465.37,Sim,Não,Presente,CD4A28B6C5C1,NULL,NULL,1166,2026-02-12,"Arroz, feijão, carne moída, purê de batata e salada",2,Almoço,05:00:00,11:20:00,1,"Campus Cedro",NULL,NULL,NULL,1166,124.93,NULL,NULL,NULL,NULL,NULL,NULL
341,"Adriano Allan Gil",17557848,Sim,2028-07-28,Não,Sim,Não,Sim,172,NULL,NULL,2,"Engenharia de Elétrica",EE,3,Noite,1,"Campus Cedro",Não,Não,Não,Não,Não,Não,NULL,83,"República Estudantil de Cedro83","R. Samanta, 707",Cedro,Centro,"Jefferson Luciano Torres Jr.",982.48,Sim,18765,2026-02-05,14:04:00,2026-02-04,"2026-08-17 13:39:39","2026-08-17 13:39:39",-4631.58,Sim,Não,Presente,68261C946D42,NULL,NULL,1147,2026-02-05,"Bolo de chocolate com suco",3,"Lanche da Tarde",05:00:00,14:50:00,1,"Campus Cedro",NULL,NULL,NULL,1147,12.28,NULL,NULL,NULL,NULL,NULL,NULL
341,"Adriano Allan Gil",17557848,Sim,2028-07-28,Não,Sim,Não,Sim,172,NULL,NULL,2,"Engenharia de Elétrica",EE,3,Noite,1,"Campus Cedro",Não,Não,Não,Não,Não,Não,NULL,83,"República Estudantil de Cedro83","R. Samanta, 707",Cedro,Centro,"Jefferson Luciano Torres Jr.",982.48,Sim,18764,2026-02-04,19:54:00,2026-02-03,"2026-08-17 13:39:39","2026-08-17 13:39:39",-4649.75,Sim,Não,Presente,EDF28E5337F3,NULL,NULL,1144,2026-02-04,"Canja de frango",4,"Lanche da Noite",05:00:00,19:50:00,1,"Campus Cedro",7037,5,NULL,1144,18.89,NULL,NULL,NULL,NULL,NULL,NULL
341,"Adriano Allan Gil",17557848,Sim,2028-07-28,Não,Sim,Não,Sim,172,NULL,NULL,2,"Engenharia de Elétrica",EE,3,Noite,1,"Campus Cedro",Não,Não,Não,Não,Não,Não,NULL,83,"República Estudantil de Cedro83","R. Samanta, 707",Cedro,Centro,"Jefferson Luciano Torres Jr.",982.48,Sim,18763,2026-01-23,11:32:00,2026-01-21,"2026-08-17 13:39:39","2026-08-17 13:39:39",-4946.12,Sim,Não,Presente,62D4BB1B6686,NULL,NULL,1110,2026-01-23,"Arroz, feijão, peixe frito, pirão e salada",2,Almoço,05:00:00,11:20:00,1,"Campus Cedro",7036,5,NULL,1110,120.56,NULL,NULL,NULL,NULL,NULL,NULL
341,"Adriano Allan Gil",17557848,Sim,2028-07-28,Não,Sim,Não,Sim,172,NULL,NULL,2,"Engenharia de Elétrica",EE,3,Noite,1,"Campus Cedro",Não,Não,Não,Não,Não,Não,NULL,83,"República Estudantil de Cedro83","R. Samanta, 707",Cedro,Centro,"Jefferson Luciano Torres Jr.",982.48,Sim,18762,2026-01-21,21:29:00,2026-01-17,"2026-08-17 13:39:39","2026-08-17 13:39:39",-4984.17,Sim,Não,Presente,02C33399DC55,NULL,NULL,1104,2026-01-21,"Bolo de macaxeira com suco",4,"Lanche da Noite",05:00:00,19:50:00,1,"Campus Cedro",NULL,NULL,NULL,1104,18.00,NULL,NULL,NULL,NULL,NULL,NULL
341,"Adriano Allan Gil",17557848,Sim,2028-07-28,Não,Sim,Não,Sim,172,NULL,NULL,2,"Engenharia de Elétrica",EE,3,Noite,1,"Campus Cedro",Não,Não,Não,Não,Não,Não,NULL,83,"República Estudantil de Cedro83","R. Samanta, 707",Cedro,Centro,"Jefferson Luciano Torres Jr.",982.48,Sim,18761,2025-12-08,19:44:00,2025-12-06,"2026-08-17 13:39:39","2026-08-17 13:39:39",-6041.92,Sim,Não,Presente,F6BC85D8550D,NULL,NULL,976,2025-12-08,"Bolo de milho com suco",4,"Lanche da Noite",05:00:00,19:50:00,1,"Campus Cedro",7035,4,NULL,976,15.51,NULL,NULL,NULL,NULL,NULL,NULL
341,"Adriano Allan Gil",17557848,Sim,2028-07-28,Não,Sim,Não,Sim,172,NULL,NULL,2,"Engenharia de Elétrica",EE,3,Noite,1,"Campus Cedro",Não,Não,Não,Não,Não,Não,NULL,83,"República Estudantil de Cedro83","R. Samanta, 707",Cedro,Centro,"Jefferson Luciano Torres Jr.",982.48,Sim,18760,2025-11-27,16:55:00,2025-11-23,"2026-08-17 13:39:39","2026-08-17 13:39:39",-6308.73,Sim,Não,Presente,700B6FA94831,NULL,NULL,947,2025-11-27,"Sanduíche de frango com suco",3,"Lanche da Tarde",05:00:00,14:50:00,1,"Campus Cedro",7034,5,NULL,947,13.41,NULL,NULL,NULL,NULL,NULL,NULL
341,"Adriano Allan Gil",17557848,Sim,2028-07-28,Não,Sim,Não,Sim,172,NULL,NULL,2,"Engenharia de Elétrica",EE,3,Noite,1,"Campus Cedro",Não,Não,Não,Não,Não,Não,NULL,83,"República Estudantil de Cedro83","R. Samanta, 707",Cedro,Centro,"Jefferson Luciano Torres Jr.",982.48,Sim,18759,2025-11-20,16:35:00,2025-11-15,"2026-08-17 13:39:39","2026-08-17 13:39:39",-6477.07,Sim,Não,Presente,2E04D3DCE177,NULL,NULL,927,2025-11-20,"Tapioca com queijo e suco",3,"Lanche da Tarde",05:00:00,14:50:00,1,"Campus Cedro",NULL,NULL,NULL,927,13.65,NULL,NULL,NULL,NULL,NULL,NULL
341,"Adriano Allan Gil",17557848,Sim,2028-07-28,Não,Sim,Não,Sim,172,NULL,NULL,2,"Engenharia de Elétrica",EE,3,Noite,1,"Campus Cedro",Não,Não,Não,Não,Não,Não,NULL,83,"República Estudantil de Cedro83","R. Samanta, 707",Cedro,Centro,"Jefferson Luciano Torres Jr.",982.48,Sim,18758,2025-11-18,14:46:00,2025-11-13,"2026-08-17 13:39:39","2026-08-17 13:39:39",-6526.88,Não,Sim,Cancelada,3B6C35F0880E,NULL,NULL,919,2025-11-18,"Canja de frango",3,"Lanche da Tarde",05:00:00,14:50:00,1,"Campus Cedro",NULL,NULL,NULL,919,12.59,NULL,NULL,NULL,NULL,NULL,NULL
341,"Adriano Allan Gil",17557848,Sim,2028-07-28,Não,Sim,Não,Sim,172,NULL,NULL,2,"Engenharia de Elétrica",EE,3,Noite,1,"Campus Cedro",Não,Não,Não,Não,Não,Não,NULL,83,"República Estudantil de Cedro83","R. Samanta, 707",Cedro,Centro,"Jefferson Luciano Torres Jr.",982.48,Sim,18757,2025-11-14,21:07:00,2025-11-14,"2026-08-17 13:39:39","2026-08-17 13:39:39",-6616.53,Sim,Não,Presente,7E121AA0EB32,NULL,NULL,912,2025-11-14,"Tapioca com queijo e suco",4,"Lanche da Noite",05:00:00,19:50:00,1,"Campus Cedro",NULL,NULL,NULL,912,17.15,NULL,NULL,NULL,NULL,NULL,NULL
341,"Adriano Allan Gil",17557848,Sim,2028-07-28,Não,Sim,Não,Sim,172,NULL,NULL,2,"Engenharia de Elétrica",EE,3,Noite,1,"Campus Cedro",Não,Não,Não,Não,Não,Não,NULL,83,"República Estudantil de Cedro83","R. Samanta, 707",Cedro,Centro,"Jefferson Luciano Torres Jr.",982.48,Sim,18756,2025-11-13,08:00:00,2025-11-13,"2026-08-17 13:39:39","2026-08-17 13:39:39",-6653.65,Sim,Não,Presente,7CB10817C56A,NULL,NULL,905,2025-11-13,"Cuscuz com queijo e suco",1,"Lanche da Manhã",05:00:00,08:00:00,1,"Campus Cedro",NULL,NULL,NULL,905,7.85,NULL,NULL,NULL,NULL,NULL,NULL
341,"Adriano Allan Gil",17557848,Sim,2028-07-28,Não,Sim,Não,Sim,172,NULL,NULL,2,"Engenharia de Elétrica",EE,3,Noite,1,"Campus Cedro",Não,Não,Não,Não,Não,Não,NULL,83,"República Estudantil de Cedro83","R. Samanta, 707",Cedro,Centro,"Jefferson Luciano Torres Jr.",982.48,Sim,18755,2025-11-05,21:42:00,2025-11-01,"2026-08-17 13:39:39","2026-08-17 13:39:39",-6831.95,Sim,Não,Presente,CB6AC42E88AA,NULL,NULL,884,2025-11-05,"Pão com frango desfiado e suco",4,"Lanche da Noite",05:00:00,19:50:00,1,"Campus Cedro",7033,4,"Problema de transporte",884,18.43,NULL,NULL,NULL,NULL,NULL,NULL
341,"Adriano Allan Gil",17557848,Sim,2028-07-28,Não,Sim,Não,Sim,172,NULL,NULL,2,"Engenharia de Elétrica",EE,3,Noite,1,"Campus Cedro",Não,Não,Não,Não,Não,Não,NULL,83,"República Estudantil de Cedro83","R. Samanta, 707",Cedro,Centro,"Jefferson Luciano Torres Jr.",982.48,Sim,18754,2025-11-05,11:00:00,2025-11-02,"2026-08-17 13:39:39","2026-08-17 13:39:39",-6842.65,Sim,Não,Presente,5BBAFCDC1F9F,NULL,NULL,882,2025-11-05,"Arroz, feijão, carne moída, purê de batata e salada",2,Almoço,05:00:00,11:20:00,1,"Campus Cedro",7032,5,NULL,882,105.74,NULL,NULL,NULL,NULL,NULL,NULL
341,"Adriano Allan Gil",17557848,Sim,2028-07-28,Não,Sim,Não,Sim,172,NULL,NULL,2,"Engenharia de Elétrica",EE,3,Noite,1,"Campus Cedro",Não,Não,Não,Não,Não,Não,NULL,83,"República Estudantil de Cedro83","R. Samanta, 707",Cedro,Centro,"Jefferson Luciano Torres Jr.",982.48,Sim,18753,2025-10-31,11:04:00,2025-10-28,"2026-08-17 13:39:39","2026-08-17 13:39:39",-6962.58,Sim,Não,Presente,DE68ADF0721F,NULL,NULL,870,2025-10-31,"Arroz, feijão, frango assado, farofa e salada",2,Almoço,05:00:00,11:20:00,1,"Campus Cedro",NULL,NULL,NULL,870,128.22,NULL,NULL,NULL,NULL,NULL,NULL
341,"Adriano Allan Gil",17557848,Sim,2028-07-28,Não,Sim,Não,Sim,172,NULL,NULL,2,"Engenharia de Elétrica",EE,3,Noite,1,"Campus Cedro",Não,Não,Não,Não,Não,Não,NULL,83,"República Estudantil de Cedro83","R. Samanta, 707",Cedro,Centro,"Jefferson Luciano Torres Jr.",982.48,Sim,18752,2025-09-17,14:49:00,2025-09-15,"2026-08-17 13:39:39","2026-08-17 13:39:39",-8014.83,Sim,Não,Presente,9902AAAAC17D,NULL,NULL,743,2025-09-17,"Cuscuz de frango com suco de goiaba",3,"Lanche da Tarde",05:00:00,14:50:00,1,"Campus Cedro",NULL,NULL,NULL,743,10.87,NULL,NULL,NULL,NULL,NULL,NULL
341,"Adriano Allan Gil",17557848,Sim,2028-07-28,Não,Sim,Não,Sim,172,NULL,NULL,2,"Engenharia de Elétrica",EE,3,Noite,1,"Campus Cedro",Não,Não,Não,Não,Não,Não,NULL,83,"República Estudantil de Cedro83","R. Samanta, 707",Cedro,Centro,"Jefferson Luciano Torres Jr.",982.48,Sim,18751,2025-09-16,07:03:00,2025-09-11,"2026-08-17 13:39:39","2026-08-17 13:39:39",-8046.60,Sim,Não,Presente,DAB8371B1E20,NULL,NULL,737,2025-09-16,"Risoto cremoso",1,"Lanche da Manhã",05:00:00,08:00:00,1,"Campus Cedro",7031,5,NULL,737,10.24,NULL,NULL,NULL,NULL,NULL,NULL
341,"Adriano Allan Gil",17557848,Sim,2028-07-28,Não,Sim,Não,Sim,172,NULL,NULL,2,"Engenharia de Elétrica",EE,3,Noite,1,"Campus Cedro",Não,Não,Não,Não,Não,Não,NULL,83,"República Estudantil de Cedro83","R. Samanta, 707",Cedro,Centro,"Jefferson Luciano Torres Jr.",982.48,Sim,18750,2025-09-12,07:41:00,2025-09-12,"2026-08-17 13:39:39","2026-08-17 13:39:39",-8141.97,Não,Não,Ausente,0B6A330DD4A1,"Problema de transporte",NULL,729,2025-09-12,"Sanduíche de frango com suco",1,"Lanche da Manhã",05:00:00,08:00:00,1,"Campus Cedro",NULL,NULL,NULL,729,8.73,NULL,NULL,NULL,NULL,NULL,NULL
341,"Adriano Allan Gil",17557848,Sim,2028-07-28,Não,Sim,Não,Sim,172,NULL,NULL,2,"Engenharia de Elétrica",EE,3,Noite,1,"Campus Cedro",Não,Não,Não,Não,Não,Não,NULL,83,"República Estudantil de Cedro83","R. Samanta, 707",Cedro,Centro,"Jefferson Luciano Torres Jr.",982.48,Sim,18749,2025-09-08,20:23:00,2025-09-03,"2026-08-17 13:39:39","2026-08-17 13:39:39",-8225.27,Sim,Não,Presente,C4672457ACC3,NULL,NULL,716,2025-09-08,"Bolo de milho com suco",4,"Lanche da Noite",05:00:00,19:50:00,1,"Campus Cedro",7030,3,NULL,716,18.82,NULL,NULL,NULL,NULL,NULL,NULL
341,"Adriano Allan Gil",17557848,Sim,2028-07-28,Não,Sim,Não,Sim,172,NULL,NULL,2,"Engenharia de Elétrica",EE,3,Noite,1,"Campus Cedro",Não,Não,Não,Não,Não,Não,NULL,83,"República Estudantil de Cedro83","R. Samanta, 707",Cedro,Centro,"Jefferson Luciano Torres Jr.",982.48,Sim,18748,2025-09-03,07:42:00,2025-09-02,"2026-08-17 13:39:39","2026-08-17 13:39:39",-8357.95,Sim,Não,Presente,AC40A9FEEA7D,NULL,NULL,701,2025-09-03,"Tapioca com queijo e suco",1,"Lanche da Manhã",05:00:00,08:00:00,1,"Campus Cedro",NULL,NULL,NULL,701,7.17,NULL,NULL,NULL,NULL,NULL,NULL
341,"Adriano Allan Gil",17557848,Sim,2028-07-28,Não,Sim,Não,Sim,172,NULL,NULL,2,"Engenharia de Elétrica",EE,3,Noite,1,"Campus Cedro",Não,Não,Não,Não,Não,Não,NULL,83,"República Estudantil de Cedro83","R. Samanta, 707",Cedro,Centro,"Jefferson Luciano Torres Jr.",982.48,Sim,18747,2025-09-02,11:44:00,2025-08-30,"2026-08-17 13:39:39","2026-08-17 13:39:39",-8377.92,Sim,Não,Presente,D74970FB948D,NULL,NULL,698,2025-09-02,"Arroz, feijão, frango ensopado, farofa e salada",2,Almoço,05:00:00,11:20:00,1,"Campus Cedro",NULL,NULL,NULL,698,94.60,NULL,NULL,NULL,NULL,NULL,NULL
341,"Adriano Allan Gil",17557848,Sim,2028-07-28,Não,Sim,Não,Sim,172,NULL,NULL,2,"Engenharia de Elétrica",EE,3,Noite,1,"Campus Cedro",Não,Não,Não,Não,Não,Não,NULL,83,"República Estudantil de Cedro83","R. Samanta, 707",Cedro,Centro,"Jefferson Luciano Torres Jr.",982.48,Sim,18746,2025-08-08,11:37:00,2025-08-04,"2026-08-17 13:39:39","2026-08-17 13:39:39",-8978.03,Sim,Não,Presente,D7EFB8CA1768,NULL,NULL,630,2025-08-08,"Arroz, feijão, carne moída, macarrão e legumes",2,Almoço,05:00:00,11:20:00,1,"Campus Cedro",NULL,NULL,NULL,630,109.42,NULL,NULL,NULL,NULL,NULL,NULL
341,"Adriano Allan Gil",17557848,Sim,2028-07-28,Não,Sim,Não,Sim,172,NULL,NULL,2,"Engenharia de Elétrica",EE,3,Noite,1,"Campus Cedro",Não,Não,Não,Não,Não,Não,NULL,83,"República Estudantil de Cedro83","R. Samanta, 707",Cedro,Centro,"Jefferson Luciano Torres Jr.",982.48,Sim,18745,2025-08-06,12:29:00,2025-08-01,"2026-08-17 13:39:39","2026-08-17 13:39:39",-9025.17,Sim,Não,Presente,C9E246B810BF,NULL,NULL,622,2025-08-06,"Arroz, feijão, carne cozida com batatas e salada",2,Almoço,05:00:00,11:20:00,1,"Campus Cedro",7029,4,NULL,622,153.49,NULL,NULL,NULL,NULL,NULL,NULL
341,"Adriano Allan Gil",17557848,Sim,2028-07-28,Não,Sim,Não,Sim,172,NULL,NULL,2,"Engenharia de Elétrica",EE,3,Noite,1,"Campus Cedro",Não,Não,Não,Não,Não,Não,NULL,83,"República Estudantil de Cedro83","R. Samanta, 707",Cedro,Centro,"Jefferson Luciano Torres Jr.",982.48,Sim,18744,2025-08-05,11:55:00,2025-08-05,"2026-08-17 13:39:39","2026-08-17 13:39:39",-9049.73,Sim,Não,Presente,CD041B5083F6,NULL,NULL,618,2025-08-05,"Arroz, feijão, frango ao molho, farofa e salada",2,Almoço,05:00:00,11:20:00,1,"Campus Cedro",7028,4,"Ausência justificada pelo estudante",618,102.87,NULL,NULL,NULL,NULL,NULL,NULL
341,"Adriano Allan Gil",17557848,Sim,2028-07-28,Não,Sim,Não,Sim,172,NULL,NULL,2,"Engenharia de Elétrica",EE,3,Noite,1,"Campus Cedro",Não,Não,Não,Não,Não,Não,NULL,83,"República Estudantil de Cedro83","R. Samanta, 707",Cedro,Centro,"Jefferson Luciano Torres Jr.",982.48,Sim,18743,2025-07-21,15:17:00,2025-07-21,"2026-08-17 13:39:39","2026-08-17 13:39:39",-9406.37,Sim,Não,Presente,9A4094F153A8,NULL,NULL,575,2025-07-21,"Tapioca com queijo e suco",3,"Lanche da Tarde",05:00:00,14:50:00,1,"Campus Cedro",NULL,NULL,NULL,575,12.16,NULL,NULL,NULL,NULL,NULL,NULL
341,"Adriano Allan Gil",17557848,Sim,2028-07-28,Não,Sim,Não,Sim,172,NULL,NULL,2,"Engenharia de Elétrica",EE,3,Noite,1,"Campus Cedro",Não,Não,Não,Não,Não,Não,NULL,83,"República Estudantil de Cedro83","R. Samanta, 707",Cedro,Centro,"Jefferson Luciano Torres Jr.",982.48,Sim,18742,2025-07-10,07:23:00,2025-07-07,"2026-08-17 13:39:39","2026-08-17 13:39:39",-9678.27,Sim,Não,Presente,1D9625145C31,NULL,NULL,545,2025-07-10,"Cuscuz com frango e suco de manga",1,"Lanche da Manhã",05:00:00,08:00:00,1,"Campus Cedro",NULL,NULL,NULL,545,8.36,NULL,NULL,NULL,NULL,NULL,NULL
341,"Adriano Allan Gil",17557848,Sim,2028-07-28,Não,Sim,Não,Sim,172,NULL,NULL,2,"Engenharia de Elétrica",EE,3,Noite,1,"Campus Cedro",Não,Não,Não,Não,Não,Não,NULL,83,"República Estudantil de Cedro83","R. Samanta, 707",Cedro,Centro,"Jefferson Luciano Torres Jr.",982.48,Sim,18741,2025-07-08,19:00:00,2025-07-03,"2026-08-17 13:39:39","2026-08-17 13:39:39",-9714.65,Sim,Não,Presente,575BE184F101,NULL,NULL,540,2025-07-08,"Risoto cremoso",4,"Lanche da Noite",05:00:00,19:50:00,1,"Campus Cedro",NULL,NULL,NULL,540,19.31,NULL,NULL,NULL,NULL,NULL,NULL
341,"Adriano Allan Gil",17557848,Sim,2028-07-28,Não,Sim,Não,Sim,172,NULL,NULL,2,"Engenharia de Elétrica",EE,3,Noite,1,"Campus Cedro",Não,Não,Não,Não,Não,Não,NULL,83,"República Estudantil de Cedro83","R. Samanta, 707",Cedro,Centro,"Jefferson Luciano Torres Jr.",982.48,Sim,18739,2025-07-07,07:38:00,2025-07-05,"2026-08-17 13:39:39","2026-08-17 13:39:39",-9750.02,Sim,Não,Presente,23EB39150E5F,NULL,NULL,533,2025-07-07,"Tapioca com frango e suco",1,"Lanche da Manhã",05:00:00,08:00:00,1,"Campus Cedro",NULL,NULL,NULL,533,7.30,NULL,NULL,NULL,NULL,NULL,NULL
341,"Adriano Allan Gil",17557848,Sim,2028-07-28,Não,Sim,Não,Sim,172,NULL,NULL,2,"Engenharia de Elétrica",EE,3,Noite,1,"Campus Cedro",Não,Não,Não,Não,Não,Não,NULL,83,"República Estudantil de Cedro83","R. Samanta, 707",Cedro,Centro,"Jefferson Luciano Torres Jr.",982.48,Sim,18740,2025-07-07,20:11:00,2025-07-03,"2026-08-17 13:39:39","2026-08-17 13:39:39",-9737.47,Sim,Não,Presente,35A0D0BE84E6,NULL,NULL,536,2025-07-07,"Bolo de milho com suco",4,"Lanche da Noite",05:00:00,19:50:00,1,"Campus Cedro",NULL,NULL,NULL,536,16.81,NULL,NULL,NULL,NULL,NULL,NULL
341,"Adriano Allan Gil",17557848,Sim,2028-07-28,Não,Sim,Não,Sim,172,NULL,NULL,2,"Engenharia de Elétrica",EE,3,Noite,1,"Campus Cedro",Não,Não,Não,Não,Não,Não,NULL,83,"República Estudantil de Cedro83","R. Samanta, 707",Cedro,Centro,"Jefferson Luciano Torres Jr.",982.48,Sim,18738,2025-07-03,08:37:00,2025-07-03,"2026-08-17 13:39:39","2026-08-17 13:39:39",-9845.03,Sim,Não,Presente,53C18C4FAA86,NULL,NULL,525,2025-07-03,"Cuscuz com queijo e suco",1,"Lanche da Manhã",05:00:00,08:00:00,1,"Campus Cedro",NULL,NULL,NULL,525,8.16,NULL,NULL,NULL,NULL,NULL,NULL
341,"Adriano Allan Gil",17557848,Sim,2028-07-28,Não,Sim,Não,Sim,172,NULL,NULL,2,"Engenharia de Elétrica",EE,3,Noite,1,"Campus Cedro",Não,Não,Não,Não,Não,Não,NULL,83,"República Estudantil de Cedro83","R. Samanta, 707",Cedro,Centro,"Jefferson Luciano Torres Jr.",982.48,Sim,18737,2025-06-30,12:38:00,2025-06-27,"2026-08-17 13:39:39","2026-08-17 13:39:39",-9913.02,Sim,Não,Presente,2AA5BC7982A8,NULL,NULL,514,2025-06-30,"Arroz, feijão, frango ensopado, farofa e salada",2,Almoço,05:00:00,11:20:00,1,"Campus Cedro",7027,5,NULL,514,99.85,NULL,NULL,NULL,NULL,NULL,NULL
341,"Adriano Allan Gil",17557848,Sim,2028-07-28,Não,Sim,Não,Sim,172,NULL,NULL,2,"Engenharia de Elétrica",EE,3,Noite,1,"Campus Cedro",Não,Não,Não,Não,Não,Não,NULL,83,"República Estudantil de Cedro83","R. Samanta, 707",Cedro,Centro,"Jefferson Luciano Torres Jr.",982.48,Sim,18736,2025-06-24,11:22:00,2025-06-21,"2026-08-17 13:39:39","2026-08-17 13:39:39",-10058.28,Sim,Não,Presente,F3F363498F01,NULL,NULL,498,2025-06-24,"Arroz, feijão, frango assado, farofa e salada",2,Almoço,05:00:00,11:20:00,1,"Campus Cedro",NULL,NULL,NULL,498,106.78,NULL,NULL,NULL,NULL,NULL,NULL
341,"Adriano Allan Gil",17557848,Sim,2028-07-28,Não,Sim,Não,Sim,172,NULL,NULL,2,"Engenharia de Elétrica",EE,3,Noite,1,"Campus Cedro",Não,Não,Não,Não,Não,Não,NULL,83,"República Estudantil de Cedro83","R. Samanta, 707",Cedro,Centro,"Jefferson Luciano Torres Jr.",982.48,Sim,18735,2025-06-20,08:43:00,2025-06-19,"2026-08-17 13:39:39","2026-08-17 13:39:39",-10156.93,Sim,Não,Presente,4D443A8944BB,NULL,NULL,489,2025-06-20,"Cuscuz com frango e suco de manga",1,"Lanche da Manhã",05:00:00,08:00:00,1,"Campus Cedro",NULL,NULL,NULL,489,9.11,NULL,NULL,NULL,NULL,NULL,NULL
341,"Adriano Allan Gil",17557848,Sim,2028-07-28,Não,Sim,Não,Sim,172,NULL,NULL,2,"Engenharia de Elétrica",EE,3,Noite,1,"Campus Cedro",Não,Não,Não,Não,Não,Não,NULL,83,"República Estudantil de Cedro83","R. Samanta, 707",Cedro,Centro,"Jefferson Luciano Torres Jr.",982.48,Sim,18734,2025-06-05,07:04:00,2025-06-01,"2026-08-17 13:39:39","2026-08-17 13:39:39",-10518.58,Sim,Não,Presente,E5C17C4727EB,NULL,NULL,445,2025-06-05,"Cuscuz com frango e suco de manga",1,"Lanche da Manhã",05:00:00,08:00:00,1,"Campus Cedro",7026,4,NULL,445,6.89,NULL,NULL,NULL,NULL,NULL,NULL
341,"Adriano Allan Gil",17557848,Sim,2028-07-28,Não,Sim,Não,Sim,172,NULL,NULL,2,"Engenharia de Elétrica",EE,3,Noite,1,"Campus Cedro",Não,Não,Não,Não,Não,Não,NULL,83,"República Estudantil de Cedro83","R. Samanta, 707",Cedro,Centro,"Jefferson Luciano Torres Jr.",982.48,Sim,18732,2025-05-30,07:44:00,2025-05-28,"2026-08-17 13:39:39","2026-08-17 13:39:39",-10661.92,Sim,Não,Presente,6F58F0300537,NULL,NULL,429,2025-05-30,"Tapioca com frango e suco",1,"Lanche da Manhã",05:00:00,08:00:00,1,"Campus Cedro",7024,2,NULL,429,8.51,NULL,NULL,NULL,NULL,NULL,NULL
341,"Adriano Allan Gil",17557848,Sim,2028-07-28,Não,Sim,Não,Sim,172,NULL,NULL,2,"Engenharia de Elétrica",EE,3,Noite,1,"Campus Cedro",Não,Não,Não,Não,Não,Não,NULL,83,"República Estudantil de Cedro83","R. Samanta, 707",Cedro,Centro,"Jefferson Luciano Torres Jr.",982.48,Sim,18733,2025-05-30,11:04:00,2025-05-27,"2026-08-17 13:39:39","2026-08-17 13:39:39",-10658.58,Sim,Não,Presente,9AD6277FCE6B,NULL,NULL,430,2025-05-30,"Arroz, feijão, peixe ao molho, legumes e salada",2,Almoço,05:00:00,11:20:00,1,"Campus Cedro",7025,3,NULL,430,132.83,NULL,NULL,NULL,NULL,NULL,NULL
341,"Adriano Allan Gil",17557848,Sim,2028-07-28,Não,Sim,Não,Sim,172,NULL,NULL,2,"Engenharia de Elétrica",EE,3,Noite,1,"Campus Cedro",Não,Não,Não,Não,Não,Não,NULL,83,"República Estudantil de Cedro83","R. Samanta, 707",Cedro,Centro,"Jefferson Luciano Torres Jr.",982.48,Sim,18731,2025-05-29,08:33:00,2025-05-28,"2026-08-17 13:39:39","2026-08-17 13:39:39",-10685.10,Sim,Não,Presente,E0170D921359,NULL,NULL,425,2025-05-29,"Bolo de milho com suco de goiaba",1,"Lanche da Manhã",05:00:00,08:00:00,1,"Campus Cedro",7023,2,NULL,425,7.22,NULL,NULL,NULL,NULL,NULL,NULL
341,"Adriano Allan Gil",17557848,Sim,2028-07-28,Não,Sim,Não,Sim,172,NULL,NULL,2,"Engenharia de Elétrica",EE,3,Noite,1,"Campus Cedro",Não,Não,Não,Não,Não,Não,NULL,83,"República Estudantil de Cedro83","R. Samanta, 707",Cedro,Centro,"Jefferson Luciano Torres Jr.",982.48,Sim,18730,2025-05-27,19:46:00,2025-05-25,"2026-08-17 13:39:39","2026-08-17 13:39:39",-10721.88,Não,Sim,Cancelada,E354BB0A6CD6,NULL,NULL,420,2025-05-27,"Risoto cremoso",4,"Lanche da Noite",05:00:00,19:50:00,1,"Campus Cedro",NULL,NULL,NULL,420,21.28,NULL,NULL,NULL,NULL,NULL,NULL
341,"Adriano Allan Gil",17557848,Sim,2028-07-28,Não,Sim,Não,Sim,172,NULL,NULL,2,"Engenharia de Elétrica",EE,3,Noite,1,"Campus Cedro",Não,Não,Não,Não,Não,Não,NULL,83,"República Estudantil de Cedro83","R. Samanta, 707",Cedro,Centro,"Jefferson Luciano Torres Jr.",982.48,Sim,18729,2025-05-23,07:54:00,2025-05-18,"2026-08-17 13:39:39","2026-08-17 13:39:39",-10829.75,Sim,Não,Presente,FA269B4FBE86,NULL,NULL,409,2025-05-23,"Pão com frango desfiado e suco",1,"Lanche da Manhã",05:00:00,08:00:00,1,"Campus Cedro",NULL,NULL,NULL,409,11.19,NULL,NULL,NULL,NULL,NULL,NULL
341,"Adriano Allan Gil",17557848,Sim,2028-07-28,Não,Sim,Não,Sim,172,NULL,NULL,2,"Engenharia de Elétrica",EE,3,Noite,1,"Campus Cedro",Não,Não,Não,Não,Não,Não,NULL,83,"República Estudantil de Cedro83","R. Samanta, 707",Cedro,Centro,"Jefferson Luciano Torres Jr.",982.48,Sim,18728,2025-05-12,08:31:00,2025-05-11,"2026-08-17 13:39:39","2026-08-17 13:39:39",-11093.13,Sim,Não,Presente,16C7313F832B,NULL,NULL,373,2025-05-12,"Cuscuz com frango e suco de manga",1,"Lanche da Manhã",05:00:00,08:00:00,1,"Campus Cedro",NULL,NULL,NULL,373,10.74,NULL,NULL,NULL,NULL,NULL,NULL
341,"Adriano Allan Gil",17557848,Sim,2028-07-28,Não,Sim,Não,Sim,172,NULL,NULL,2,"Engenharia de Elétrica",EE,3,Noite,1,"Campus Cedro",Não,Não,Não,Não,Não,Não,NULL,83,"República Estudantil de Cedro83","R. Samanta, 707",Cedro,Centro,"Jefferson Luciano Torres Jr.",982.48,Sim,18727,2025-05-07,08:03:00,2025-05-06,"2026-08-17 13:39:39","2026-08-17 13:39:39",-11213.60,Não,Sim,Cancelada,716747B012AD,NULL,NULL,361,2025-05-07,"Bolo de macaxeira com café",1,"Lanche da Manhã",05:00:00,08:00:00,1,"Campus Cedro",NULL,NULL,NULL,361,7.89,NULL,NULL,NULL,NULL,NULL,NULL
341,"Adriano Allan Gil",17557848,Sim,2028-07-28,Não,Sim,Não,Sim,172,NULL,NULL,2,"Engenharia de Elétrica",EE,3,Noite,1,"Campus Cedro",Não,Não,Não,Não,Não,Não,NULL,83,"República Estudantil de Cedro83","R. Samanta, 707",Cedro,Centro,"Jefferson Luciano Torres Jr.",982.48,Sim,18726,2025-04-23,11:15:00,2025-04-22,"2026-08-17 13:39:39","2026-08-17 13:39:39",-11546.40,Sim,Não,Presente,2F78C48E2673,NULL,NULL,322,2025-04-23,"Arroz, feijão, frango assado, macarrão e salada",2,Almoço,05:00:00,11:20:00,1,"Campus Cedro",7022,3,NULL,322,134.14,NULL,NULL,NULL,NULL,NULL,NULL
341,"Adriano Allan Gil",17557848,Sim,2028-07-28,Não,Sim,Não,Sim,172,NULL,NULL,2,"Engenharia de Elétrica",EE,3,Noite,1,"Campus Cedro",Não,Não,Não,Não,Não,Não,NULL,83,"República Estudantil de Cedro83","R. Samanta, 707",Cedro,Centro,"Jefferson Luciano Torres Jr.",982.48,Sim,18725,2025-04-22,15:00:00,2025-04-21,"2026-08-17 13:39:39","2026-08-17 13:39:39",-11566.65,Sim,Não,Presente,5C7879790EF0,NULL,NULL,319,2025-04-22,"Risoto cremoso",3,"Lanche da Tarde",05:00:00,14:50:00,1,"Campus Cedro",NULL,NULL,NULL,319,16.11,NULL,NULL,NULL,NULL,NULL,NULL
341,"Adriano Allan Gil",17557848,Sim,2028-07-28,Não,Sim,Não,Sim,172,NULL,NULL,2,"Engenharia de Elétrica",EE,3,Noite,1,"Campus Cedro",Não,Não,Não,Não,Não,Não,NULL,83,"República Estudantil de Cedro83","R. Samanta, 707",Cedro,Centro,"Jefferson Luciano Torres Jr.",982.48,Sim,18724,2025-04-16,15:39:00,2025-04-16,"2026-08-17 13:39:39","2026-08-17 13:39:39",-11710.00,Sim,Não,Presente,2868F1B71151,NULL,NULL,303,2025-04-16,"Cuscuz de frango com suco de goiaba",3,"Lanche da Tarde",05:00:00,14:50:00,1,"Campus Cedro",7021,4,NULL,303,15.83,NULL,NULL,NULL,NULL,NULL,NULL
341,"Adriano Allan Gil",17557848,Sim,2028-07-28,Não,Sim,Não,Sim,172,NULL,NULL,2,"Engenharia de Elétrica",EE,3,Noite,1,"Campus Cedro",Não,Não,Não,Não,Não,Não,NULL,83,"República Estudantil de Cedro83","R. Samanta, 707",Cedro,Centro,"Jefferson Luciano Torres Jr.",982.48,Sim,18723,2025-04-03,16:14:00,2025-03-29,"2026-08-17 13:39:39","2026-08-17 13:39:39",-12021.42,Sim,Não,Presente,92512CCF7985,NULL,NULL,267,2025-04-03,"Tapioca de frango com suco",3,"Lanche da Tarde",05:00:00,14:50:00,1,"Campus Cedro",NULL,NULL,NULL,267,10.50,NULL,NULL,NULL,NULL,NULL,NULL
341,"Adriano Allan Gil",17557848,Sim,2028-07-28,Não,Sim,Não,Sim,172,NULL,NULL,2,"Engenharia de Elétrica",EE,3,Noite,1,"Campus Cedro",Não,Não,Não,Não,Não,Não,NULL,83,"República Estudantil de Cedro83","R. Samanta, 707",Cedro,Centro,"Jefferson Luciano Torres Jr.",982.48,Sim,18722,2025-04-02,07:31:00,2025-03-30,"2026-08-17 13:39:39","2026-08-17 13:39:39",-12054.13,Sim,Não,Presente,336B0131FE70,NULL,NULL,261,2025-04-02,"Cuscuz com frango e suco de manga",1,"Lanche da Manhã",05:00:00,08:00:00,1,"Campus Cedro",NULL,NULL,NULL,261,7.32,NULL,NULL,NULL,NULL,NULL,NULL
341,"Adriano Allan Gil",17557848,Sim,2028-07-28,Não,Sim,Não,Sim,172,NULL,NULL,2,"Engenharia de Elétrica",EE,3,Noite,1,"Campus Cedro",Não,Não,Não,Não,Não,Não,NULL,83,"República Estudantil de Cedro83","R. Samanta, 707",Cedro,Centro,"Jefferson Luciano Torres Jr.",982.48,Sim,18721,2025-03-17,19:22:00,2025-03-12,"2026-08-17 13:39:39","2026-08-17 13:39:39",-12426.28,Não,Não,Ausente,A34266F96D65,"Imprevisto pessoal",NULL,216,2025-03-17,"Sanduíche de frango com suco",4,"Lanche da Noite",05:00:00,19:50:00,1,"Campus Cedro",NULL,NULL,NULL,216,21.58,NULL,NULL,NULL,NULL,NULL,NULL
341,"Adriano Allan Gil",17557848,Sim,2028-07-28,Não,Sim,Não,Sim,172,NULL,NULL,2,"Engenharia de Elétrica",EE,3,Noite,1,"Campus Cedro",Não,Não,Não,Não,Não,Não,NULL,83,"República Estudantil de Cedro83","R. Samanta, 707",Cedro,Centro,"Jefferson Luciano Torres Jr.",982.48,Sim,18720,2025-03-04,08:34:00,2025-02-27,"2026-08-17 13:39:39","2026-08-17 13:39:39",-12749.08,Sim,Não,Presente,05CF8DF03EDA,NULL,NULL,177,2025-03-04,"Pão com ovo e suco de frutas",1,"Lanche da Manhã",05:00:00,08:00:00,1,"Campus Cedro",NULL,NULL,NULL,177,7.89,NULL,NULL,NULL,NULL,NULL,NULL
341,"Adriano Allan Gil",17557848,Sim,2028-07-28,Não,Sim,Não,Sim,172,NULL,NULL,2,"Engenharia de Elétrica",EE,3,Noite,1,"Campus Cedro",Não,Não,Não,Não,Não,Não,NULL,83,"República Estudantil de Cedro83","R. Samanta, 707",Cedro,Centro,"Jefferson Luciano Torres Jr.",982.48,Sim,18719,2025-02-27,15:08:00,2025-02-23,"2026-08-17 13:39:39","2026-08-17 13:39:39",-12862.52,Sim,Não,Presente,C4626FE6F911,NULL,NULL,167,2025-02-27,"Risoto cremoso",3,"Lanche da Tarde",05:00:00,14:50:00,1,"Campus Cedro",NULL,NULL,NULL,167,18.82,NULL,NULL,NULL,NULL,NULL,NULL
341,"Adriano Allan Gil",17557848,Sim,2028-07-28,Não,Sim,Não,Sim,172,NULL,NULL,2,"Engenharia de Elétrica",EE,3,Noite,1,"Campus Cedro",Não,Não,Não,Não,Não,Não,NULL,83,"República Estudantil de Cedro83","R. Samanta, 707",Cedro,Centro,"Jefferson Luciano Torres Jr.",982.48,Sim,18718,2025-02-24,12:35:00,2025-02-24,"2026-08-17 13:39:39","2026-08-17 13:39:39",-12937.07,Sim,Não,Presente,F9A79F04CD54,NULL,NULL,154,2025-02-24,"Arroz, feijão, frango com legumes, macarrão e salada",2,Almoço,05:00:00,11:20:00,1,"Campus Cedro",7020,3,NULL,154,117.83,NULL,NULL,NULL,NULL,NULL,NULL
341,"Adriano Allan Gil",17557848,Sim,2028-07-28,Não,Sim,Não,Sim,172,NULL,NULL,2,"Engenharia de Elétrica",EE,3,Noite,1,"Campus Cedro",Não,Não,Não,Não,Não,Não,NULL,83,"República Estudantil de Cedro83","R. Samanta, 707",Cedro,Centro,"Jefferson Luciano Torres Jr.",982.48,Sim,18717,2025-02-19,16:05:00,2025-02-15,"2026-08-17 13:39:39","2026-08-17 13:39:39",-13053.57,Sim,Não,Presente,1ABA32822115,NULL,NULL,143,2025-02-19,"Bolo de macaxeira com suco",3,"Lanche da Tarde",05:00:00,14:50:00,1,"Campus Cedro",7019,4,NULL,143,14.55,NULL,NULL,NULL,NULL,NULL,NULL
341,"Adriano Allan Gil",17557848,Sim,2028-07-28,Não,Sim,Não,Sim,172,NULL,NULL,2,"Engenharia de Elétrica",EE,3,Noite,1,"Campus Cedro",Não,Não,Não,Não,Não,Não,NULL,83,"República Estudantil de Cedro83","R. Samanta, 707",Cedro,Centro,"Jefferson Luciano Torres Jr.",982.48,Sim,18716,2025-01-31,15:19:00,2025-01-27,"2026-08-17 13:39:39","2026-08-17 13:39:39",-13510.33,Sim,Não,Presente,057126B28D01,NULL,NULL,91,2025-01-31,"Pão com frango desfiado e suco",3,"Lanche da Tarde",05:00:00,14:50:00,1,"Campus Cedro",NULL,NULL,NULL,91,11.10,NULL,NULL,NULL,NULL,NULL,NULL
341,"Adriano Allan Gil",17557848,Sim,2028-07-28,Não,Sim,Não,Sim,172,NULL,NULL,2,"Engenharia de Elétrica",EE,3,Noite,1,"Campus Cedro",Não,Não,Não,Não,Não,Não,NULL,83,"República Estudantil de Cedro83","R. Samanta, 707",Cedro,Centro,"Jefferson Luciano Torres Jr.",982.48,Sim,18715,2025-01-23,08:50:00,2025-01-23,"2026-08-17 13:39:39","2026-08-17 13:39:39",-13708.82,Sim,Não,Presente,D5E7C1CE0AF5,NULL,NULL,65,2025-01-23,"Pão com ovo e suco de frutas",1,"Lanche da Manhã",05:00:00,08:00:00,1,"Campus Cedro",NULL,NULL,NULL,65,6.92,NULL,NULL,NULL,NULL,NULL,NULL
341,"Adriano Allan Gil",17557848,Sim,2028-07-28,Não,Sim,Não,Sim,172,NULL,NULL,2,"Engenharia de Elétrica",EE,3,Noite,1,"Campus Cedro",Não,Não,Não,Não,Não,Não,NULL,83,"República Estudantil de Cedro83","R. Samanta, 707",Cedro,Centro,"Jefferson Luciano Torres Jr.",982.48,Sim,18714,2025-01-21,14:09:00,2025-01-20,"2026-08-17 13:39:39","2026-08-17 13:39:39",-13751.50,Sim,Não,Presente,48AF314DD123,NULL,NULL,59,2025-01-21,"Sanduíche de frango com suco",3,"Lanche da Tarde",05:00:00,14:50:00,1,"Campus Cedro",7018,4,"Compromisso acadêmico",59,11.19,NULL,NULL,NULL,NULL,NULL,NULL
341,"Adriano Allan Gil",17557848,Sim,2028-07-28,Não,Sim,Não,Sim,172,NULL,NULL,2,"Engenharia de Elétrica",EE,3,Noite,1,"Campus Cedro",Não,Não,Não,Não,Não,Não,NULL,83,"República Estudantil de Cedro83","R. Samanta, 707",Cedro,Centro,"Jefferson Luciano Torres Jr.",982.48,Sim,18713,2025-01-20,20:38:00,2025-01-15,"2026-08-17 13:39:39","2026-08-17 13:39:39",-13769.02,Sim,Não,Presente,C0915CE17008,NULL,NULL,56,2025-01-20,"Canja de frango",4,"Lanche da Noite",05:00:00,19:50:00,1,"Campus Cedro",7017,5,NULL,56,20.74,NULL,NULL,NULL,NULL,NULL,NULL
341,"Adriano Allan Gil",17557848,Sim,2028-07-28,Não,Sim,Não,Sim,172,NULL,NULL,2,"Engenharia de Elétrica",EE,3,Noite,1,"Campus Cedro",Não,Não,Não,Não,Não,Não,NULL,83,"República Estudantil de Cedro83","R. Samanta, 707",Cedro,Centro,"Jefferson Luciano Torres Jr.",982.48,Sim,18712,2025-01-09,11:10:00,2025-01-05,"2026-08-17 13:39:39","2026-08-17 13:39:39",-14042.48,Sim,Não,Presente,ADB0B7D66E4B,NULL,NULL,26,2025-01-09,"Arroz, feijão, carne de panela, purê e salada",2,Almoço,05:00:00,11:20:00,1,"Campus Cedro",7016,3,NULL,26,103.36,NULL,NULL,NULL,NULL,NULL,NULL
341,"Adriano Allan Gil",17557848,Sim,2028-07-28,Não,Sim,Não,Sim,172,NULL,NULL,2,"Engenharia de Elétrica",EE,3,Noite,1,"Campus Cedro",Não,Não,Não,Não,Não,Não,NULL,83,"República Estudantil de Cedro83","R. Samanta, 707",Cedro,Centro,"Jefferson Luciano Torres Jr.",982.48,Sim,18711,2025-01-06,20:41:00,2025-01-06,"2026-08-17 13:39:39","2026-08-17 13:39:39",-14104.97,Sim,Não,Presente,78AC7260CEF7,NULL,NULL,16,2025-01-06,"Cuscuz com carne moída",4,"Lanche da Noite",05:00:00,19:50:00,1,"Campus Cedro",7015,5,NULL,16,14.35,NULL,NULL,NULL,NULL,NULL,NULL
341,"Adriano Allan Gil",17557848,Sim,2028-07-28,Não,Sim,Não,Sim,172,NULL,NULL,2,"Engenharia de Elétrica",EE,3,Noite,1,"Campus Cedro",Não,Não,Não,Não,Não,Não,NULL,83,"República Estudantil de Cedro83","R. Samanta, 707",Cedro,Centro,"Jefferson Luciano Torres Jr.",982.48,Sim,18710,2025-01-03,12:09:00,2025-01-02,"2026-08-17 13:39:39","2026-08-17 13:39:39",-14185.50,Sim,Não,Presente,C6EDD2509B80,NULL,NULL,10,2025-01-03,"Arroz, feijão, frango ao molho, purê e legumes",2,Almoço,05:00:00,11:20:00,1,"Campus Cedro",7014,4,NULL,10,84.70,NULL,NULL,NULL,NULL,NULL,NULL
341,"Adriano Allan Gil",17557848,Sim,2028-07-28,Não,Sim,Não,Sim,172,NULL,NULL,2,"Engenharia de Elétrica",EE,3,Noite,1,"Campus Cedro",Não,Não,Não,Não,Não,Não,NULL,83,"República Estudantil de Cedro83","R. Samanta, 707",Cedro,Centro,"Jefferson Luciano Torres Jr.",982.48,Sim,18709,2025-01-01,07:26:00,2024-12-29,"2026-08-17 13:39:39","2026-08-17 13:39:39",-14238.22,Sim,Não,Presente,E22AE1A8B97F,NULL,NULL,1,2025-01-01,"Cuscuz com queijo e suco",1,"Lanche da Manhã",05:00:00,08:00:00,1,"Campus Cedro",NULL,NULL,NULL,1,8.18,NULL,NULL,NULL,NULL,NULL,NULL
1067,"Adriano Galhardo",71184727,Sim,2026-09-02,Não,Não,Não,Sim,NULL,NULL,NULL,4,"Licenciatura em Matemática",MAT,2,Tarde,1,"Campus Cedro",Não,Não,Não,Não,Não,Não,NULL,NULL,NULL,NULL,NULL,NULL,NULL,NULL,Não,58380,2026-05-27,11:12:00,2026-05-25,"2026-08-17 13:39:45","2026-08-17 13:39:45",-1970.45,Sim,Não,Presente,510657E51C0B,NULL,NULL,1462,2026-05-27,"Arroz, feijão, frango assado, macarrão e salada",2,Almoço,05:00:00,11:20:00,1,"Campus Cedro",21944,5,NULL,1462,105.46,NULL,NULL,NULL,NULL,NULL,NULL
1067,"Adriano Galhardo",71184727,Sim,2026-09-02,Não,Não,Não,Sim,NULL,NULL,NULL,4,"Licenciatura em Matemática",MAT,2,Tarde,1,"Campus Cedro",Não,Não,Não,Não,Não,Não,NULL,NULL,NULL,NULL,NULL,NULL,NULL,NULL,Não,58379,2026-05-12,19:24:00,2026-05-09,"2026-08-17 13:39:45","2026-08-17 13:39:45",-2322.25,Sim,Não,Presente,6C44559883DD,NULL,NULL,1420,2026-05-12,"Cuscuz com carne moída",4,"Lanche da Noite",05:00:00,19:50:00,1,"Campus Cedro",NULL,NULL,NULL,1420,20.14,NULL,NULL,NULL,NULL,NULL,NULL
1067,"Adriano Galhardo",71184727,Sim,2026-09-02,Não,Não,Não,Sim,NULL,NULL,NULL,4,"Licenciatura em Matemática",MAT,2,Tarde,1,"Campus Cedro",Não,Não,Não,Não,Não,Não,NULL,NULL,NULL,NULL,NULL,NULL,NULL,NULL,Não,58378,2026-04-29,15:25:00,2026-04-28,"2026-08-17 13:39:45","2026-08-17 13:39:45",-2638.23,Sim,Não,Presente,50FF5DACCB5F,NULL,NULL,1383,2026-04-29,"Bolo de macaxeira com suco",3,"Lanche da Tarde",05:00:00,14:50:00,1,"Campus Cedro",NULL,NULL,NULL,1383,10.09,NULL,NULL,NULL,NULL,NULL,NULL
1067,"Adriano Galhardo",71184727,Sim,2026-09-02,Não,Não,Não,Sim,NULL,NULL,NULL,4,"Licenciatura em Matemática",MAT,2,Tarde,1,"Campus Cedro",Não,Não,Não,Não,Não,Não,NULL,NULL,NULL,NULL,NULL,NULL,NULL,NULL,Não,58377,2026-01-22,08:46:00,2026-01-22,"2026-08-17 13:39:45","2026-08-17 13:39:45",-4972.88,Sim,Não,Presente,6440D179EF71,NULL,NULL,1105,2026-01-22,"Cuscuz com queijo e suco",1,"Lanche da Manhã",05:00:00,08:00:00,1,"Campus Cedro",NULL,NULL,NULL,1105,9.02,NULL,NULL,NULL,NULL,NULL,NULL
1067,"Adriano Galhardo",71184727,Sim,2026-09-02,Não,Não,Não,Sim,NULL,NULL,NULL,4,"Licenciatura em Matemática",MAT,2,Tarde,1,"Campus Cedro",Não,Não,Não,Não,Não,Não,NULL,NULL,NULL,NULL,NULL,NULL,NULL,NULL,Não,58376,2026-01-09,12:47:00,2026-01-06,"2026-08-17 13:39:45","2026-08-17 13:39:45",-5280.87,Sim,Não,Presente,186CAB31EDB3,NULL,NULL,1070,2026-01-09,"Arroz, feijão, carne de panela, purê e salada",2,Almoço,05:00:00,11:20:00,1,"Campus Cedro",NULL,NULL,NULL,1070,95.81,NULL,NULL,NULL,NULL,NULL,NULL
1067,"Adriano Galhardo",71184727,Sim,2026-09-02,Não,Não,Não,Sim,NULL,NULL,NULL,4,"Licenciatura em Matemática",MAT,2,Tarde,1,"Campus Cedro",Não,Não,Não,Não,Não,Não,NULL,NULL,NULL,NULL,NULL,NULL,NULL,NULL,Não,58375,2026-01-06,11:47:00,2026-01-01,"2026-08-17 13:39:45","2026-08-17 13:39:45",-5353.87,Sim,Não,Presente,7E1079EE0E69,NULL,NULL,1058,2026-01-06,"Arroz, feijão, peixe assado, pirão e salada",2,Almoço,05:00:00,11:20:00,1,"Campus Cedro",21943,3,"Atividade acadêmica",1058,119.42,NULL,NULL,NULL,NULL,NULL,NULL
1067,"Adriano Galhardo",71184727,Sim,2026-09-02,Não,Não,Não,Sim,NULL,NULL,NULL,4,"Licenciatura em Matemática",MAT,2,Tarde,1,"Campus Cedro",Não,Não,Não,Não,Não,Não,NULL,NULL,NULL,NULL,NULL,NULL,NULL,NULL,Não,58374,2025-12-25,15:33:00,2025-12-23,"2026-08-17 13:39:45","2026-08-17 13:39:45",-5638.10,Sim,Não,Presente,E0E80D20BD22,NULL,NULL,1027,2025-12-25,"Risoto cremoso",3,"Lanche da Tarde",05:00:00,14:50:00,1,"Campus Cedro",21942,3,"Compromisso acadêmico",1027,18.15,NULL,NULL,NULL,NULL,NULL,NULL
1067,"Adriano Galhardo",71184727,Sim,2026-09-02,Não,Não,Não,Sim,NULL,NULL,NULL,4,"Licenciatura em Matemática",MAT,2,Tarde,1,"Campus Cedro",Não,Não,Não,Não,Não,Não,NULL,NULL,NULL,NULL,NULL,NULL,NULL,NULL,Não,58373,2025-12-12,08:51:00,2025-12-08,"2026-08-17 13:39:45","2026-08-17 13:39:45",-5956.80,Sim,Não,Presente,0B5BE8C30804,NULL,NULL,989,2025-12-12,"Risoto cremoso",1,"Lanche da Manhã",05:00:00,08:00:00,1,"Campus Cedro",21941,5,NULL,989,9.12,NULL,NULL,NULL,NULL,NULL,NULL
1067,"Adriano Galhardo",71184727,Sim,2026-09-02,Não,Não,Não,Sim,NULL,NULL,NULL,4,"Licenciatura em Matemática",MAT,2,Tarde,1,"Campus Cedro",Não,Não,Não,Não,Não,Não,NULL,NULL,NULL,NULL,NULL,NULL,NULL,NULL,Não,58372,2025-12-01,15:57:00,2025-11-27,"2026-08-17 13:39:45","2026-08-17 13:39:45",-6213.70,Sim,Não,Presente,223F2A761176,NULL,NULL,955,2025-12-01,"Bolo de milho com suco de manga",3,"Lanche da Tarde",05:00:00,14:50:00,1,"Campus Cedro",21940,4,NULL,955,12.43,NULL,NULL,NULL,NULL,NULL,NULL
1067,"Adriano Galhardo",71184727,Sim,2026-09-02,Não,Não,Não,Sim,NULL,NULL,NULL,4,"Licenciatura em Matemática",MAT,2,Tarde,1,"Campus Cedro",Não,Não,Não,Não,Não,Não,NULL,NULL,NULL,NULL,NULL,NULL,NULL,NULL,Não,58371,2025-11-28,08:26:00,2025-11-28,"2026-08-17 13:39:45","2026-08-17 13:39:45",-6293.22,Sim,Não,Presente,03AC271BE4B0,NULL,NULL,949,2025-11-28,"Bolo de milho com suco de goiaba",1,"Lanche da Manhã",05:00:00,08:00:00,1,"Campus Cedro",NULL,NULL,NULL,949,8.65,NULL,NULL,NULL,NULL,NULL,NULL
1067,"Adriano Galhardo",71184727,Sim,2026-09-02,Não,Não,Não,Sim,NULL,NULL,NULL,4,"Licenciatura em Matemática",MAT,2,Tarde,1,"Campus Cedro",Não,Não,Não,Não,Não,Não,NULL,NULL,NULL,NULL,NULL,NULL,NULL,NULL,Não,58370,2025-11-21,11:32:00,2025-11-19,"2026-08-17 13:39:45","2026-08-17 13:39:45",-6458.12,Sim,Não,Presente,9FD94A7FCBAF,NULL,NULL,930,2025-11-21,"Arroz, feijão, carne cozida, macarrão e salada",2,Almoço,05:00:00,11:20:00,1,"Campus Cedro",NULL,NULL,NULL,930,113.37,NULL,NULL,NULL,NULL,NULL,NULL
1067,"Adriano Galhardo",71184727,Sim,2026-09-02,Não,Não,Não,Sim,NULL,NULL,NULL,4,"Licenciatura em Matemática",MAT,2,Tarde,1,"Campus Cedro",Não,Não,Não,Não,Não,Não,NULL,NULL,NULL,NULL,NULL,NULL,NULL,NULL,Não,58369,2025-11-14,16:45:00,2025-11-13,"2026-08-17 13:39:45","2026-08-17 13:39:45",-6620.90,Sim,Não,Presente,E4434859F5E2,NULL,NULL,911,2025-11-14,"Cuscuz de frango com suco de goiaba",3,"Lanche da Tarde",05:00:00,14:50:00,1,"Campus Cedro",NULL,NULL,NULL,911,12.61,NULL,NULL,NULL,NULL,NULL,NULL
1067,"Adriano Galhardo",71184727,Sim,2026-09-02,Não,Não,Não,Sim,NULL,NULL,NULL,4,"Licenciatura em Matemática",MAT,2,Tarde,1,"Campus Cedro",Não,Não,Não,Não,Não,Não,NULL,NULL,NULL,NULL,NULL,NULL,NULL,NULL,Não,58368,2025-11-10,21:31:00,2025-11-08,"2026-08-17 13:39:45","2026-08-17 13:39:45",-6712.13,Sim,Não,Presente,A017F61BB63F,NULL,NULL,896,2025-11-10,"Bolo de milho com suco",4,"Lanche da Noite",05:00:00,19:50:00,1,"Campus Cedro",21939,5,NULL,896,15.85,NULL,NULL,NULL,NULL,NULL,NULL
1067,"Adriano Galhardo",71184727,Sim,2026-09-02,Não,Não,Não,Sim,NULL,NULL,NULL,4,"Licenciatura em Matemática",MAT,2,Tarde,1,"Campus Cedro",Não,Não,Não,Não,Não,Não,NULL,NULL,NULL,NULL,NULL,NULL,NULL,NULL,Não,58367,2025-11-06,11:01:00,2025-11-06,"2026-08-17 13:39:45","2026-08-17 13:39:45",-6818.63,Sim,Não,Presente,4273F2BC25AC,NULL,NULL,886,2025-11-06,"Arroz, feijão, peixe assado, pirão e salada",2,Almoço,05:00:00,11:20:00,1,"Campus Cedro",NULL,NULL,NULL,886,119.90,NULL,NULL,NULL,NULL,NULL,NULL
1067,"Adriano Galhardo",71184727,Sim,2026-09-02,Não,Não,Não,Sim,NULL,NULL,NULL,4,"Licenciatura em Matemática",MAT,2,Tarde,1,"Campus Cedro",Não,Não,Não,Não,Não,Não,NULL,NULL,NULL,NULL,NULL,NULL,NULL,NULL,Não,58366,2025-09-29,16:14:00,2025-09-28,"2026-08-17 13:39:45","2026-08-17 13:39:45",-7725.42,Sim,Não,Presente,2E78A71CCF8A,NULL,NULL,775,2025-09-29,"Canja de frango",3,"Lanche da Tarde",05:00:00,14:50:00,1,"Campus Cedro",21938,4,"Compromisso acadêmico",775,15.37,NULL,NULL,NULL,NULL,NULL,NULL
1067,"Adriano Galhardo",71184727,Sim,2026-09-02,Não,Não,Não,Sim,NULL,NULL,NULL,4,"Licenciatura em Matemática",MAT,2,Tarde,1,"Campus Cedro",Não,Não,Não,Não,Não,Não,NULL,NULL,NULL,NULL,NULL,NULL,NULL,NULL,Não,58365,2025-09-25,14:16:00,2025-09-20,"2026-08-17 13:39:45","2026-08-17 13:39:45",-7823.38,Sim,Não,Presente,6FF9127B56D8,NULL,NULL,767,2025-09-25,"Cuscuz com queijo e suco",3,"Lanche da Tarde",05:00:00,14:50:00,1,"Campus Cedro",NULL,NULL,NULL,767,13.77,NULL,NULL,NULL,NULL,NULL,NULL
1067,"Adriano Galhardo",71184727,Sim,2026-09-02,Não,Não,Não,Sim,NULL,NULL,NULL,4,"Licenciatura em Matemática",MAT,2,Tarde,1,"Campus Cedro",Não,Não,Não,Não,Não,Não,NULL,NULL,NULL,NULL,NULL,NULL,NULL,NULL,Não,58363,2025-09-23,12:51:00,2025-09-20,"2026-08-17 13:39:45","2026-08-17 13:39:45",-7872.80,Sim,Não,Presente,2BAB0EA8EFBA,NULL,NULL,758,2025-09-23,"Arroz, feijão, frango grelhado, legumes e salada",2,Almoço,05:00:00,11:20:00,1,"Campus Cedro",21937,4,NULL,758,129.84,NULL,NULL,NULL,NULL,NULL,NULL
1067,"Adriano Galhardo",71184727,Sim,2026-09-02,Não,Não,Não,Sim,NULL,NULL,NULL,4,"Licenciatura em Matemática",MAT,2,Tarde,1,"Campus Cedro",Não,Não,Não,Não,Não,Não,NULL,NULL,NULL,NULL,NULL,NULL,NULL,NULL,Não,58364,2025-09-23,14:00:00,2025-09-20,"2026-08-17 13:39:45","2026-08-17 13:39:45",-7871.65,Sim,Não,Presente,9589D9CBBDC6,NULL,NULL,759,2025-09-23,"Sanduíche de frango com suco",3,"Lanche da Tarde",05:00:00,14:50:00,1,"Campus Cedro",NULL,NULL,NULL,759,12.82,NULL,NULL,NULL,NULL,NULL,NULL
1067,"Adriano Galhardo",71184727,Sim,2026-09-02,Não,Não,Não,Sim,NULL,NULL,NULL,4,"Licenciatura em Matemática",MAT,2,Tarde,1,"Campus Cedro",Não,Não,Não,Não,Não,Não,NULL,NULL,NULL,NULL,NULL,NULL,NULL,NULL,Não,58361,2025-09-08,07:33:00,2025-09-06,"2026-08-17 13:39:45","2026-08-17 13:39:45",-8238.10,Sim,Não,Presente,582391502344,NULL,NULL,713,2025-09-08,"Pão com frango desfiado e suco",1,"Lanche da Manhã",05:00:00,08:00:00,1,"Campus Cedro",21935,4,NULL,713,6.51,NULL,NULL,NULL,NULL,NULL,NULL
1067,"Adriano Galhardo",71184727,Sim,2026-09-02,Não,Não,Não,Sim,NULL,NULL,NULL,4,"Licenciatura em Matemática",MAT,2,Tarde,1,"Campus Cedro",Não,Não,Não,Não,Não,Não,NULL,NULL,NULL,NULL,NULL,NULL,NULL,NULL,Não,58362,2025-09-08,19:18:00,2025-09-03,"2026-08-17 13:39:45","2026-08-17 13:39:45",-8226.35,Sim,Não,Presente,5FEF6C2B0E60,NULL,NULL,716,2025-09-08,"Bolo de milho com suco",4,"Lanche da Noite",05:00:00,19:50:00,1,"Campus Cedro",21936,5,NULL,716,18.82,NULL,NULL,NULL,NULL,NULL,NULL
1067,"Adriano Galhardo",71184727,Sim,2026-09-02,Não,Não,Não,Sim,NULL,NULL,NULL,4,"Licenciatura em Matemática",MAT,2,Tarde,1,"Campus Cedro",Não,Não,Não,Não,Não,Não,NULL,NULL,NULL,NULL,NULL,NULL,NULL,NULL,Não,58360,2025-08-19,12:10:00,2025-08-16,"2026-08-17 13:39:45","2026-08-17 13:39:45",-8713.48,Sim,Não,Presente,B6128CE9EEB9,NULL,NULL,658,2025-08-19,"Arroz, feijão, carne de panela, arroz colorido e salada",2,Almoço,05:00:00,11:20:00,1,"Campus Cedro",21934,3,"Imprevisto pessoal",658,108.28,NULL,NULL,NULL,NULL,NULL,NULL
1067,"Adriano Galhardo",71184727,Sim,2026-09-02,Não,Não,Não,Sim,NULL,NULL,NULL,4,"Licenciatura em Matemática",MAT,2,Tarde,1,"Campus Cedro",Não,Não,Não,Não,Não,Não,NULL,NULL,NULL,NULL,NULL,NULL,NULL,NULL,Não,58359,2025-08-12,08:56:00,2025-08-07,"2026-08-17 13:39:45","2026-08-17 13:39:45",-8884.72,Sim,Não,Presente,3068FC641C6C,NULL,NULL,637,2025-08-12,"Cuscuz com queijo e suco",1,"Lanche da Manhã",05:00:00,08:00:00,1,"Campus Cedro",NULL,NULL,NULL,637,9.66,NULL,NULL,NULL,NULL,NULL,NULL
1067,"Adriano Galhardo",71184727,Sim,2026-09-02,Não,Não,Não,Sim,NULL,NULL,NULL,4,"Licenciatura em Matemática",MAT,2,Tarde,1,"Campus Cedro",Não,Não,Não,Não,Não,Não,NULL,NULL,NULL,NULL,NULL,NULL,NULL,NULL,Não,58358,2025-08-06,16:38:00,2025-08-02,"2026-08-17 13:39:45","2026-08-17 13:39:45",-9021.02,Não,Não,Ausente,8278F7A85E83,"Problema de saúde",NULL,623,2025-08-06,"Tapioca de frango com suco",3,"Lanche da Tarde",05:00:00,14:50:00,1,"Campus Cedro",NULL,NULL,NULL,623,10.68,NULL,NULL,NULL,NULL,NULL,NULL
1067,"Adriano Galhardo",71184727,Sim,2026-09-02,Não,Não,Não,Sim,NULL,NULL,NULL,4,"Licenciatura em Matemática",MAT,2,Tarde,1,"Campus Cedro",Não,Não,Não,Não,Não,Não,NULL,NULL,NULL,NULL,NULL,NULL,NULL,NULL,Não,58357,2025-07-24,08:49:00,2025-07-24,"2026-08-17 13:39:45","2026-08-17 13:39:45",-9340.83,Sim,Não,Presente,C595638275DE,NULL,NULL,585,2025-07-24,"Pão com ovo e suco de frutas",1,"Lanche da Manhã",05:00:00,08:00:00,1,"Campus Cedro",21933,5,NULL,585,8.40,NULL,NULL,NULL,NULL,NULL,NULL
1067,"Adriano Galhardo",71184727,Sim,2026-09-02,Não,Não,Não,Sim,NULL,NULL,NULL,4,"Licenciatura em Matemática",MAT,2,Tarde,1,"Campus Cedro",Não,Não,Não,Não,Não,Não,NULL,NULL,NULL,NULL,NULL,NULL,NULL,NULL,Não,58356,2025-07-18,12:54:00,2025-07-18,"2026-08-17 13:39:45","2026-08-17 13:39:45",-9480.75,Sim,Não,Presente,26C3116E1B98,NULL,NULL,570,2025-07-18,"Arroz, feijão, frango com legumes, macarrão e salada",2,Almoço,05:00:00,11:20:00,1,"Campus Cedro",NULL,NULL,NULL,570,92.71,NULL,NULL,NULL,NULL,NULL,NULL
1067,"Adriano Galhardo",71184727,Sim,2026-09-02,Não,Não,Não,Sim,NULL,NULL,NULL,4,"Licenciatura em Matemática",MAT,2,Tarde,1,"Campus Cedro",Não,Não,Não,Não,Não,Não,NULL,NULL,NULL,NULL,NULL,NULL,NULL,NULL,Não,58355,2025-07-15,20:09:00,2025-07-11,"2026-08-17 13:39:45","2026-08-17 13:39:45",-9545.50,Sim,Não,Presente,12F4CD6C3B64,NULL,NULL,560,2025-07-15,"Pão com frango desfiado e suco",4,"Lanche da Noite",05:00:00,19:50:00,1,"Campus Cedro",21932,3,NULL,560,17.17,NULL,NULL,NULL,NULL,NULL,NULL
1067,"Adriano Galhardo",71184727,Sim,2026-09-02,Não,Não,Não,Sim,NULL,NULL,NULL,4,"Licenciatura em Matemática",MAT,2,Tarde,1,"Campus Cedro",Não,Não,Não,Não,Não,Não,NULL,NULL,NULL,NULL,NULL,NULL,NULL,NULL,Não,58354,2025-07-09,20:04:00,2025-07-09,"2026-08-17 13:39:45","2026-08-17 13:39:45",-9689.58,Sim,Não,Presente,A021F0852D9B,NULL,NULL,544,2025-07-09,"Sanduíche de frango com suco",4,"Lanche da Noite",05:00:00,19:50:00,1,"Campus Cedro",NULL,NULL,NULL,544,18.72,NULL,NULL,NULL,NULL,NULL,NULL
1067,"Adriano Galhardo",71184727,Sim,2026-09-02,Não,Não,Não,Sim,NULL,NULL,NULL,4,"Licenciatura em Matemática",MAT,2,Tarde,1,"Campus Cedro",Não,Não,Não,Não,Não,Não,NULL,NULL,NULL,NULL,NULL,NULL,NULL,NULL,Não,58353,2025-06-23,16:29:00,2025-06-18,"2026-08-17 13:39:45","2026-08-17 13:39:45",-10077.17,Sim,Não,Presente,B68D22DB6272,NULL,NULL,495,2025-06-23,"Cuscuz com carne moída e suco",3,"Lanche da Tarde",05:00:00,14:50:00,1,"Campus Cedro",NULL,NULL,NULL,495,12.00,NULL,NULL,NULL,NULL,NULL,NULL
1067,"Adriano Galhardo",71184727,Sim,2026-09-02,Não,Não,Não,Sim,NULL,NULL,NULL,4,"Licenciatura em Matemática",MAT,2,Tarde,1,"Campus Cedro",Não,Não,Não,Não,Não,Não,NULL,NULL,NULL,NULL,NULL,NULL,NULL,NULL,Não,58352,2025-06-19,19:31:00,2025-06-16,"2026-08-17 13:39:45","2026-08-17 13:39:45",-10170.13,Não,Não,Ausente,FCAC3D680B2D,"Problema de saúde",NULL,488,2025-06-19,"Bolo de macaxeira com suco",4,"Lanche da Noite",05:00:00,19:50:00,1,"Campus Cedro",NULL,NULL,NULL,488,14.04,NULL,NULL,NULL,NULL,NULL,NULL
1067,"Adriano Galhardo",71184727,Sim,2026-09-02,Não,Não,Não,Sim,NULL,NULL,NULL,4,"Licenciatura em Matemática",MAT,2,Tarde,1,"Campus Cedro",Não,Não,Não,Não,Não,Não,NULL,NULL,NULL,NULL,NULL,NULL,NULL,NULL,Não,58351,2025-06-10,11:27:00,2025-06-08,"2026-08-17 13:39:45","2026-08-17 13:39:45",-10394.20,Sim,Não,Presente,9F2CE782D6D9,NULL,NULL,458,2025-06-10,"Arroz, feijão, peixe assado, pirão e salada",2,Almoço,05:00:00,11:20:00,1,"Campus Cedro",21931,5,NULL,458,131.19,NULL,NULL,NULL,NULL,NULL,NULL
1067,"Adriano Galhardo",71184727,Sim,2026-09-02,Não,Não,Não,Sim,NULL,NULL,NULL,4,"Licenciatura em Matemática",MAT,2,Tarde,1,"Campus Cedro",Não,Não,Não,Não,Não,Não,NULL,NULL,NULL,NULL,NULL,NULL,NULL,NULL,Não,58350,2025-06-09,11:21:00,2025-06-05,"2026-08-17 13:39:45","2026-08-17 13:39:45",-10418.30,Sim,Não,Presente,4279B4FFB924,NULL,NULL,454,2025-06-09,"Arroz, feijão, frango assado, macarrão e salada",2,Almoço,05:00:00,11:20:00,1,"Campus Cedro",NULL,NULL,NULL,454,102.27,NULL,NULL,NULL,NULL,NULL,NULL
1067,"Adriano Galhardo",71184727,Sim,2026-09-02,Não,Não,Não,Sim,NULL,NULL,NULL,4,"Licenciatura em Matemática",MAT,2,Tarde,1,"Campus Cedro",Não,Não,Não,Não,Não,Não,NULL,NULL,NULL,NULL,NULL,NULL,NULL,NULL,Não,58349,2025-05-27,21:31:00,2025-05-27,"2026-08-17 13:39:45","2026-08-17 13:39:45",-10720.13,Sim,Não,Presente,305642C5A8EA,NULL,NULL,420,2025-05-27,"Risoto cremoso",4,"Lanche da Noite",05:00:00,19:50:00,1,"Campus Cedro",21930,4,NULL,420,21.28,NULL,NULL,NULL,NULL,NULL,NULL
1067,"Adriano Galhardo",71184727,Sim,2026-09-02,Não,Não,Não,Sim,NULL,NULL,NULL,4,"Licenciatura em Matemática",MAT,2,Tarde,1,"Campus Cedro",Não,Não,Não,Não,Não,Não,NULL,NULL,NULL,NULL,NULL,NULL,NULL,NULL,Não,58348,2025-05-20,16:27:00,2025-05-15,"2026-08-17 13:39:45","2026-08-17 13:39:45",-10893.20,Sim,Não,Presente,4EFC6FC7B55E,NULL,NULL,399,2025-05-20,"Cuscuz com queijo e suco",3,"Lanche da Tarde",05:00:00,14:50:00,1,"Campus Cedro",21929,5,NULL,399,12.06,NULL,NULL,NULL,NULL,NULL,NULL
1067,"Adriano Galhardo",71184727,Sim,2026-09-02,Não,Não,Não,Sim,NULL,NULL,NULL,4,"Licenciatura em Matemática",MAT,2,Tarde,1,"Campus Cedro",Não,Não,Não,Não,Não,Não,NULL,NULL,NULL,NULL,NULL,NULL,NULL,NULL,Não,58347,2025-04-28,08:16:00,2025-04-23,"2026-08-17 13:39:45","2026-08-17 13:39:45",-11429.38,Não,Não,Ausente,9133481A8013,"Compromisso acadêmico",NULL,333,2025-04-28,"Pão com ovo e suco de frutas",1,"Lanche da Manhã",05:00:00,08:00:00,1,"Campus Cedro",NULL,NULL,NULL,333,9.29,NULL,NULL,NULL,NULL,NULL,NULL
1067,"Adriano Galhardo",71184727,Sim,2026-09-02,Não,Não,Não,Sim,NULL,NULL,NULL,4,"Licenciatura em Matemática",MAT,2,Tarde,1,"Campus Cedro",Não,Não,Não,Não,Não,Não,NULL,NULL,NULL,NULL,NULL,NULL,NULL,NULL,Não,58346,2025-03-31,11:42:00,2025-03-28,"2026-08-17 13:39:45","2026-08-17 13:39:45",-12097.95,Não,Não,Ausente,E20D7D7D3746,"Compromisso acadêmico",NULL,254,2025-03-31,"Arroz, feijão, carne moída com legumes e salada",2,Almoço,05:00:00,11:20:00,1,"Campus Cedro",NULL,NULL,NULL,254,120.58,NULL,NULL,NULL,NULL,NULL,NULL
1067,"Adriano Galhardo",71184727,Sim,2026-09-02,Não,Não,Não,Sim,NULL,NULL,NULL,4,"Licenciatura em Matemática",MAT,2,Tarde,1,"Campus Cedro",Não,Não,Não,Não,Não,Não,NULL,NULL,NULL,NULL,NULL,NULL,NULL,NULL,Não,58345,2025-02-21,08:36:00,2025-02-17,"2026-08-17 13:39:45","2026-08-17 13:39:45",-13013.05,Não,Sim,Cancelada,F4408EA60669,NULL,NULL,149,2025-02-21,"Canja de frango",1,"Lanche da Manhã",05:00:00,08:00:00,1,"Campus Cedro",NULL,NULL,NULL,149,8.68,NULL,NULL,NULL,NULL,NULL,NULL
1067,"Adriano Galhardo",71184727,Sim,2026-09-02,Não,Não,Não,Sim,NULL,NULL,NULL,4,"Licenciatura em Matemática",MAT,2,Tarde,1,"Campus Cedro",Não,Não,Não,Não,Não,Não,NULL,NULL,NULL,NULL,NULL,NULL,NULL,NULL,Não,58344,2025-02-05,12:20:00,2025-02-01,"2026-08-17 13:39:45","2026-08-17 13:39:45",-13393.32,Sim,Não,Presente,36FB94D95C07,NULL,NULL,102,2025-02-05,"Arroz, feijão, frango ao molho, purê e legumes",2,Almoço,05:00:00,11:20:00,1,"Campus Cedro",21928,3,NULL,102,109.03,NULL,NULL,NULL,NULL,NULL,NULL
1490,"Adriele Santacruz de Oliveira Jr.",98755593,Sim,2026-09-06,Não,Sim,Não,Sim,NULL,349,"Voluptatibus quod commodi nulla perspiciatis nisi.",4,"Licenciatura em Matemática",MAT,2,Tarde,1,"Campus Cedro",Não,Não,Não,Não,Não,Não,NULL,4,"República Estudantil de Cedro4","Rua Lucio Estrada, 428",Cedro,Centro,"Bárbara Bianca Balestero Sobrinho",1001.99,Sim,81990,2026-06-19,15:06:00,2026-06-19,"2026-08-17 13:39:49","2026-08-17 13:39:49",-1414.55,Sim,Não,Presente,5D24DBB78580,NULL,NULL,1531,2026-06-19,"Cuscuz com carne moída e suco",3,"Lanche da Tarde",05:00:00,14:50:00,1,"Campus Cedro",30916,5,NULL,1531,11.56,NULL,NULL,NULL,NULL,NULL,NULL
1490,"Adriele Santacruz de Oliveira Jr.",98755593,Sim,2026-09-06,Não,Sim,Não,Sim,NULL,349,"Voluptatibus quod commodi nulla perspiciatis nisi.",4,"Licenciatura em Matemática",MAT,2,Tarde,1,"Campus Cedro",Não,Não,Não,Não,Não,Não,NULL,4,"República Estudantil de Cedro4","Rua Lucio Estrada, 428",Cedro,Centro,"Bárbara Bianca Balestero Sobrinho",1001.99,Sim,81989,2026-06-18,20:30:00,2026-06-13,"2026-08-17 13:39:49","2026-08-17 13:39:49",-1433.15,Sim,Não,Presente,56E9E52BF851,NULL,NULL,1528,2026-06-18,"Bolo de milho com suco",4,"Lanche da Noite",05:00:00,19:50:00,1,"Campus Cedro",30915,3,NULL,1528,18.22,NULL,NULL,NULL,NULL,NULL,NULL
1490,"Adriele Santacruz de Oliveira Jr.",98755593,Sim,2026-09-06,Não,Sim,Não,Sim,NULL,349,"Voluptatibus quod commodi nulla perspiciatis nisi.",4,"Licenciatura em Matemática",MAT,2,Tarde,1,"Campus Cedro",Não,Não,Não,Não,Não,Não,NULL,4,"República Estudantil de Cedro4","Rua Lucio Estrada, 428",Cedro,Centro,"Bárbara Bianca Balestero Sobrinho",1001.99,Sim,81988,2026-06-09,20:30:00,2026-06-04,"2026-08-17 13:39:49","2026-08-17 13:39:49",-1649.15,Sim,Não,Presente,EC387ED7EF92,NULL,NULL,1500,2026-06-09,"Bolo de milho com suco",4,"Lanche da Noite",05:00:00,19:50:00,1,"Campus Cedro",30914,2,NULL,1500,19.27,NULL,NULL,NULL,NULL,NULL,NULL
1490,"Adriele Santacruz de Oliveira Jr.",98755593,Sim,2026-09-06,Não,Sim,Não,Sim,NULL,349,"Voluptatibus quod commodi nulla perspiciatis nisi.",4,"Licenciatura em Matemática",MAT,2,Tarde,1,"Campus Cedro",Não,Não,Não,Não,Não,Não,NULL,4,"República Estudantil de Cedro4","Rua Lucio Estrada, 428",Cedro,Centro,"Bárbara Bianca Balestero Sobrinho",1001.99,Sim,81987,2026-05-26,07:39:00,2026-05-23,"2026-08-17 13:39:49","2026-08-17 13:39:49",-1998.00,Não,Sim,Cancelada,7CA70C7183BF,NULL,NULL,1457,2026-05-26,"Cuscuz com frango e suco de manga",1,"Lanche da Manhã",05:00:00,08:00:00,1,"Campus Cedro",NULL,NULL,NULL,1457,7.12,NULL,NULL,NULL,NULL,NULL,NULL
1490,"Adriele Santacruz de Oliveira Jr.",98755593,Sim,2026-09-06,Não,Sim,Não,Sim,NULL,349,"Voluptatibus quod commodi nulla perspiciatis nisi.",4,"Licenciatura em Matemática",MAT,2,Tarde,1,"Campus Cedro",Não,Não,Não,Não,Não,Não,NULL,4,"República Estudantil de Cedro4","Rua Lucio Estrada, 428",Cedro,Centro,"Bárbara Bianca Balestero Sobrinho",1001.99,Sim,81986,2026-05-21,16:45:00,2026-05-20,"2026-08-17 13:39:49","2026-08-17 13:39:49",-2108.90,Sim,Não,Presente,53F944685865,NULL,NULL,1447,2026-05-21,"Bolo de macaxeira com suco",3,"Lanche da Tarde",05:00:00,14:50:00,1,"Campus Cedro",30913,4,NULL,1447,11.44,NULL,NULL,NULL,NULL,NULL,NULL
1490,"Adriele Santacruz de Oliveira Jr.",98755593,Sim,2026-09-06,Não,Sim,Não,Sim,NULL,349,"Voluptatibus quod commodi nulla perspiciatis nisi.",4,"Licenciatura em Matemática",MAT,2,Tarde,1,"Campus Cedro",Não,Não,Não,Não,Não,Não,NULL,4,"República Estudantil de Cedro4","Rua Lucio Estrada, 428",Cedro,Centro,"Bárbara Bianca Balestero Sobrinho",1001.99,Sim,81985,2026-05-18,12:27:00,2026-05-13,"2026-08-17 13:39:49","2026-08-17 13:39:49",-2185.20,Sim,Não,Presente,79D7F36586AF,NULL,NULL,1434,2026-05-18,"Arroz, feijão, carne suína, legumes e salada",2,Almoço,05:00:00,11:20:00,1,"Campus Cedro",30912,5,NULL,1434,135.42,NULL,NULL,NULL,NULL,NULL,NULL
1490,"Adriele Santacruz de Oliveira Jr.",98755593,Sim,2026-09-06,Não,Sim,Não,Sim,NULL,349,"Voluptatibus quod commodi nulla perspiciatis nisi.",4,"Licenciatura em Matemática",MAT,2,Tarde,1,"Campus Cedro",Não,Não,Não,Não,Não,Não,NULL,4,"República Estudantil de Cedro4","Rua Lucio Estrada, 428",Cedro,Centro,"Bárbara Bianca Balestero Sobrinho",1001.99,Sim,81984,2026-05-14,15:26:00,2026-05-13,"2026-08-17 13:39:49","2026-08-17 13:39:49",-2278.22,Sim,Não,Presente,F73F8E08A6C8,NULL,NULL,1427,2026-05-14,"Bolo de macaxeira com suco",3,"Lanche da Tarde",05:00:00,14:50:00,1,"Campus Cedro",30911,5,NULL,1427,11.81,NULL,NULL,NULL,NULL,NULL,NULL
1490,"Adriele Santacruz de Oliveira Jr.",98755593,Sim,2026-09-06,Não,Sim,Não,Sim,NULL,349,"Voluptatibus quod commodi nulla perspiciatis nisi.",4,"Licenciatura em Matemática",MAT,2,Tarde,1,"Campus Cedro",Não,Não,Não,Não,Não,Não,NULL,4,"República Estudantil de Cedro4","Rua Lucio Estrada, 428",Cedro,Centro,"Bárbara Bianca Balestero Sobrinho",1001.99,Sim,81983,2026-04-29,16:05:00,2026-04-25,"2026-08-17 13:39:49","2026-08-17 13:39:49",-2637.57,Não,Não,Ausente,7EF9D7F6C37D,"Imprevisto pessoal",NULL,1383,2026-04-29,"Bolo de macaxeira com suco",3,"Lanche da Tarde",05:00:00,14:50:00,1,"Campus Cedro",NULL,NULL,NULL,1383,10.09,NULL,NULL,NULL,NULL,NULL,NULL
1490,"Adriele Santacruz de Oliveira Jr.",98755593,Sim,2026-09-06,Não,Sim,Não,Sim,NULL,349,"Voluptatibus quod commodi nulla perspiciatis nisi.",4,"Licenciatura em Matemática",MAT,2,Tarde,1,"Campus Cedro",Não,Não,Não,Não,Não,Não,NULL,4,"República Estudantil de Cedro4","Rua Lucio Estrada, 428",Cedro,Centro,"Bárbara Bianca Balestero Sobrinho",1001.99,Sim,81982,2026-04-21,15:46:00,2026-04-21,"2026-08-17 13:39:49","2026-08-17 13:39:49",-2829.88,Sim,Não,Presente,2C5E04342DD6,NULL,NULL,1359,2026-04-21,"Bolo de chocolate com suco",3,"Lanche da Tarde",05:00:00,14:50:00,1,"Campus Cedro",NULL,NULL,NULL,1359,9.99,NULL,NULL,NULL,NULL,NULL,NULL
1490,"Adriele Santacruz de Oliveira Jr.",98755593,Sim,2026-09-06,Não,Sim,Não,Sim,NULL,349,"Voluptatibus quod commodi nulla perspiciatis nisi.",4,"Licenciatura em Matemática",MAT,2,Tarde,1,"Campus Cedro",Não,Não,Não,Não,Não,Não,NULL,4,"República Estudantil de Cedro4","Rua Lucio Estrada, 428",Cedro,Centro,"Bárbara Bianca Balestero Sobrinho",1001.99,Sim,81981,2026-04-15,20:58:00,2026-04-13,"2026-08-17 13:39:49","2026-08-17 13:39:49",-2968.68,Sim,Não,Presente,E95A4BA86503,NULL,NULL,1344,2026-04-15,"Bolo de milho com suco",4,"Lanche da Noite",05:00:00,19:50:00,1,"Campus Cedro",NULL,NULL,NULL,1344,17.89,NULL,NULL,NULL,NULL,NULL,NULL
1490,"Adriele Santacruz de Oliveira Jr.",98755593,Sim,2026-09-06,Não,Sim,Não,Sim,NULL,349,"Voluptatibus quod commodi nulla perspiciatis nisi.",4,"Licenciatura em Matemática",MAT,2,Tarde,1,"Campus Cedro",Não,Não,Não,Não,Não,Não,NULL,4,"República Estudantil de Cedro4","Rua Lucio Estrada, 428",Cedro,Centro,"Bárbara Bianca Balestero Sobrinho",1001.99,Sim,81980,2026-04-03,14:37:00,2026-04-03,"2026-08-17 13:39:49","2026-08-17 13:39:49",-3263.03,Sim,Não,Presente,CE70E7808A0A,NULL,NULL,1311,2026-04-03,"Tapioca com queijo e suco",3,"Lanche da Tarde",05:00:00,14:50:00,1,"Campus Cedro",NULL,NULL,NULL,1311,13.23,NULL,NULL,NULL,NULL,NULL,NULL
1490,"Adriele Santacruz de Oliveira Jr.",98755593,Sim,2026-09-06,Não,Sim,Não,Sim,NULL,349,"Voluptatibus quod commodi nulla perspiciatis nisi.",4,"Licenciatura em Matemática",MAT,2,Tarde,1,"Campus Cedro",Não,Não,Não,Não,Não,Não,NULL,4,"República Estudantil de Cedro4","Rua Lucio Estrada, 428",Cedro,Centro,"Bárbara Bianca Balestero Sobrinho",1001.99,Sim,81979,2026-03-31,19:45:00,2026-03-28,"2026-08-17 13:39:49","2026-08-17 13:39:49",-3329.90,Sim,Não,Presente,BF02372A38EA,NULL,NULL,1300,2026-03-31,"Tapioca com queijo e suco",4,"Lanche da Noite",05:00:00,19:50:00,1,"Campus Cedro",30910,4,NULL,1300,19.16,NULL,NULL,NULL,NULL,NULL,NULL
1490,"Adriele Santacruz de Oliveira Jr.",98755593,Sim,2026-09-06,Não,Sim,Não,Sim,NULL,349,"Voluptatibus quod commodi nulla perspiciatis nisi.",4,"Licenciatura em Matemática",MAT,2,Tarde,1,"Campus Cedro",Não,Não,Não,Não,Não,Não,NULL,4,"República Estudantil de Cedro4","Rua Lucio Estrada, 428",Cedro,Centro,"Bárbara Bianca Balestero Sobrinho",1001.99,Sim,81978,2026-03-12,21:27:00,2026-03-08,"2026-08-17 13:39:49","2026-08-17 13:39:49",-3784.20,Sim,Não,Presente,816C767222AA,NULL,NULL,1248,2026-03-12,"Tapioca com queijo e suco",4,"Lanche da Noite",05:00:00,19:50:00,1,"Campus Cedro",30909,4,NULL,1248,16.51,NULL,NULL,NULL,NULL,NULL,NULL
1490,"Adriele Santacruz de Oliveira Jr.",98755593,Sim,2026-09-06,Não,Sim,Não,Sim,NULL,349,"Voluptatibus quod commodi nulla perspiciatis nisi.",4,"Licenciatura em Matemática",MAT,2,Tarde,1,"Campus Cedro",Não,Não,Não,Não,Não,Não,NULL,4,"República Estudantil de Cedro4","Rua Lucio Estrada, 428",Cedro,Centro,"Bárbara Bianca Balestero Sobrinho",1001.99,Sim,81977,2026-03-11,08:20:00,2026-03-09,"2026-08-17 13:39:49","2026-08-17 13:39:49",-3821.32,Sim,Não,Presente,EA73DB0B8B60,NULL,NULL,1241,2026-03-11,"Pão com ovo e suco de frutas",1,"Lanche da Manhã",05:00:00,08:00:00,1,"Campus Cedro",30908,2,NULL,1241,9.95,NULL,NULL,NULL,NULL,NULL,NULL
1490,"Adriele Santacruz de Oliveira Jr.",98755593,Sim,2026-09-06,Não,Sim,Não,Sim,NULL,349,"Voluptatibus quod commodi nulla perspiciatis nisi.",4,"Licenciatura em Matemática",MAT,2,Tarde,1,"Campus Cedro",Não,Não,Não,Não,Não,Não,NULL,4,"República Estudantil de Cedro4","Rua Lucio Estrada, 428",Cedro,Centro,"Bárbara Bianca Balestero Sobrinho",1001.99,Sim,81976,2026-01-22,07:04:00,2026-01-18,"2026-08-17 13:39:49","2026-08-17 13:39:49",-4974.58,Sim,Não,Presente,FF12EF61EB01,NULL,NULL,1105,2026-01-22,"Cuscuz com queijo e suco",1,"Lanche da Manhã",05:00:00,08:00:00,1,"Campus Cedro",30907,5,NULL,1105,9.02,NULL,NULL,NULL,NULL,NULL,NULL
1490,"Adriele Santacruz de Oliveira Jr.",98755593,Sim,2026-09-06,Não,Sim,Não,Sim,NULL,349,"Voluptatibus quod commodi nulla perspiciatis nisi.",4,"Licenciatura em Matemática",MAT,2,Tarde,1,"Campus Cedro",Não,Não,Não,Não,Não,Não,NULL,4,"República Estudantil de Cedro4","Rua Lucio Estrada, 428",Cedro,Centro,"Bárbara Bianca Balestero Sobrinho",1001.99,Sim,81975,2026-01-09,20:32:00,2026-01-04,"2026-08-17 13:39:49","2026-08-17 13:39:49",-5273.12,Sim,Não,Presente,C6E354D31F7C,NULL,NULL,1072,2026-01-09,"Sanduíche de frango com suco",4,"Lanche da Noite",05:00:00,19:50:00,1,"Campus Cedro",30906,4,NULL,1072,17.90,NULL,NULL,NULL,NULL,NULL,NULL
1490,"Adriele Santacruz de Oliveira Jr.",98755593,Sim,2026-09-06,Não,Sim,Não,Sim,NULL,349,"Voluptatibus quod commodi nulla perspiciatis nisi.",4,"Licenciatura em Matemática",MAT,2,Tarde,1,"Campus Cedro",Não,Não,Não,Não,Não,Não,NULL,4,"República Estudantil de Cedro4","Rua Lucio Estrada, 428",Cedro,Centro,"Bárbara Bianca Balestero Sobrinho",1001.99,Sim,81973,2025-12-31,07:54:00,2025-12-31,"2026-08-17 13:39:49","2026-08-17 13:39:49",-5501.75,Sim,Não,Presente,D62228FF189B,NULL,NULL,1041,2025-12-31,"Cuscuz com frango e suco de manga",1,"Lanche da Manhã",05:00:00,08:00:00,1,"Campus Cedro",NULL,NULL,NULL,1041,8.51,NULL,NULL,NULL,NULL,NULL,NULL
1490,"Adriele Santacruz de Oliveira Jr.",98755593,Sim,2026-09-06,Não,Sim,Não,Sim,NULL,349,"Voluptatibus quod commodi nulla perspiciatis nisi.",4,"Licenciatura em Matemática",MAT,2,Tarde,1,"Campus Cedro",Não,Não,Não,Não,Não,Não,NULL,4,"República Estudantil de Cedro4","Rua Lucio Estrada, 428",Cedro,Centro,"Bárbara Bianca Balestero Sobrinho",1001.99,Sim,81974,2025-12-31,12:34:00,2025-12-29,"2026-08-17 13:39:49","2026-08-17 13:39:49",-5497.08,Sim,Não,Presente,6AC3612B153B,NULL,NULL,1042,2025-12-31,"Arroz, feijão, frango assado, farofa e salada",2,Almoço,05:00:00,11:20:00,1,"Campus Cedro",30905,4,"Problema de transporte",1042,123.44,NULL,NULL,NULL,NULL,NULL,NULL
1490,"Adriele Santacruz de Oliveira Jr.",98755593,Sim,2026-09-06,Não,Sim,Não,Sim,NULL,349,"Voluptatibus quod commodi nulla perspiciatis nisi.",4,"Licenciatura em Matemática",MAT,2,Tarde,1,"Campus Cedro",Não,Não,Não,Não,Não,Não,NULL,4,"República Estudantil de Cedro4","Rua Lucio Estrada, 428",Cedro,Centro,"Bárbara Bianca Balestero Sobrinho",1001.99,Sim,81972,2025-12-23,14:53:00,2025-12-19,"2026-08-17 13:39:49","2026-08-17 13:39:49",-5686.77,Sim,Não,Presente,57F4C0A18CA6,NULL,NULL,1019,2025-12-23,"Pão com frango desfiado e suco",3,"Lanche da Tarde",05:00:00,14:50:00,1,"Campus Cedro",NULL,NULL,NULL,1019,11.36,NULL,NULL,NULL,NULL,NULL,NULL
1490,"Adriele Santacruz de Oliveira Jr.",98755593,Sim,2026-09-06,Não,Sim,Não,Sim,NULL,349,"Voluptatibus quod commodi nulla perspiciatis nisi.",4,"Licenciatura em Matemática",MAT,2,Tarde,1,"Campus Cedro",Não,Não,Não,Não,Não,Não,NULL,4,"República Estudantil de Cedro4","Rua Lucio Estrada, 428",Cedro,Centro,"Bárbara Bianca Balestero Sobrinho",1001.99,Sim,81971,2025-12-09,16:47:00,2025-12-09,"2026-08-17 13:39:49","2026-08-17 13:39:49",-6020.87,Não,Não,Ausente,51E84A452EFC,"Imprevisto pessoal",NULL,979,2025-12-09,"Tapioca de frango com suco",3,"Lanche da Tarde",05:00:00,14:50:00,1,"Campus Cedro",NULL,NULL,NULL,979,9.89,NULL,NULL,NULL,NULL,NULL,NULL
1490,"Adriele Santacruz de Oliveira Jr.",98755593,Sim,2026-09-06,Não,Sim,Não,Sim,NULL,349,"Voluptatibus quod commodi nulla perspiciatis nisi.",4,"Licenciatura em Matemática",MAT,2,Tarde,1,"Campus Cedro",Não,Não,Não,Não,Não,Não,NULL,4,"República Estudantil de Cedro4","Rua Lucio Estrada, 428",Cedro,Centro,"Bárbara Bianca Balestero Sobrinho",1001.99,Sim,81970,2025-11-14,19:31:00,2025-11-12,"2026-08-17 13:39:49","2026-08-17 13:39:49",-6618.13,Não,Sim,Cancelada,4C6CB2735A80,NULL,NULL,912,2025-11-14,"Tapioca com queijo e suco",4,"Lanche da Noite",05:00:00,19:50:00,1,"Campus Cedro",NULL,NULL,NULL,912,17.15,NULL,NULL,NULL,NULL,NULL,NULL
1490,"Adriele Santacruz de Oliveira Jr.",98755593,Sim,2026-09-06,Não,Sim,Não,Sim,NULL,349,"Voluptatibus quod commodi nulla perspiciatis nisi.",4,"Licenciatura em Matemática",MAT,2,Tarde,1,"Campus Cedro",Não,Não,Não,Não,Não,Não,NULL,4,"República Estudantil de Cedro4","Rua Lucio Estrada, 428",Cedro,Centro,"Bárbara Bianca Balestero Sobrinho",1001.99,Sim,81969,2025-10-29,11:32:00,2025-10-26,"2026-08-17 13:39:49","2026-08-17 13:39:49",-7010.12,Sim,Não,Presente,D14CCE7D12A6,NULL,NULL,862,2025-10-29,"Arroz, feijão, frango ao molho, farofa e salada",2,Almoço,05:00:00,11:20:00,1,"Campus Cedro",NULL,NULL,NULL,862,96.70,NULL,NULL,NULL,NULL,NULL,NULL
1490,"Adriele Santacruz de Oliveira Jr.",98755593,Sim,2026-09-06,Não,Sim,Não,Sim,NULL,349,"Voluptatibus quod commodi nulla perspiciatis nisi.",4,"Licenciatura em Matemática",MAT,2,Tarde,1,"Campus Cedro",Não,Não,Não,Não,Não,Não,NULL,4,"República Estudantil de Cedro4","Rua Lucio Estrada, 428",Cedro,Centro,"Bárbara Bianca Balestero Sobrinho",1001.99,Sim,81968,2025-10-20,08:36:00,2025-10-17,"2026-08-17 13:39:49","2026-08-17 13:39:49",-7229.05,Sim,Não,Presente,E59585F020F4,NULL,NULL,833,2025-10-20,"Risoto cremoso",1,"Lanche da Manhã",05:00:00,08:00:00,1,"Campus Cedro",30904,4,NULL,833,11.09,NULL,NULL,NULL,NULL,NULL,NULL
1490,"Adriele Santacruz de Oliveira Jr.",98755593,Sim,2026-09-06,Não,Sim,Não,Sim,NULL,349,"Voluptatibus quod commodi nulla perspiciatis nisi.",4,"Licenciatura em Matemática",MAT,2,Tarde,1,"Campus Cedro",Não,Não,Não,Não,Não,Não,NULL,4,"República Estudantil de Cedro4","Rua Lucio Estrada, 428",Cedro,Centro,"Bárbara Bianca Balestero Sobrinho",1001.99,Sim,81967,2025-10-16,19:19:00,2025-10-15,"2026-08-17 13:39:49","2026-08-17 13:39:49",-7314.33,Sim,Não,Presente,BF56D814A17F,NULL,NULL,828,2025-10-16,"Canja de frango",4,"Lanche da Noite",05:00:00,19:50:00,1,"Campus Cedro",NULL,NULL,NULL,828,22.21,NULL,NULL,NULL,NULL,NULL,NULL
1490,"Adriele Santacruz de Oliveira Jr.",98755593,Sim,2026-09-06,Não,Sim,Não,Sim,NULL,349,"Voluptatibus quod commodi nulla perspiciatis nisi.",4,"Licenciatura em Matemática",MAT,2,Tarde,1,"Campus Cedro",Não,Não,Não,Não,Não,Não,NULL,4,"República Estudantil de Cedro4","Rua Lucio Estrada, 428",Cedro,Centro,"Bárbara Bianca Balestero Sobrinho",1001.99,Sim,81966,2025-10-15,11:01:00,2025-10-15,"2026-08-17 13:39:49","2026-08-17 13:39:49",-7346.63,Sim,Não,Presente,75B5FB9474C0,NULL,NULL,822,2025-10-15,"Arroz, feijão, frango com legumes, macarrão e salada",2,Almoço,05:00:00,11:20:00,1,"Campus Cedro",30903,3,NULL,822,92.39,NULL,NULL,NULL,NULL,NULL,NULL
1490,"Adriele Santacruz de Oliveira Jr.",98755593,Sim,2026-09-06,Não,Sim,Não,Sim,NULL,349,"Voluptatibus quod commodi nulla perspiciatis nisi.",4,"Licenciatura em Matemática",MAT,2,Tarde,1,"Campus Cedro",Não,Não,Não,Não,Não,Não,NULL,4,"República Estudantil de Cedro4","Rua Lucio Estrada, 428",Cedro,Centro,"Bárbara Bianca Balestero Sobrinho",1001.99,Sim,81965,2025-10-09,07:53:00,2025-10-05,"2026-08-17 13:39:49","2026-08-17 13:39:49",-7493.77,Sim,Não,Presente,E829ECEB23BA,NULL,NULL,805,2025-10-09,"Sanduíche de frango com suco",1,"Lanche da Manhã",05:00:00,08:00:00,1,"Campus Cedro",30902,5,NULL,805,8.57,NULL,NULL,NULL,NULL,NULL,NULL
1490,"Adriele Santacruz de Oliveira Jr.",98755593,Sim,2026-09-06,Não,Sim,Não,Sim,NULL,349,"Voluptatibus quod commodi nulla perspiciatis nisi.",4,"Licenciatura em Matemática",MAT,2,Tarde,1,"Campus Cedro",Não,Não,Não,Não,Não,Não,NULL,4,"República Estudantil de Cedro4","Rua Lucio Estrada, 428",Cedro,Centro,"Bárbara Bianca Balestero Sobrinho",1001.99,Sim,81964,2025-10-02,07:52:00,2025-09-29,"2026-08-17 13:39:49","2026-08-17 13:39:49",-7661.78,Sim,Não,Presente,8EB79C013C4F,NULL,NULL,785,2025-10-02,"Canja de frango",1,"Lanche da Manhã",05:00:00,08:00:00,1,"Campus Cedro",30901,4,NULL,785,8.45,NULL,NULL,NULL,NULL,NULL,NULL
1490,"Adriele Santacruz de Oliveira Jr.",98755593,Sim,2026-09-06,Não,Sim,Não,Sim,NULL,349,"Voluptatibus quod commodi nulla perspiciatis nisi.",4,"Licenciatura em Matemática",MAT,2,Tarde,1,"Campus Cedro",Não,Não,Não,Não,Não,Não,NULL,4,"República Estudantil de Cedro4","Rua Lucio Estrada, 428",Cedro,Centro,"Bárbara Bianca Balestero Sobrinho",1001.99,Sim,81963,2025-09-22,08:20:00,2025-09-22,"2026-08-17 13:39:49","2026-08-17 13:39:49",-7901.32,Sim,Não,Presente,D4E7BB94D3A3,NULL,NULL,753,2025-09-22,"Cuscuz com queijo e suco",1,"Lanche da Manhã",05:00:00,08:00:00,1,"Campus Cedro",NULL,NULL,NULL,753,7.32,NULL,NULL,NULL,NULL,NULL,NULL
1490,"Adriele Santacruz de Oliveira Jr.",98755593,Sim,2026-09-06,Não,Sim,Não,Sim,NULL,349,"Voluptatibus quod commodi nulla perspiciatis nisi.",4,"Licenciatura em Matemática",MAT,2,Tarde,1,"Campus Cedro",Não,Não,Não,Não,Não,Não,NULL,4,"República Estudantil de Cedro4","Rua Lucio Estrada, 428",Cedro,Centro,"Bárbara Bianca Balestero Sobrinho",1001.99,Sim,81962,2025-09-15,08:54:00,2025-09-15,"2026-08-17 13:39:49","2026-08-17 13:39:49",-8068.75,Sim,Não,Presente,C738488EC2EF,NULL,NULL,733,2025-09-15,"Cuscuz com carne moída e suco",1,"Lanche da Manhã",05:00:00,08:00:00,1,"Campus Cedro",NULL,NULL,NULL,733,10.44,NULL,NULL,NULL,NULL,NULL,NULL
1490,"Adriele Santacruz de Oliveira Jr.",98755593,Sim,2026-09-06,Não,Sim,Não,Sim,NULL,349,"Voluptatibus quod commodi nulla perspiciatis nisi.",4,"Licenciatura em Matemática",MAT,2,Tarde,1,"Campus Cedro",Não,Não,Não,Não,Não,Não,NULL,4,"República Estudantil de Cedro4","Rua Lucio Estrada, 428",Cedro,Centro,"Bárbara Bianca Balestero Sobrinho",1001.99,Sim,81961,2025-08-28,16:21:00,2025-08-25,"2026-08-17 13:39:49","2026-08-17 13:39:49",-8493.30,Sim,Não,Presente,8EE439215EF9,NULL,NULL,687,2025-08-28,"Pão com frango desfiado e suco",3,"Lanche da Tarde",05:00:00,14:50:00,1,"Campus Cedro",NULL,NULL,NULL,687,11.34,NULL,NULL,NULL,NULL,NULL,NULL
1490,"Adriele Santacruz de Oliveira Jr.",98755593,Sim,2026-09-06,Não,Sim,Não,Sim,NULL,349,"Voluptatibus quod commodi nulla perspiciatis nisi.",4,"Licenciatura em Matemática",MAT,2,Tarde,1,"Campus Cedro",Não,Não,Não,Não,Não,Não,NULL,4,"República Estudantil de Cedro4","Rua Lucio Estrada, 428",Cedro,Centro,"Bárbara Bianca Balestero Sobrinho",1001.99,Sim,81960,2025-08-20,12:06:00,2025-08-18,"2026-08-17 13:39:49","2026-08-17 13:39:49",-8689.55,Sim,Não,Presente,615F37F07AF9,NULL,NULL,662,2025-08-20,"Arroz, feijão, frango grelhado, legumes e salada",2,Almoço,05:00:00,11:20:00,1,"Campus Cedro",30900,2,NULL,662,110.00,NULL,NULL,NULL,NULL,NULL,NULL
1490,"Adriele Santacruz de Oliveira Jr.",98755593,Sim,2026-09-06,Não,Sim,Não,Sim,NULL,349,"Voluptatibus quod commodi nulla perspiciatis nisi.",4,"Licenciatura em Matemática",MAT,2,Tarde,1,"Campus Cedro",Não,Não,Não,Não,Não,Não,NULL,4,"República Estudantil de Cedro4","Rua Lucio Estrada, 428",Cedro,Centro,"Bárbara Bianca Balestero Sobrinho",1001.99,Sim,81959,2025-08-01,15:31:00,2025-07-27,"2026-08-17 13:39:49","2026-08-17 13:39:49",-9142.13,Sim,Não,Presente,D19B04585CC2,NULL,NULL,611,2025-08-01,"Tapioca de frango com suco",3,"Lanche da Tarde",05:00:00,14:50:00,1,"Campus Cedro",NULL,NULL,NULL,611,11.79,NULL,NULL,NULL,NULL,NULL,NULL
1490,"Adriele Santacruz de Oliveira Jr.",98755593,Sim,2026-09-06,Não,Sim,Não,Sim,NULL,349,"Voluptatibus quod commodi nulla perspiciatis nisi.",4,"Licenciatura em Matemática",MAT,2,Tarde,1,"Campus Cedro",Não,Não,Não,Não,Não,Não,NULL,4,"República Estudantil de Cedro4","Rua Lucio Estrada, 428",Cedro,Centro,"Bárbara Bianca Balestero Sobrinho",1001.99,Sim,81958,2025-07-28,15:37:00,2025-07-23,"2026-08-17 13:39:49","2026-08-17 13:39:49",-9238.03,Sim,Não,Presente,6126B8B0BFB6,NULL,NULL,595,2025-07-28,"Tapioca com queijo e suco",3,"Lanche da Tarde",05:00:00,14:50:00,1,"Campus Cedro",NULL,NULL,NULL,595,11.00,NULL,NULL,NULL,NULL,NULL,NULL
1490,"Adriele Santacruz de Oliveira Jr.",98755593,Sim,2026-09-06,Não,Sim,Não,Sim,NULL,349,"Voluptatibus quod commodi nulla perspiciatis nisi.",4,"Licenciatura em Matemática",MAT,2,Tarde,1,"Campus Cedro",Não,Não,Não,Não,Não,Não,NULL,4,"República Estudantil de Cedro4","Rua Lucio Estrada, 428",Cedro,Centro,"Bárbara Bianca Balestero Sobrinho",1001.99,Sim,81957,2025-07-22,07:20:00,2025-07-22,"2026-08-17 13:39:49","2026-08-17 13:39:49",-9390.32,Sim,Não,Presente,B576B0FE4F54,NULL,NULL,577,2025-07-22,"Sanduíche de frango com suco",1,"Lanche da Manhã",05:00:00,08:00:00,1,"Campus Cedro",30899,2,NULL,577,7.28,NULL,NULL,NULL,NULL,NULL,NULL
1490,"Adriele Santacruz de Oliveira Jr.",98755593,Sim,2026-09-06,Não,Sim,Não,Sim,NULL,349,"Voluptatibus quod commodi nulla perspiciatis nisi.",4,"Licenciatura em Matemática",MAT,2,Tarde,1,"Campus Cedro",Não,Não,Não,Não,Não,Não,NULL,4,"República Estudantil de Cedro4","Rua Lucio Estrada, 428",Cedro,Centro,"Bárbara Bianca Balestero Sobrinho",1001.99,Sim,81956,2025-07-16,11:09:00,2025-07-16,"2026-08-17 13:39:49","2026-08-17 13:39:49",-9530.50,Sim,Não,Presente,7C3B06949BA7,NULL,NULL,562,2025-07-16,"Arroz, feijão, carne de panela, purê e salada",2,Almoço,05:00:00,11:20:00,1,"Campus Cedro",30898,4,NULL,562,132.62,NULL,NULL,NULL,NULL,NULL,NULL
1490,"Adriele Santacruz de Oliveira Jr.",98755593,Sim,2026-09-06,Não,Sim,Não,Sim,NULL,349,"Voluptatibus quod commodi nulla perspiciatis nisi.",4,"Licenciatura em Matemática",MAT,2,Tarde,1,"Campus Cedro",Não,Não,Não,Não,Não,Não,NULL,4,"República Estudantil de Cedro4","Rua Lucio Estrada, 428",Cedro,Centro,"Bárbara Bianca Balestero Sobrinho",1001.99,Sim,81955,2025-06-12,20:38:00,2025-06-09,"2026-08-17 13:39:49","2026-08-17 13:39:49",-10337.02,Não,Sim,Cancelada,6B2B373D733B,NULL,NULL,468,2025-06-12,"Tapioca de frango com suco",4,"Lanche da Noite",05:00:00,19:50:00,1,"Campus Cedro",NULL,NULL,NULL,468,17.27,NULL,NULL,NULL,NULL,NULL,NULL
1490,"Adriele Santacruz de Oliveira Jr.",98755593,Sim,2026-09-06,Não,Sim,Não,Sim,NULL,349,"Voluptatibus quod commodi nulla perspiciatis nisi.",4,"Licenciatura em Matemática",MAT,2,Tarde,1,"Campus Cedro",Não,Não,Não,Não,Não,Não,NULL,4,"República Estudantil de Cedro4","Rua Lucio Estrada, 428",Cedro,Centro,"Bárbara Bianca Balestero Sobrinho",1001.99,Sim,81954,2025-06-04,16:51:00,2025-06-01,"2026-08-17 13:39:49","2026-08-17 13:39:49",-10532.80,Sim,Não,Presente,241B253D3F53,NULL,NULL,443,2025-06-04,"Canja de frango",3,"Lanche da Tarde",05:00:00,14:50:00,1,"Campus Cedro",30897,4,NULL,443,13.41,NULL,NULL,NULL,NULL,NULL,NULL
1490,"Adriele Santacruz de Oliveira Jr.",98755593,Sim,2026-09-06,Não,Sim,Não,Sim,NULL,349,"Voluptatibus quod commodi nulla perspiciatis nisi.",4,"Licenciatura em Matemática",MAT,2,Tarde,1,"Campus Cedro",Não,Não,Não,Não,Não,Não,NULL,4,"República Estudantil de Cedro4","Rua Lucio Estrada, 428",Cedro,Centro,"Bárbara Bianca Balestero Sobrinho",1001.99,Sim,81953,2025-06-02,20:21:00,2025-06-02,"2026-08-17 13:39:49","2026-08-17 13:39:49",-10577.30,Sim,Não,Presente,226BC307BD36,NULL,NULL,436,2025-06-02,"Cuscuz com carne moída",4,"Lanche da Noite",05:00:00,19:50:00,1,"Campus Cedro",NULL,NULL,NULL,436,21.40,NULL,NULL,NULL,NULL,NULL,NULL
1490,"Adriele Santacruz de Oliveira Jr.",98755593,Sim,2026-09-06,Não,Sim,Não,Sim,NULL,349,"Voluptatibus quod commodi nulla perspiciatis nisi.",4,"Licenciatura em Matemática",MAT,2,Tarde,1,"Campus Cedro",Não,Não,Não,Não,Não,Não,NULL,4,"República Estudantil de Cedro4","Rua Lucio Estrada, 428",Cedro,Centro,"Bárbara Bianca Balestero Sobrinho",1001.99,Sim,81952,2025-05-29,11:23:00,2025-05-28,"2026-08-17 13:39:49","2026-08-17 13:39:49",-10682.27,Sim,Não,Presente,57969CA4A31F,NULL,NULL,426,2025-05-29,"Arroz, feijão, almôndegas, macarrão e salada",2,Almoço,05:00:00,11:20:00,1,"Campus Cedro",30896,4,NULL,426,101.38,NULL,NULL,NULL,NULL,NULL,NULL
1490,"Adriele Santacruz de Oliveira Jr.",98755593,Sim,2026-09-06,Não,Sim,Não,Sim,NULL,349,"Voluptatibus quod commodi nulla perspiciatis nisi.",4,"Licenciatura em Matemática",MAT,2,Tarde,1,"Campus Cedro",Não,Não,Não,Não,Não,Não,NULL,4,"República Estudantil de Cedro4","Rua Lucio Estrada, 428",Cedro,Centro,"Bárbara Bianca Balestero Sobrinho",1001.99,Sim,81951,2025-05-22,16:49:00,2025-05-19,"2026-08-17 13:39:49","2026-08-17 13:39:49",-10844.83,Sim,Não,Presente,AEBC470778D6,NULL,NULL,407,2025-05-22,"Tapioca de frango com suco",3,"Lanche da Tarde",05:00:00,14:50:00,1,"Campus Cedro",30895,1,NULL,407,11.57,NULL,NULL,NULL,NULL,NULL,NULL
1490,"Adriele Santacruz de Oliveira Jr.",98755593,Sim,2026-09-06,Não,Sim,Não,Sim,NULL,349,"Voluptatibus quod commodi nulla perspiciatis nisi.",4,"Licenciatura em Matemática",MAT,2,Tarde,1,"Campus Cedro",Não,Não,Não,Não,Não,Não,NULL,4,"República Estudantil de Cedro4","Rua Lucio Estrada, 428",Cedro,Centro,"Bárbara Bianca Balestero Sobrinho",1001.99,Sim,81950,2025-04-24,07:21:00,2025-04-23,"2026-08-17 13:39:49","2026-08-17 13:39:49",-11526.30,Sim,Não,Presente,828DBE24523A,NULL,NULL,325,2025-04-24,"Cuscuz com frango e suco de manga",1,"Lanche da Manhã",05:00:00,08:00:00,1,"Campus Cedro",30894,5,"Imprevisto pessoal",325,11.40,NULL,NULL,NULL,NULL,NULL,NULL
1490,"Adriele Santacruz de Oliveira Jr.",98755593,Sim,2026-09-06,Não,Sim,Não,Sim,NULL,349,"Voluptatibus quod commodi nulla perspiciatis nisi.",4,"Licenciatura em Matemática",MAT,2,Tarde,1,"Campus Cedro",Não,Não,Não,Não,Não,Não,NULL,4,"República Estudantil de Cedro4","Rua Lucio Estrada, 428",Cedro,Centro,"Bárbara Bianca Balestero Sobrinho",1001.99,Sim,81949,2025-04-23,08:27:00,2025-04-22,"2026-08-17 13:39:49","2026-08-17 13:39:49",-11549.20,Sim,Não,Presente,73A661ACF982,NULL,NULL,321,2025-04-23,"Cuscuz com carne moída e suco",1,"Lanche da Manhã",05:00:00,08:00:00,1,"Campus Cedro",NULL,NULL,NULL,321,8.99,NULL,NULL,NULL,NULL,NULL,NULL
1490,"Adriele Santacruz de Oliveira Jr.",98755593,Sim,2026-09-06,Não,Sim,Não,Sim,NULL,349,"Voluptatibus quod commodi nulla perspiciatis nisi.",4,"Licenciatura em Matemática",MAT,2,Tarde,1,"Campus Cedro",Não,Não,Não,Não,Não,Não,NULL,4,"República Estudantil de Cedro4","Rua Lucio Estrada, 428",Cedro,Centro,"Bárbara Bianca Balestero Sobrinho",1001.99,Sim,81948,2025-04-16,14:03:00,2025-04-12,"2026-08-17 13:39:49","2026-08-17 13:39:49",-11711.60,Sim,Não,Presente,58A5316411BD,NULL,NULL,303,2025-04-16,"Cuscuz de frango com suco de goiaba",3,"Lanche da Tarde",05:00:00,14:50:00,1,"Campus Cedro",30893,2,"Problema de saúde",303,15.83,NULL,NULL,NULL,NULL,NULL,NULL
1490,"Adriele Santacruz de Oliveira Jr.",98755593,Sim,2026-09-06,Não,Sim,Não,Sim,NULL,349,"Voluptatibus quod commodi nulla perspiciatis nisi.",4,"Licenciatura em Matemática",MAT,2,Tarde,1,"Campus Cedro",Não,Não,Não,Não,Não,Não,NULL,4,"República Estudantil de Cedro4","Rua Lucio Estrada, 428",Cedro,Centro,"Bárbara Bianca Balestero Sobrinho",1001.99,Sim,81947,2025-04-07,08:00:00,2025-04-05,"2026-08-17 13:39:49","2026-08-17 13:39:49",-11933.65,Sim,Não,Presente,EFF80E11B031,NULL,NULL,273,2025-04-07,"Canja de frango",1,"Lanche da Manhã",05:00:00,08:00:00,1,"Campus Cedro",30892,2,NULL,273,8.28,NULL,NULL,NULL,NULL,NULL,NULL
1490,"Adriele Santacruz de Oliveira Jr.",98755593,Sim,2026-09-06,Não,Sim,Não,Sim,NULL,349,"Voluptatibus quod commodi nulla perspiciatis nisi.",4,"Licenciatura em Matemática",MAT,2,Tarde,1,"Campus Cedro",Não,Não,Não,Não,Não,Não,NULL,4,"República Estudantil de Cedro4","Rua Lucio Estrada, 428",Cedro,Centro,"Bárbara Bianca Balestero Sobrinho",1001.99,Sim,81946,2025-03-27,08:32:00,2025-03-26,"2026-08-17 13:39:49","2026-08-17 13:39:49",-12197.12,Sim,Não,Presente,B367E4D1322D,NULL,NULL,245,2025-03-27,"Pão com frango desfiado e suco",1,"Lanche da Manhã",05:00:00,08:00:00,1,"Campus Cedro",30891,4,NULL,245,6.62,NULL,NULL,NULL,NULL,NULL,NULL
1490,"Adriele Santacruz de Oliveira Jr.",98755593,Sim,2026-09-06,Não,Sim,Não,Sim,NULL,349,"Voluptatibus quod commodi nulla perspiciatis nisi.",4,"Licenciatura em Matemática",MAT,2,Tarde,1,"Campus Cedro",Não,Não,Não,Não,Não,Não,NULL,4,"República Estudantil de Cedro4","Rua Lucio Estrada, 428",Cedro,Centro,"Bárbara Bianca Balestero Sobrinho",1001.99,Sim,81945,2025-03-26,07:16:00,2025-03-26,"2026-08-17 13:39:49","2026-08-17 13:39:49",-12222.38,Sim,Não,Presente,1FF7FD4F0E95,NULL,NULL,241,2025-03-26,"Canja de frango",1,"Lanche da Manhã",05:00:00,08:00:00,1,"Campus Cedro",30890,4,NULL,241,9.79,NULL,NULL,NULL,NULL,NULL,NULL
1490,"Adriele Santacruz de Oliveira Jr.",98755593,Sim,2026-09-06,Não,Sim,Não,Sim,NULL,349,"Voluptatibus quod commodi nulla perspiciatis nisi.",4,"Licenciatura em Matemática",MAT,2,Tarde,1,"Campus Cedro",Não,Não,Não,Não,Não,Não,NULL,4,"República Estudantil de Cedro4","Rua Lucio Estrada, 428",Cedro,Centro,"Bárbara Bianca Balestero Sobrinho",1001.99,Sim,81944,2025-03-24,19:30:00,2025-03-22,"2026-08-17 13:39:49","2026-08-17 13:39:49",-12258.15,Sim,Não,Presente,72CCB1DA9379,NULL,NULL,236,2025-03-24,"Pão com frango desfiado e suco",4,"Lanche da Noite",05:00:00,19:50:00,1,"Campus Cedro",NULL,NULL,NULL,236,13.65,NULL,NULL,NULL,NULL,NULL,NULL
1490,"Adriele Santacruz de Oliveira Jr.",98755593,Sim,2026-09-06,Não,Sim,Não,Sim,NULL,349,"Voluptatibus quod commodi nulla perspiciatis nisi.",4,"Licenciatura em Matemática",MAT,2,Tarde,1,"Campus Cedro",Não,Não,Não,Não,Não,Não,NULL,4,"República Estudantil de Cedro4","Rua Lucio Estrada, 428",Cedro,Centro,"Bárbara Bianca Balestero Sobrinho",1001.99,Sim,81943,2025-03-19,14:31:00,2025-03-17,"2026-08-17 13:39:49","2026-08-17 13:39:49",-12383.13,Sim,Não,Presente,7235B266717E,NULL,NULL,223,2025-03-19,"Tapioca de frango com suco",3,"Lanche da Tarde",05:00:00,14:50:00,1,"Campus Cedro",30889,1,"Ausência justificada pelo estudante",223,12.14,NULL,NULL,NULL,NULL,NULL,NULL
1490,"Adriele Santacruz de Oliveira Jr.",98755593,Sim,2026-09-06,Não,Sim,Não,Sim,NULL,349,"Voluptatibus quod commodi nulla perspiciatis nisi.",4,"Licenciatura em Matemática",MAT,2,Tarde,1,"Campus Cedro",Não,Não,Não,Não,Não,Não,NULL,4,"República Estudantil de Cedro4","Rua Lucio Estrada, 428",Cedro,Centro,"Bárbara Bianca Balestero Sobrinho",1001.99,Sim,81942,2025-03-12,11:18:00,2025-03-08,"2026-08-17 13:39:49","2026-08-17 13:39:49",-12554.35,Não,Sim,Cancelada,AC2346D27DFC,NULL,NULL,202,2025-03-12,"Arroz, feijão, carne cozida, macarrão e salada",2,Almoço,05:00:00,11:20:00,1,"Campus Cedro",NULL,NULL,NULL,202,108.80,NULL,NULL,NULL,NULL,NULL,NULL
1490,"Adriele Santacruz de Oliveira Jr.",98755593,Sim,2026-09-06,Não,Sim,Não,Sim,NULL,349,"Voluptatibus quod commodi nulla perspiciatis nisi.",4,"Licenciatura em Matemática",MAT,2,Tarde,1,"Campus Cedro",Não,Não,Não,Não,Não,Não,NULL,4,"República Estudantil de Cedro4","Rua Lucio Estrada, 428",Cedro,Centro,"Bárbara Bianca Balestero Sobrinho",1001.99,Sim,81941,2025-03-10,15:57:00,2025-03-07,"2026-08-17 13:39:49","2026-08-17 13:39:49",-12597.70,Sim,Não,Presente,C7BB4E2A85EB,NULL,NULL,195,2025-03-10,"Risoto cremoso",3,"Lanche da Tarde",05:00:00,14:50:00,1,"Campus Cedro",30888,3,"Imprevisto pessoal",195,15.60,NULL,NULL,NULL,NULL,NULL,NULL
1490,"Adriele Santacruz de Oliveira Jr.",98755593,Sim,2026-09-06,Não,Sim,Não,Sim,NULL,349,"Voluptatibus quod commodi nulla perspiciatis nisi.",4,"Licenciatura em Matemática",MAT,2,Tarde,1,"Campus Cedro",Não,Não,Não,Não,Não,Não,NULL,4,"República Estudantil de Cedro4","Rua Lucio Estrada, 428",Cedro,Centro,"Bárbara Bianca Balestero Sobrinho",1001.99,Sim,81940,2025-02-28,21:52:00,2025-02-23,"2026-08-17 13:39:49","2026-08-17 13:39:49",-12831.78,Sim,Não,Presente,19B6F950A034,NULL,NULL,172,2025-02-28,"Pão com frango desfiado e suco",4,"Lanche da Noite",05:00:00,19:50:00,1,"Campus Cedro",NULL,NULL,NULL,172,19.06,NULL,NULL,NULL,NULL,NULL,NULL
1490,"Adriele Santacruz de Oliveira Jr.",98755593,Sim,2026-09-06,Não,Sim,Não,Sim,NULL,349,"Voluptatibus quod commodi nulla perspiciatis nisi.",4,"Licenciatura em Matemática",MAT,2,Tarde,1,"Campus Cedro",Não,Não,Não,Não,Não,Não,NULL,4,"República Estudantil de Cedro4","Rua Lucio Estrada, 428",Cedro,Centro,"Bárbara Bianca Balestero Sobrinho",1001.99,Sim,81939,2025-02-19,15:10:00,2025-02-16,"2026-08-17 13:39:49","2026-08-17 13:39:49",-13054.48,Sim,Não,Presente,2472C98B657A,NULL,NULL,143,2025-02-19,"Bolo de macaxeira com suco",3,"Lanche da Tarde",05:00:00,14:50:00,1,"Campus Cedro",NULL,NULL,NULL,143,14.55,NULL,NULL,NULL,NULL,NULL,NULL
1490,"Adriele Santacruz de Oliveira Jr.",98755593,Sim,2026-09-06,Não,Sim,Não,Sim,NULL,349,"Voluptatibus quod commodi nulla perspiciatis nisi.",4,"Licenciatura em Matemática",MAT,2,Tarde,1,"Campus Cedro",Não,Não,Não,Não,Não,Não,NULL,4,"República Estudantil de Cedro4","Rua Lucio Estrada, 428",Cedro,Centro,"Bárbara Bianca Balestero Sobrinho",1001.99,Sim,81938,2025-02-17,12:30:00,2025-02-13,"2026-08-17 13:39:49","2026-08-17 13:39:49",-13105.15,Sim,Não,Presente,4F926E69ED9E,NULL,NULL,134,2025-02-17,"Arroz, feijão, frango assado, macarrão e salada",2,Almoço,05:00:00,11:20:00,1,"Campus Cedro",NULL,NULL,NULL,134,116.83,NULL,NULL,NULL,NULL,NULL,NULL
1490,"Adriele Santacruz de Oliveira Jr.",98755593,Sim,2026-09-06,Não,Sim,Não,Sim,NULL,349,"Voluptatibus quod commodi nulla perspiciatis nisi.",4,"Licenciatura em Matemática",MAT,2,Tarde,1,"Campus Cedro",Não,Não,Não,Não,Não,Não,NULL,4,"República Estudantil de Cedro4","Rua Lucio Estrada, 428",Cedro,Centro,"Bárbara Bianca Balestero Sobrinho",1001.99,Sim,81937,2025-02-13,16:20:00,2025-02-13,"2026-08-17 13:39:49","2026-08-17 13:39:49",-13197.32,Sim,Não,Presente,C9D24730B3DD,NULL,NULL,127,2025-02-13,"Bolo de macaxeira com suco",3,"Lanche da Tarde",05:00:00,14:50:00,1,"Campus Cedro",NULL,NULL,NULL,127,9.89,NULL,NULL,NULL,NULL,NULL,NULL
1490,"Adriele Santacruz de Oliveira Jr.",98755593,Sim,2026-09-06,Não,Sim,Não,Sim,NULL,349,"Voluptatibus quod commodi nulla perspiciatis nisi.",4,"Licenciatura em Matemática",MAT,2,Tarde,1,"Campus Cedro",Não,Não,Não,Não,Não,Não,NULL,4,"República Estudantil de Cedro4","Rua Lucio Estrada, 428",Cedro,Centro,"Bárbara Bianca Balestero Sobrinho",1001.99,Sim,81936,2025-02-03,11:05:00,2025-02-01,"2026-08-17 13:39:49","2026-08-17 13:39:49",-13442.57,Sim,Não,Presente,F88C534908EA,NULL,NULL,94,2025-02-03,"Arroz, feijão, frango assado, macarrão e salada",2,Almoço,05:00:00,11:20:00,1,"Campus Cedro",NULL,NULL,NULL,94,103.64,NULL,NULL,NULL,NULL,NULL,NULL
1490,"Adriele Santacruz de Oliveira Jr.",98755593,Sim,2026-09-06,Não,Sim,Não,Sim,NULL,349,"Voluptatibus quod commodi nulla perspiciatis nisi.",4,"Licenciatura em Matemática",MAT,2,Tarde,1,"Campus Cedro",Não,Não,Não,Não,Não,Não,NULL,4,"República Estudantil de Cedro4","Rua Lucio Estrada, 428",Cedro,Centro,"Bárbara Bianca Balestero Sobrinho",1001.99,Sim,81935,2025-01-31,08:18:00,2025-01-26,"2026-08-17 13:39:49","2026-08-17 13:39:49",-13517.35,Sim,Não,Presente,CAF741EE627B,NULL,NULL,89,2025-01-31,"Tapioca com frango e suco",1,"Lanche da Manhã",05:00:00,08:00:00,1,"Campus Cedro",NULL,NULL,NULL,89,6.15,NULL,NULL,NULL,NULL,NULL,NULL
643,"Afonso André Jimenes",48601016,Sim,2027-11-09,Não,Não,Não,Sim,258,NULL,NULL,5,"Licenciatura em Física",FIS,3,Noite,1,"Campus Cedro",Não,Não,Não,Não,Não,Não,NULL,NULL,NULL,NULL,NULL,NULL,NULL,NULL,Não,35690,2026-06-12,07:14:00,2026-06-08,"2026-08-17 13:39:42","2026-08-17 13:39:42",-1590.42,Não,Não,Ausente,A5B52BFD2BE4,"Problema de transporte",NULL,1509,2026-06-12,"Risoto cremoso",1,"Lanche da Manhã",05:00:00,08:00:00,1,"Campus Cedro",NULL,NULL,NULL,1509,11.73,NULL,NULL,NULL,NULL,NULL,NULL
643,"Afonso André Jimenes",48601016,Sim,2027-11-09,Não,Não,Não,Sim,258,NULL,NULL,5,"Licenciatura em Física",FIS,3,Noite,1,"Campus Cedro",Não,Não,Não,Não,Não,Não,NULL,NULL,NULL,NULL,NULL,NULL,NULL,NULL,Não,35689,2026-05-15,20:50:00,2026-05-15,"2026-08-17 13:39:42","2026-08-17 13:39:42",-2248.82,Sim,Não,Presente,88D4D9650279,NULL,NULL,1432,2026-05-15,"Bolo de milho com suco",4,"Lanche da Noite",05:00:00,19:50:00,1,"Campus Cedro",13407,2,NULL,1432,15.44,NULL,NULL,NULL,NULL,NULL,NULL
643,"Afonso André Jimenes",48601016,Sim,2027-11-09,Não,Não,Não,Sim,258,NULL,NULL,5,"Licenciatura em Física",FIS,3,Noite,1,"Campus Cedro",Não,Não,Não,Não,Não,Não,NULL,NULL,NULL,NULL,NULL,NULL,NULL,NULL,Não,35688,2026-05-14,15:41:00,2026-05-10,"2026-08-17 13:39:42","2026-08-17 13:39:42",-2277.97,Sim,Não,Presente,BF412F549A52,NULL,NULL,1427,2026-05-14,"Bolo de macaxeira com suco",3,"Lanche da Tarde",05:00:00,14:50:00,1,"Campus Cedro",NULL,NULL,NULL,1427,11.81,NULL,NULL,NULL,NULL,NULL,NULL
643,"Afonso André Jimenes",48601016,Sim,2027-11-09,Não,Não,Não,Sim,258,NULL,NULL,5,"Licenciatura em Física",FIS,3,Noite,1,"Campus Cedro",Não,Não,Não,Não,Não,Não,NULL,NULL,NULL,NULL,NULL,NULL,NULL,NULL,Não,35687,2026-05-11,07:20:00,2026-05-11,"2026-08-17 13:39:42","2026-08-17 13:39:42",-2358.32,Sim,Não,Presente,18A861E75FE6,NULL,NULL,1413,2026-05-11,"Cuscuz com carne moída e suco",1,"Lanche da Manhã",05:00:00,08:00:00,1,"Campus Cedro",NULL,NULL,NULL,1413,9.31,NULL,NULL,NULL,NULL,NULL,NULL
643,"Afonso André Jimenes",48601016,Sim,2027-11-09,Não,Não,Não,Sim,258,NULL,NULL,5,"Licenciatura em Física",FIS,3,Noite,1,"Campus Cedro",Não,Não,Não,Não,Não,Não,NULL,NULL,NULL,NULL,NULL,NULL,NULL,NULL,Não,35686,2026-05-06,16:20:00,2026-05-02,"2026-08-17 13:39:42","2026-08-17 13:39:42",-2469.32,Não,Não,Ausente,6AF0FAB70199,"Problema de saúde",NULL,1403,2026-05-06,"Tapioca com queijo e suco",3,"Lanche da Tarde",05:00:00,14:50:00,1,"Campus Cedro",NULL,NULL,NULL,1403,11.37,NULL,NULL,NULL,NULL,NULL,NULL
643,"Afonso André Jimenes",48601016,Sim,2027-11-09,Não,Não,Não,Sim,258,NULL,NULL,5,"Licenciatura em Física",FIS,3,Noite,1,"Campus Cedro",Não,Não,Não,Não,Não,Não,NULL,NULL,NULL,NULL,NULL,NULL,NULL,NULL,Não,35685,2026-05-01,20:11:00,2026-04-26,"2026-08-17 13:39:42","2026-08-17 13:39:42",-2585.47,Não,Sim,Cancelada,54C7EE7692AD,NULL,NULL,1392,2026-05-01,"Risoto cremoso",4,"Lanche da Noite",05:00:00,19:50:00,1,"Campus Cedro",NULL,NULL,NULL,1392,20.68,NULL,NULL,NULL,NULL,NULL,NULL
643,"Afonso André Jimenes",48601016,Sim,2027-11-09,Não,Não,Não,Sim,258,NULL,NULL,5,"Licenciatura em Física",FIS,3,Noite,1,"Campus Cedro",Não,Não,Não,Não,Não,Não,NULL,NULL,NULL,NULL,NULL,NULL,NULL,NULL,Não,35684,2026-04-29,08:52:00,2026-04-26,"2026-08-17 13:39:42","2026-08-17 13:39:42",-2644.78,Sim,Não,Presente,8B9C822B77A6,NULL,NULL,1381,2026-04-29,"Cuscuz com queijo e suco",1,"Lanche da Manhã",05:00:00,08:00:00,1,"Campus Cedro",13406,4,"Atividade acadêmica",1381,7.88,NULL,NULL,NULL,NULL,NULL,NULL
643,"Afonso André Jimenes",48601016,Sim,2027-11-09,Não,Não,Não,Sim,258,NULL,NULL,5,"Licenciatura em Física",FIS,3,Noite,1,"Campus Cedro",Não,Não,Não,Não,Não,Não,NULL,NULL,NULL,NULL,NULL,NULL,NULL,NULL,Não,35683,2026-04-21,20:26:00,2026-04-17,"2026-08-17 13:39:42","2026-08-17 13:39:42",-2825.22,Sim,Não,Presente,674E43905E3B,NULL,NULL,1360,2026-04-21,"Cuscuz com queijo e suco",4,"Lanche da Noite",05:00:00,19:50:00,1,"Campus Cedro",13405,5,NULL,1360,17.61,NULL,NULL,NULL,NULL,NULL,NULL
643,"Afonso André Jimenes",48601016,Sim,2027-11-09,Não,Não,Não,Sim,258,NULL,NULL,5,"Licenciatura em Física",FIS,3,Noite,1,"Campus Cedro",Não,Não,Não,Não,Não,Não,NULL,NULL,NULL,NULL,NULL,NULL,NULL,NULL,Não,35682,2026-04-07,12:28:00,2026-04-03,"2026-08-17 13:39:42","2026-08-17 13:39:42",-3169.18,Sim,Não,Presente,B149C71F8248,NULL,NULL,1318,2026-04-07,"Arroz, feijão, almôndegas, macarrão e salada",2,Almoço,05:00:00,11:20:00,1,"Campus Cedro",NULL,NULL,NULL,1318,112.99,NULL,NULL,NULL,NULL,NULL,NULL
643,"Afonso André Jimenes",48601016,Sim,2027-11-09,Não,Não,Não,Sim,258,NULL,NULL,5,"Licenciatura em Física",FIS,3,Noite,1,"Campus Cedro",Não,Não,Não,Não,Não,Não,NULL,NULL,NULL,NULL,NULL,NULL,NULL,NULL,Não,35681,2026-03-25,15:27:00,2026-03-23,"2026-08-17 13:39:42","2026-08-17 13:39:42",-3478.20,Sim,Não,Presente,81EE4943E782,NULL,NULL,1283,2026-03-25,"Tapioca de frango com suco",3,"Lanche da Tarde",05:00:00,14:50:00,1,"Campus Cedro",NULL,NULL,NULL,1283,9.97,NULL,NULL,NULL,NULL,NULL,NULL
643,"Afonso André Jimenes",48601016,Sim,2027-11-09,Não,Não,Não,Sim,258,NULL,NULL,5,"Licenciatura em Física",FIS,3,Noite,1,"Campus Cedro",Não,Não,Não,Não,Não,Não,NULL,NULL,NULL,NULL,NULL,NULL,NULL,NULL,Não,35680,2026-03-23,15:26:00,2026-03-22,"2026-08-17 13:39:42","2026-08-17 13:39:42",-3526.22,Sim,Não,Presente,EA4B0106C01B,NULL,NULL,1275,2026-03-23,"Sanduíche de frango com suco",3,"Lanche da Tarde",05:00:00,14:50:00,1,"Campus Cedro",13404,4,NULL,1275,10.79,NULL,NULL,NULL,NULL,NULL,NULL
643,"Afonso André Jimenes",48601016,Sim,2027-11-09,Não,Não,Não,Sim,258,NULL,NULL,5,"Licenciatura em Física",FIS,3,Noite,1,"Campus Cedro",Não,Não,Não,Não,Não,Não,NULL,NULL,NULL,NULL,NULL,NULL,NULL,NULL,Não,35679,2026-03-17,12:06:00,2026-03-15,"2026-08-17 13:39:42","2026-08-17 13:39:42",-3673.55,Não,Não,Ausente,56F6FB4217F1,"Ausência justificada pelo estudante",NULL,1258,2026-03-17,"Arroz, feijão, frango grelhado, legumes e salada",2,Almoço,05:00:00,11:20:00,1,"Campus Cedro",NULL,NULL,NULL,1258,120.07,NULL,NULL,NULL,NULL,NULL,NULL
643,"Afonso André Jimenes",48601016,Sim,2027-11-09,Não,Não,Não,Sim,258,NULL,NULL,5,"Licenciatura em Física",FIS,3,Noite,1,"Campus Cedro",Não,Não,Não,Não,Não,Não,NULL,NULL,NULL,NULL,NULL,NULL,NULL,NULL,Não,35678,2026-03-06,14:10:00,2026-03-01,"2026-08-17 13:39:42","2026-08-17 13:39:42",-3935.48,Sim,Não,Presente,1A23897EE9C1,NULL,NULL,1231,2026-03-06,"Bolo de chocolate com suco",3,"Lanche da Tarde",05:00:00,14:50:00,1,"Campus Cedro",NULL,NULL,NULL,1231,10.42,NULL,NULL,NULL,NULL,NULL,NULL
643,"Afonso André Jimenes",48601016,Sim,2027-11-09,Não,Não,Não,Sim,258,NULL,NULL,5,"Licenciatura em Física",FIS,3,Noite,1,"Campus Cedro",Não,Não,Não,Não,Não,Não,NULL,NULL,NULL,NULL,NULL,NULL,NULL,NULL,Não,35677,2026-03-03,07:52:00,2026-02-28,"2026-08-17 13:39:42","2026-08-17 13:39:42",-4013.78,Sim,Não,Presente,1CF6CA92EE0C,NULL,NULL,1217,2026-03-03,"Risoto cremoso",1,"Lanche da Manhã",05:00:00,08:00:00,1,"Campus Cedro",NULL,NULL,NULL,1217,9.70,NULL,NULL,NULL,NULL,NULL,NULL
643,"Afonso André Jimenes",48601016,Sim,2027-11-09,Não,Não,Não,Sim,258,NULL,NULL,5,"Licenciatura em Física",FIS,3,Noite,1,"Campus Cedro",Não,Não,Não,Não,Não,Não,NULL,NULL,NULL,NULL,NULL,NULL,NULL,NULL,Não,35675,2026-03-02,08:52:00,2026-03-02,"2026-08-17 13:39:42","2026-08-17 13:39:42",-4036.78,Sim,Não,Presente,109D5EA7AB1E,NULL,NULL,1213,2026-03-02,"Cuscuz com frango e suco de manga",1,"Lanche da Manhã",05:00:00,08:00:00,1,"Campus Cedro",13402,4,"Compromisso acadêmico",1213,8.28,NULL,NULL,NULL,NULL,NULL,NULL
643,"Afonso André Jimenes",48601016,Sim,2027-11-09,Não,Não,Não,Sim,258,NULL,NULL,5,"Licenciatura em Física",FIS,3,Noite,1,"Campus Cedro",Não,Não,Não,Não,Não,Não,NULL,NULL,NULL,NULL,NULL,NULL,NULL,NULL,Não,35676,2026-03-02,14:35:00,2026-03-02,"2026-08-17 13:39:42","2026-08-17 13:39:42",-4031.07,Sim,Não,Presente,0D691371CD1E,NULL,NULL,1215,2026-03-02,"Tapioca de frango com suco",3,"Lanche da Tarde",05:00:00,14:50:00,1,"Campus Cedro",13403,2,"Imprevisto pessoal",1215,11.56,NULL,NULL,NULL,NULL,NULL,NULL
643,"Afonso André Jimenes",48601016,Sim,2027-11-09,Não,Não,Não,Sim,258,NULL,NULL,5,"Licenciatura em Física",FIS,3,Noite,1,"Campus Cedro",Não,Não,Não,Não,Não,Não,NULL,NULL,NULL,NULL,NULL,NULL,NULL,NULL,Não,35674,2026-02-19,15:52:00,2026-02-16,"2026-08-17 13:39:42","2026-08-17 13:39:42",-4293.78,Sim,Não,Presente,CF21476CAF3B,NULL,NULL,1187,2026-02-19,"Pão com frango desfiado e suco",3,"Lanche da Tarde",05:00:00,14:50:00,1,"Campus Cedro",NULL,NULL,NULL,1187,12.61,NULL,NULL,NULL,NULL,NULL,NULL
643,"Afonso André Jimenes",48601016,Sim,2027-11-09,Não,Não,Não,Sim,258,NULL,NULL,5,"Licenciatura em Física",FIS,3,Noite,1,"Campus Cedro",Não,Não,Não,Não,Não,Não,NULL,NULL,NULL,NULL,NULL,NULL,NULL,NULL,Não,35673,2026-02-17,19:33:00,2026-02-16,"2026-08-17 13:39:42","2026-08-17 13:39:42",-4338.10,Sim,Não,Presente,78B8B9EB5B6C,NULL,NULL,1180,2026-02-17,"Sanduíche de frango com suco",4,"Lanche da Noite",05:00:00,19:50:00,1,"Campus Cedro",13401,5,"Problema de transporte",1180,19.85,NULL,NULL,NULL,NULL,NULL,NULL
643,"Afonso André Jimenes",48601016,Sim,2027-11-09,Não,Não,Não,Sim,258,NULL,NULL,5,"Licenciatura em Física",FIS,3,Noite,1,"Campus Cedro",Não,Não,Não,Não,Não,Não,NULL,NULL,NULL,NULL,NULL,NULL,NULL,NULL,Não,35671,2026-02-04,08:26:00,2026-02-01,"2026-08-17 13:39:42","2026-08-17 13:39:42",-4661.22,Não,Não,Ausente,1DA9C02EA16C,"Compromisso acadêmico",NULL,1141,2026-02-04,"Canja de frango",1,"Lanche da Manhã",05:00:00,08:00:00,1,"Campus Cedro",NULL,NULL,NULL,1141,10.09,NULL,NULL,NULL,NULL,NULL,NULL
643,"Afonso André Jimenes",48601016,Sim,2027-11-09,Não,Não,Não,Sim,258,NULL,NULL,5,"Licenciatura em Física",FIS,3,Noite,1,"Campus Cedro",Não,Não,Não,Não,Não,Não,NULL,NULL,NULL,NULL,NULL,NULL,NULL,NULL,Não,35672,2026-02-04,11:22:00,2026-02-01,"2026-08-17 13:39:42","2026-08-17 13:39:42",-4658.28,Sim,Não,Presente,475D0D00C043,NULL,NULL,1142,2026-02-04,"Arroz, feijão, frango assado, farofa e salada",2,Almoço,05:00:00,11:20:00,1,"Campus Cedro",NULL,NULL,NULL,1142,102.10,NULL,NULL,NULL,NULL,NULL,NULL
643,"Afonso André Jimenes",48601016,Sim,2027-11-09,Não,Não,Não,Sim,258,NULL,NULL,5,"Licenciatura em Física",FIS,3,Noite,1,"Campus Cedro",Não,Não,Não,Não,Não,Não,NULL,NULL,NULL,NULL,NULL,NULL,NULL,NULL,Não,35670,2026-01-23,20:32:00,2026-01-23,"2026-08-17 13:39:42","2026-08-17 13:39:42",-4937.12,Sim,Não,Presente,B1EA9BF18F0F,NULL,NULL,1112,2026-01-23,"Canja de frango",4,"Lanche da Noite",05:00:00,19:50:00,1,"Campus Cedro",NULL,NULL,NULL,1112,15.33,NULL,NULL,NULL,NULL,NULL,NULL
643,"Afonso André Jimenes",48601016,Sim,2027-11-09,Não,Não,Não,Sim,258,NULL,NULL,5,"Licenciatura em Física",FIS,3,Noite,1,"Campus Cedro",Não,Não,Não,Não,Não,Não,NULL,NULL,NULL,NULL,NULL,NULL,NULL,NULL,Não,35669,2026-01-19,11:38:00,2026-01-14,"2026-08-17 13:39:42","2026-08-17 13:39:42",-5042.02,Sim,Não,Presente,269DBCC4814E,NULL,NULL,1094,2026-01-19,"Arroz, feijão, frango assado, macarrão e salada",2,Almoço,05:00:00,11:20:00,1,"Campus Cedro",13400,4,"Problema de transporte",1094,95.46,NULL,NULL,NULL,NULL,NULL,NULL
643,"Afonso André Jimenes",48601016,Sim,2027-11-09,Não,Não,Não,Sim,258,NULL,NULL,5,"Licenciatura em Física",FIS,3,Noite,1,"Campus Cedro",Não,Não,Não,Não,Não,Não,NULL,NULL,NULL,NULL,NULL,NULL,NULL,NULL,Não,35667,2026-01-15,08:22:00,2026-01-11,"2026-08-17 13:39:42","2026-08-17 13:39:42",-5141.28,Sim,Não,Presente,32AD5E1DF1F2,NULL,NULL,1085,2026-01-15,"Cuscuz com frango e suco de manga",1,"Lanche da Manhã",05:00:00,08:00:00,1,"Campus Cedro",13398,4,NULL,1085,9.57,NULL,NULL,NULL,NULL,NULL,NULL
643,"Afonso André Jimenes",48601016,Sim,2027-11-09,Não,Não,Não,Sim,258,NULL,NULL,5,"Licenciatura em Física",FIS,3,Noite,1,"Campus Cedro",Não,Não,Não,Não,Não,Não,NULL,NULL,NULL,NULL,NULL,NULL,NULL,NULL,Não,35668,2026-01-15,11:31:00,2026-01-10,"2026-08-17 13:39:42","2026-08-17 13:39:42",-5138.13,Sim,Não,Presente,9DF8ABA15199,NULL,NULL,1086,2026-01-15,"Arroz, feijão, frango ao molho, purê e legumes",2,Almoço,05:00:00,11:20:00,1,"Campus Cedro",13399,3,NULL,1086,92.14,NULL,NULL,NULL,NULL,NULL,NULL
643,"Afonso André Jimenes",48601016,Sim,2027-11-09,Não,Não,Não,Sim,258,NULL,NULL,5,"Licenciatura em Física",FIS,3,Noite,1,"Campus Cedro",Não,Não,Não,Não,Não,Não,NULL,NULL,NULL,NULL,NULL,NULL,NULL,NULL,Não,35666,2026-01-12,21:41:00,2026-01-10,"2026-08-17 13:39:42","2026-08-17 13:39:42",-5199.97,Sim,Não,Presente,F4D6CCB1B52B,NULL,NULL,1076,2026-01-12,"Sanduíche de frango com suco",4,"Lanche da Noite",05:00:00,19:50:00,1,"Campus Cedro",NULL,NULL,NULL,1076,18.48,NULL,NULL,NULL,NULL,NULL,NULL
643,"Afonso André Jimenes",48601016,Sim,2027-11-09,Não,Não,Não,Sim,258,NULL,NULL,5,"Licenciatura em Física",FIS,3,Noite,1,"Campus Cedro",Não,Não,Não,Não,Não,Não,NULL,NULL,NULL,NULL,NULL,NULL,NULL,NULL,Não,35665,2026-01-07,19:15:00,2026-01-02,"2026-08-17 13:39:42","2026-08-17 13:39:42",-5322.40,Sim,Não,Presente,875D8EEF2019,NULL,NULL,1064,2026-01-07,"Sanduíche de frango com suco",4,"Lanche da Noite",05:00:00,19:50:00,1,"Campus Cedro",13397,4,NULL,1064,20.44,NULL,NULL,NULL,NULL,NULL,NULL
643,"Afonso André Jimenes",48601016,Sim,2027-11-09,Não,Não,Não,Sim,258,NULL,NULL,5,"Licenciatura em Física",FIS,3,Noite,1,"Campus Cedro",Não,Não,Não,Não,Não,Não,NULL,NULL,NULL,NULL,NULL,NULL,NULL,NULL,Não,35663,2025-12-31,08:06:00,2025-12-26,"2026-08-17 13:39:42","2026-08-17 13:39:42",-5501.55,Sim,Não,Presente,F08D52E53C0D,NULL,NULL,1041,2025-12-31,"Cuscuz com frango e suco de manga",1,"Lanche da Manhã",05:00:00,08:00:00,1,"Campus Cedro",NULL,NULL,NULL,1041,8.51,NULL,NULL,NULL,NULL,NULL,NULL
643,"Afonso André Jimenes",48601016,Sim,2027-11-09,Não,Não,Não,Sim,258,NULL,NULL,5,"Licenciatura em Física",FIS,3,Noite,1,"Campus Cedro",Não,Não,Não,Não,Não,Não,NULL,NULL,NULL,NULL,NULL,NULL,NULL,NULL,Não,35664,2025-12-31,19:00:00,2025-12-29,"2026-08-17 13:39:42","2026-08-17 13:39:42",-5490.65,Sim,Não,Presente,230B1F2E8CFF,NULL,NULL,1044,2025-12-31,"Sanduíche de frango com suco",4,"Lanche da Noite",05:00:00,19:50:00,1,"Campus Cedro",NULL,NULL,NULL,1044,17.44,NULL,NULL,NULL,NULL,NULL,NULL
643,"Afonso André Jimenes",48601016,Sim,2027-11-09,Não,Não,Não,Sim,258,NULL,NULL,5,"Licenciatura em Física",FIS,3,Noite,1,"Campus Cedro",Não,Não,Não,Não,Não,Não,NULL,NULL,NULL,NULL,NULL,NULL,NULL,NULL,Não,35662,2025-12-08,07:08:00,2025-12-07,"2026-08-17 13:39:42","2026-08-17 13:39:42",-6054.52,Sim,Não,Presente,54AC7BA3E086,NULL,NULL,973,2025-12-08,"Pão com frango desfiado e suco",1,"Lanche da Manhã",05:00:00,08:00:00,1,"Campus Cedro",13396,4,NULL,973,7.61,NULL,NULL,NULL,NULL,NULL,NULL
643,"Afonso André Jimenes",48601016,Sim,2027-11-09,Não,Não,Não,Sim,258,NULL,NULL,5,"Licenciatura em Física",FIS,3,Noite,1,"Campus Cedro",Não,Não,Não,Não,Não,Não,NULL,NULL,NULL,NULL,NULL,NULL,NULL,NULL,Não,35661,2025-12-03,12:15:00,2025-12-03,"2026-08-17 13:39:42","2026-08-17 13:39:42",-6169.40,Sim,Não,Presente,60ED89A99907,NULL,NULL,962,2025-12-03,"Arroz, feijão, frango assado, macarrão e salada",2,Almoço,05:00:00,11:20:00,1,"Campus Cedro",13395,5,NULL,962,95.49,NULL,NULL,NULL,NULL,NULL,NULL
643,"Afonso André Jimenes",48601016,Sim,2027-11-09,Não,Não,Não,Sim,258,NULL,NULL,5,"Licenciatura em Física",FIS,3,Noite,1,"Campus Cedro",Não,Não,Não,Não,Não,Não,NULL,NULL,NULL,NULL,NULL,NULL,NULL,NULL,Não,35660,2025-11-25,11:31:00,2025-11-25,"2026-08-17 13:39:42","2026-08-17 13:39:42",-6362.13,Não,Sim,Cancelada,1FB54DBC0D05,NULL,NULL,938,2025-11-25,"Arroz, feijão, frango assado, farofa e salada",2,Almoço,05:00:00,11:20:00,1,"Campus Cedro",NULL,NULL,NULL,938,105.98,NULL,NULL,NULL,NULL,NULL,NULL
643,"Afonso André Jimenes",48601016,Sim,2027-11-09,Não,Não,Não,Sim,258,NULL,NULL,5,"Licenciatura em Física",FIS,3,Noite,1,"Campus Cedro",Não,Não,Não,Não,Não,Não,NULL,NULL,NULL,NULL,NULL,NULL,NULL,NULL,Não,35659,2025-11-20,19:21:00,2025-11-18,"2026-08-17 13:39:42","2026-08-17 13:39:42",-6474.30,Sim,Não,Presente,5F104741ECBD,NULL,NULL,928,2025-11-20,"Bolo de milho com suco",4,"Lanche da Noite",05:00:00,19:50:00,1,"Campus Cedro",NULL,NULL,NULL,928,18.14,NULL,NULL,NULL,NULL,NULL,NULL
643,"Afonso André Jimenes",48601016,Sim,2027-11-09,Não,Não,Não,Sim,258,NULL,NULL,5,"Licenciatura em Física",FIS,3,Noite,1,"Campus Cedro",Não,Não,Não,Não,Não,Não,NULL,NULL,NULL,NULL,NULL,NULL,NULL,NULL,Não,35658,2025-11-19,11:28:00,2025-11-14,"2026-08-17 13:39:42","2026-08-17 13:39:42",-6506.18,Sim,Não,Presente,578F1DF95797,NULL,NULL,922,2025-11-19,"Arroz, feijão, peixe ao molho, legumes e salada",2,Almoço,05:00:00,11:20:00,1,"Campus Cedro",13394,2,NULL,922,157.68,NULL,NULL,NULL,NULL,NULL,NULL
643,"Afonso André Jimenes",48601016,Sim,2027-11-09,Não,Não,Não,Sim,258,NULL,NULL,5,"Licenciatura em Física",FIS,3,Noite,1,"Campus Cedro",Não,Não,Não,Não,Não,Não,NULL,NULL,NULL,NULL,NULL,NULL,NULL,NULL,Não,35657,2025-11-17,12:02:00,2025-11-17,"2026-08-17 13:39:42","2026-08-17 13:39:42",-6553.62,Não,Não,Ausente,BE8718084741,"Atividade acadêmica",NULL,914,2025-11-17,"Arroz, feijão, frango ao curry, macarrão e salada",2,Almoço,05:00:00,11:20:00,1,"Campus Cedro",NULL,NULL,NULL,914,89.08,NULL,NULL,NULL,NULL,NULL,NULL
643,"Afonso André Jimenes",48601016,Sim,2027-11-09,Não,Não,Não,Sim,258,NULL,NULL,5,"Licenciatura em Física",FIS,3,Noite,1,"Campus Cedro",Não,Não,Não,Não,Não,Não,NULL,NULL,NULL,NULL,NULL,NULL,NULL,NULL,Não,35656,2025-11-14,16:58:00,2025-11-09,"2026-08-17 13:39:42","2026-08-17 13:39:42",-6620.68,Sim,Não,Presente,C1A5327B0355,NULL,NULL,911,2025-11-14,"Cuscuz de frango com suco de goiaba",3,"Lanche da Tarde",05:00:00,14:50:00,1,"Campus Cedro",13393,5,"Ausência justificada pelo estudante",911,12.61,NULL,NULL,NULL,NULL,NULL,NULL
643,"Afonso André Jimenes",48601016,Sim,2027-11-09,Não,Não,Não,Sim,258,NULL,NULL,5,"Licenciatura em Física",FIS,3,Noite,1,"Campus Cedro",Não,Não,Não,Não,Não,Não,NULL,NULL,NULL,NULL,NULL,NULL,NULL,NULL,Não,35655,2025-11-03,20:41:00,2025-10-31,"2026-08-17 13:39:42","2026-08-17 13:39:42",-6880.97,Sim,Não,Presente,C4E601C6F77A,NULL,NULL,876,2025-11-03,"Canja de frango",4,"Lanche da Noite",05:00:00,19:50:00,1,"Campus Cedro",13392,4,NULL,876,16.29,NULL,NULL,NULL,NULL,NULL,NULL
643,"Afonso André Jimenes",48601016,Sim,2027-11-09,Não,Não,Não,Sim,258,NULL,NULL,5,"Licenciatura em Física",FIS,3,Noite,1,"Campus Cedro",Não,Não,Não,Não,Não,Não,NULL,NULL,NULL,NULL,NULL,NULL,NULL,NULL,Não,35654,2025-10-15,11:24:00,2025-10-11,"2026-08-17 13:39:42","2026-08-17 13:39:42",-7346.25,Sim,Não,Presente,219AF1304353,NULL,NULL,822,2025-10-15,"Arroz, feijão, frango com legumes, macarrão e salada",2,Almoço,05:00:00,11:20:00,1,"Campus Cedro",13391,4,NULL,822,92.39,NULL,NULL,NULL,NULL,NULL,NULL
643,"Afonso André Jimenes",48601016,Sim,2027-11-09,Não,Não,Não,Sim,258,NULL,NULL,5,"Licenciatura em Física",FIS,3,Noite,1,"Campus Cedro",Não,Não,Não,Não,Não,Não,NULL,NULL,NULL,NULL,NULL,NULL,NULL,NULL,Não,35653,2025-10-10,07:35:00,2025-10-09,"2026-08-17 13:39:42","2026-08-17 13:39:42",-7470.07,Não,Não,Ausente,9A8CC681D659,"Problema de transporte",NULL,809,2025-10-10,"Sanduíche de frango com suco",1,"Lanche da Manhã",05:00:00,08:00:00,1,"Campus Cedro",NULL,NULL,NULL,809,7.96,NULL,NULL,NULL,NULL,NULL,NULL
643,"Afonso André Jimenes",48601016,Sim,2027-11-09,Não,Não,Não,Sim,258,NULL,NULL,5,"Licenciatura em Física",FIS,3,Noite,1,"Campus Cedro",Não,Não,Não,Não,Não,Não,NULL,NULL,NULL,NULL,NULL,NULL,NULL,NULL,Não,35652,2025-10-08,12:04:00,2025-10-05,"2026-08-17 13:39:42","2026-08-17 13:39:42",-7513.58,Sim,Não,Presente,9124992FC497,NULL,NULL,802,2025-10-08,"Arroz, feijão, frango grelhado, legumes e salada",2,Almoço,05:00:00,11:20:00,1,"Campus Cedro",13390,4,NULL,802,88.61,NULL,NULL,NULL,NULL,NULL,NULL
643,"Afonso André Jimenes",48601016,Sim,2027-11-09,Não,Não,Não,Sim,258,NULL,NULL,5,"Licenciatura em Física",FIS,3,Noite,1,"Campus Cedro",Não,Não,Não,Não,Não,Não,NULL,NULL,NULL,NULL,NULL,NULL,NULL,NULL,Não,35651,2025-10-06,19:22:00,2025-10-01,"2026-08-17 13:39:42","2026-08-17 13:39:42",-7554.28,Sim,Não,Presente,D02D97F0A44D,NULL,NULL,796,2025-10-06,"Bolo de milho com suco",4,"Lanche da Noite",05:00:00,19:50:00,1,"Campus Cedro",NULL,NULL,NULL,796,17.45,NULL,NULL,NULL,NULL,NULL,NULL
643,"Afonso André Jimenes",48601016,Sim,2027-11-09,Não,Não,Não,Sim,258,NULL,NULL,5,"Licenciatura em Física",FIS,3,Noite,1,"Campus Cedro",Não,Não,Não,Não,Não,Não,NULL,NULL,NULL,NULL,NULL,NULL,NULL,NULL,Não,35650,2025-10-03,11:16:00,2025-09-30,"2026-08-17 13:39:42","2026-08-17 13:39:42",-7634.38,Sim,Não,Presente,21E0C1DDF6FD,NULL,NULL,790,2025-10-03,"Arroz, feijão, frango com legumes, macarrão e salada",2,Almoço,05:00:00,11:20:00,1,"Campus Cedro",13389,5,"Atividade acadêmica",790,117.03,NULL,NULL,NULL,NULL,NULL,NULL
643,"Afonso André Jimenes",48601016,Sim,2027-11-09,Não,Não,Não,Sim,258,NULL,NULL,5,"Licenciatura em Física",FIS,3,Noite,1,"Campus Cedro",Não,Não,Não,Não,Não,Não,NULL,NULL,NULL,NULL,NULL,NULL,NULL,NULL,Não,35649,2025-10-01,15:03:00,2025-09-30,"2026-08-17 13:39:42","2026-08-17 13:39:42",-7678.60,Sim,Não,Presente,910145C21508,NULL,NULL,783,2025-10-01,"Tapioca com queijo e suco",3,"Lanche da Tarde",05:00:00,14:50:00,1,"Campus Cedro",NULL,NULL,NULL,783,9.17,NULL,NULL,NULL,NULL,NULL,NULL
643,"Afonso André Jimenes",48601016,Sim,2027-11-09,Não,Não,Não,Sim,258,NULL,NULL,5,"Licenciatura em Física",FIS,3,Noite,1,"Campus Cedro",Não,Não,Não,Não,Não,Não,NULL,NULL,NULL,NULL,NULL,NULL,NULL,NULL,Não,35648,2025-09-19,11:43:00,2025-09-18,"2026-08-17 13:39:42","2026-08-17 13:39:42",-7969.93,Sim,Não,Presente,9BC9502D23E4,NULL,NULL,750,2025-09-19,"Arroz, feijão, carne de panela, purê e salada",2,Almoço,05:00:00,11:20:00,1,"Campus Cedro",NULL,NULL,NULL,750,105.60,NULL,NULL,NULL,NULL,NULL,NULL
643,"Afonso André Jimenes",48601016,Sim,2027-11-09,Não,Não,Não,Sim,258,NULL,NULL,5,"Licenciatura em Física",FIS,3,Noite,1,"Campus Cedro",Não,Não,Não,Não,Não,Não,NULL,NULL,NULL,NULL,NULL,NULL,NULL,NULL,Não,35647,2025-09-12,15:41:00,2025-09-10,"2026-08-17 13:39:42","2026-08-17 13:39:42",-8133.97,Sim,Não,Presente,17B48D5B2165,NULL,NULL,731,2025-09-12,"Tapioca com queijo e suco",3,"Lanche da Tarde",05:00:00,14:50:00,1,"Campus Cedro",NULL,NULL,NULL,731,9.41,NULL,NULL,NULL,NULL,NULL,NULL
643,"Afonso André Jimenes",48601016,Sim,2027-11-09,Não,Não,Não,Sim,258,NULL,NULL,5,"Licenciatura em Física",FIS,3,Noite,1,"Campus Cedro",Não,Não,Não,Não,Não,Não,NULL,NULL,NULL,NULL,NULL,NULL,NULL,NULL,Não,35646,2025-09-01,20:04:00,2025-09-01,"2026-08-17 13:39:42","2026-08-17 13:39:42",-8393.58,Sim,Não,Presente,3963809AC0C0,NULL,NULL,696,2025-09-01,"Tapioca de frango com suco",4,"Lanche da Noite",05:00:00,19:50:00,1,"Campus Cedro",NULL,NULL,NULL,696,13.92,NULL,NULL,NULL,NULL,NULL,NULL
643,"Afonso André Jimenes",48601016,Sim,2027-11-09,Não,Não,Não,Sim,258,NULL,NULL,5,"Licenciatura em Física",FIS,3,Noite,1,"Campus Cedro",Não,Não,Não,Não,Não,Não,NULL,NULL,NULL,NULL,NULL,NULL,NULL,NULL,Não,35645,2025-08-21,07:44:00,2025-08-18,"2026-08-17 13:39:42","2026-08-17 13:39:42",-8669.92,Não,Não,Ausente,5D22DE761BEB,"Compromisso acadêmico",NULL,665,2025-08-21,"Cuscuz com carne moída e suco",1,"Lanche da Manhã",05:00:00,08:00:00,1,"Campus Cedro",NULL,NULL,NULL,665,8.67,NULL,NULL,NULL,NULL,NULL,NULL
643,"Afonso André Jimenes",48601016,Sim,2027-11-09,Não,Não,Não,Sim,258,NULL,NULL,5,"Licenciatura em Física",FIS,3,Noite,1,"Campus Cedro",Não,Não,Não,Não,Não,Não,NULL,NULL,NULL,NULL,NULL,NULL,NULL,NULL,Não,35644,2025-08-20,14:54:00,2025-08-17,"2026-08-17 13:39:42","2026-08-17 13:39:42",-8686.75,Sim,Não,Presente,42B2F53FFB86,NULL,NULL,663,2025-08-20,"Cuscuz de frango com suco de goiaba",3,"Lanche da Tarde",05:00:00,14:50:00,1,"Campus Cedro",NULL,NULL,NULL,663,16.50,NULL,NULL,NULL,NULL,NULL,NULL
643,"Afonso André Jimenes",48601016,Sim,2027-11-09,Não,Não,Não,Sim,258,NULL,NULL,5,"Licenciatura em Física",FIS,3,Noite,1,"Campus Cedro",Não,Não,Não,Não,Não,Não,NULL,NULL,NULL,NULL,NULL,NULL,NULL,NULL,Não,35643,2025-08-15,08:39:00,2025-08-12,"2026-08-17 13:39:42","2026-08-17 13:39:42",-8813.00,Sim,Não,Presente,7880B50D78EC,NULL,NULL,649,2025-08-15,"Canja de frango",1,"Lanche da Manhã",05:00:00,08:00:00,1,"Campus Cedro",NULL,NULL,NULL,649,7.62,NULL,NULL,NULL,NULL,NULL,NULL
643,"Afonso André Jimenes",48601016,Sim,2027-11-09,Não,Não,Não,Sim,258,NULL,NULL,5,"Licenciatura em Física",FIS,3,Noite,1,"Campus Cedro",Não,Não,Não,Não,Não,Não,NULL,NULL,NULL,NULL,NULL,NULL,NULL,NULL,Não,35642,2025-07-22,08:33:00,2025-07-20,"2026-08-17 13:39:42","2026-08-17 13:39:42",-9389.10,Sim,Não,Presente,316EB9A8C05A,NULL,NULL,577,2025-07-22,"Sanduíche de frango com suco",1,"Lanche da Manhã",05:00:00,08:00:00,1,"Campus Cedro",NULL,NULL,NULL,577,7.28,NULL,NULL,NULL,NULL,NULL,NULL
643,"Afonso André Jimenes",48601016,Sim,2027-11-09,Não,Não,Não,Sim,258,NULL,NULL,5,"Licenciatura em Física",FIS,3,Noite,1,"Campus Cedro",Não,Não,Não,Não,Não,Não,NULL,NULL,NULL,NULL,NULL,NULL,NULL,NULL,Não,35641,2025-07-04,21:10:00,2025-07-03,"2026-08-17 13:39:42","2026-08-17 13:39:42",-9808.48,Sim,Não,Presente,FA6B9D67B386,NULL,NULL,532,2025-07-04,"Risoto cremoso",4,"Lanche da Noite",05:00:00,19:50:00,1,"Campus Cedro",NULL,NULL,NULL,532,23.73,NULL,NULL,NULL,NULL,NULL,NULL
643,"Afonso André Jimenes",48601016,Sim,2027-11-09,Não,Não,Não,Sim,258,NULL,NULL,5,"Licenciatura em Física",FIS,3,Noite,1,"Campus Cedro",Não,Não,Não,Não,Não,Não,NULL,NULL,NULL,NULL,NULL,NULL,NULL,NULL,Não,35640,2025-07-01,07:12:00,2025-06-27,"2026-08-17 13:39:42","2026-08-17 13:39:42",-9894.45,Sim,Não,Presente,C4AF949B40F9,NULL,NULL,517,2025-07-01,"Risoto cremoso",1,"Lanche da Manhã",05:00:00,08:00:00,1,"Campus Cedro",13388,2,"Problema de transporte",517,8.68,NULL,NULL,NULL,NULL,NULL,NULL
643,"Afonso André Jimenes",48601016,Sim,2027-11-09,Não,Não,Não,Sim,258,NULL,NULL,5,"Licenciatura em Física",FIS,3,Noite,1,"Campus Cedro",Não,Não,Não,Não,Não,Não,NULL,NULL,NULL,NULL,NULL,NULL,NULL,NULL,Não,35639,2025-06-17,15:05:00,2025-06-15,"2026-08-17 13:39:42","2026-08-17 13:39:42",-10222.57,Não,Não,Ausente,72AB45ACF1BA,"Imprevisto pessoal",NULL,479,2025-06-17,"Bolo de macaxeira com suco",3,"Lanche da Tarde",05:00:00,14:50:00,1,"Campus Cedro",NULL,NULL,NULL,479,10.15,NULL,NULL,NULL,NULL,NULL,NULL
643,"Afonso André Jimenes",48601016,Sim,2027-11-09,Não,Não,Não,Sim,258,NULL,NULL,5,"Licenciatura em Física",FIS,3,Noite,1,"Campus Cedro",Não,Não,Não,Não,Não,Não,NULL,NULL,NULL,NULL,NULL,NULL,NULL,NULL,Não,35638,2025-06-10,11:39:00,2025-06-07,"2026-08-17 13:39:42","2026-08-17 13:39:42",-10394.00,Sim,Não,Presente,C861CF741F85,NULL,NULL,458,2025-06-10,"Arroz, feijão, peixe assado, pirão e salada",2,Almoço,05:00:00,11:20:00,1,"Campus Cedro",13387,4,"Problema de saúde",458,131.19,NULL,NULL,NULL,NULL,NULL,NULL
643,"Afonso André Jimenes",48601016,Sim,2027-11-09,Não,Não,Não,Sim,258,NULL,NULL,5,"Licenciatura em Física",FIS,3,Noite,1,"Campus Cedro",Não,Não,Não,Não,Não,Não,NULL,NULL,NULL,NULL,NULL,NULL,NULL,NULL,Não,35637,2025-06-04,14:49:00,2025-06-03,"2026-08-17 13:39:42","2026-08-17 13:39:42",-10534.83,Sim,Não,Presente,140F6E94C124,NULL,NULL,443,2025-06-04,"Canja de frango",3,"Lanche da Tarde",05:00:00,14:50:00,1,"Campus Cedro",13386,4,NULL,443,13.41,NULL,NULL,NULL,NULL,NULL,NULL
643,"Afonso André Jimenes",48601016,Sim,2027-11-09,Não,Não,Não,Sim,258,NULL,NULL,5,"Licenciatura em Física",FIS,3,Noite,1,"Campus Cedro",Não,Não,Não,Não,Não,Não,NULL,NULL,NULL,NULL,NULL,NULL,NULL,NULL,Não,35636,2025-06-03,11:55:00,2025-05-31,"2026-08-17 13:39:42","2026-08-17 13:39:42",-10561.73,Sim,Não,Presente,973CA4C5BC0D,NULL,NULL,438,2025-06-03,"Arroz, feijão, peixe ao molho, legumes e salada",2,Almoço,05:00:00,11:20:00,1,"Campus Cedro",NULL,NULL,NULL,438,131.33,NULL,NULL,NULL,NULL,NULL,NULL
643,"Afonso André Jimenes",48601016,Sim,2027-11-09,Não,Não,Não,Sim,258,NULL,NULL,5,"Licenciatura em Física",FIS,3,Noite,1,"Campus Cedro",Não,Não,Não,Não,Não,Não,NULL,NULL,NULL,NULL,NULL,NULL,NULL,NULL,Não,35635,2025-05-22,07:23:00,2025-05-19,"2026-08-17 13:39:42","2026-08-17 13:39:42",-10854.27,Não,Não,Ausente,AE90D4EA5CA1,"Imprevisto pessoal",NULL,405,2025-05-22,"Bolo de milho com suco de goiaba",1,"Lanche da Manhã",05:00:00,08:00:00,1,"Campus Cedro",NULL,NULL,NULL,405,8.57,NULL,NULL,NULL,NULL,NULL,NULL
643,"Afonso André Jimenes",48601016,Sim,2027-11-09,Não,Não,Não,Sim,258,NULL,NULL,5,"Licenciatura em Física",FIS,3,Noite,1,"Campus Cedro",Não,Não,Não,Não,Não,Não,NULL,NULL,NULL,NULL,NULL,NULL,NULL,NULL,Não,35634,2025-05-20,20:16:00,2025-05-19,"2026-08-17 13:39:42","2026-08-17 13:39:42",-10889.38,Não,Sim,Cancelada,8ECA4ED8895E,NULL,NULL,400,2025-05-20,"Cuscuz com queijo e suco",4,"Lanche da Noite",05:00:00,19:50:00,1,"Campus Cedro",NULL,NULL,NULL,400,23.00,NULL,NULL,NULL,NULL,NULL,NULL
643,"Afonso André Jimenes",48601016,Sim,2027-11-09,Não,Não,Não,Sim,258,NULL,NULL,5,"Licenciatura em Física",FIS,3,Noite,1,"Campus Cedro",Não,Não,Não,Não,Não,Não,NULL,NULL,NULL,NULL,NULL,NULL,NULL,NULL,Não,35633,2025-05-08,14:00:00,2025-05-03,"2026-08-17 13:39:42","2026-08-17 13:39:42",-11183.65,Sim,Não,Presente,56C3BCA6FD99,NULL,NULL,367,2025-05-08,"Bolo de chocolate com suco",3,"Lanche da Tarde",05:00:00,14:50:00,1,"Campus Cedro",NULL,NULL,NULL,367,11.17,NULL,NULL,NULL,NULL,NULL,NULL
643,"Afonso André Jimenes",48601016,Sim,2027-11-09,Não,Não,Não,Sim,258,NULL,NULL,5,"Licenciatura em Física",FIS,3,Noite,1,"Campus Cedro",Não,Não,Não,Não,Não,Não,NULL,NULL,NULL,NULL,NULL,NULL,NULL,NULL,Não,35632,2025-05-05,11:36:00,2025-05-05,"2026-08-17 13:39:42","2026-08-17 13:39:42",-11258.05,Sim,Não,Presente,C6B74B2A79ED,NULL,NULL,354,2025-05-05,"Arroz, feijão, frango grelhado, legumes e salada",2,Almoço,05:00:00,11:20:00,1,"Campus Cedro",NULL,NULL,NULL,354,98.70,NULL,NULL,NULL,NULL,NULL,NULL
643,"Afonso André Jimenes",48601016,Sim,2027-11-09,Não,Não,Não,Sim,258,NULL,NULL,5,"Licenciatura em Física",FIS,3,Noite,1,"Campus Cedro",Não,Não,Não,Não,Não,Não,NULL,NULL,NULL,NULL,NULL,NULL,NULL,NULL,Não,35631,2025-05-01,16:36:00,2025-04-26,"2026-08-17 13:39:42","2026-08-17 13:39:42",-11349.05,Sim,Não,Presente,6F23FB073085,NULL,NULL,347,2025-05-01,"Cuscuz de frango com suco de goiaba",3,"Lanche da Tarde",05:00:00,14:50:00,1,"Campus Cedro",NULL,NULL,NULL,347,13.32,NULL,NULL,NULL,NULL,NULL,NULL
643,"Afonso André Jimenes",48601016,Sim,2027-11-09,Não,Não,Não,Sim,258,NULL,NULL,5,"Licenciatura em Física",FIS,3,Noite,1,"Campus Cedro",Não,Não,Não,Não,Não,Não,NULL,NULL,NULL,NULL,NULL,NULL,NULL,NULL,Não,35630,2025-04-28,12:19:00,2025-04-24,"2026-08-17 13:39:42","2026-08-17 13:39:42",-11425.33,Sim,Não,Presente,FEABED7B2220,NULL,NULL,334,2025-04-28,"Arroz, feijão, almôndegas, macarrão e salada",2,Almoço,05:00:00,11:20:00,1,"Campus Cedro",13385,4,"Atividade acadêmica",334,115.21,NULL,NULL,NULL,NULL,NULL,NULL
643,"Afonso André Jimenes",48601016,Sim,2027-11-09,Não,Não,Não,Sim,258,NULL,NULL,5,"Licenciatura em Física",FIS,3,Noite,1,"Campus Cedro",Não,Não,Não,Não,Não,Não,NULL,NULL,NULL,NULL,NULL,NULL,NULL,NULL,Não,35629,2025-04-23,21:50:00,2025-04-20,"2026-08-17 13:39:42","2026-08-17 13:39:42",-11535.82,Não,Sim,Cancelada,7048509C2086,NULL,NULL,324,2025-04-23,"Tapioca de frango com suco",4,"Lanche da Noite",05:00:00,19:50:00,1,"Campus Cedro",NULL,NULL,NULL,324,15.95,NULL,NULL,NULL,NULL,NULL,NULL
643,"Afonso André Jimenes",48601016,Sim,2027-11-09,Não,Não,Não,Sim,258,NULL,NULL,5,"Licenciatura em Física",FIS,3,Noite,1,"Campus Cedro",Não,Não,Não,Não,Não,Não,NULL,NULL,NULL,NULL,NULL,NULL,NULL,NULL,Não,35628,2025-04-14,12:49:00,2025-04-13,"2026-08-17 13:39:42","2026-08-17 13:39:42",-11760.83,Sim,Não,Presente,C7E6F69E8FC3,NULL,NULL,294,2025-04-14,"Arroz, feijão, peixe assado, pirão e salada",2,Almoço,05:00:00,11:20:00,1,"Campus Cedro",13384,2,NULL,294,148.67,NULL,NULL,NULL,NULL,NULL,NULL
643,"Afonso André Jimenes",48601016,Sim,2027-11-09,Não,Não,Não,Sim,258,NULL,NULL,5,"Licenciatura em Física",FIS,3,Noite,1,"Campus Cedro",Não,Não,Não,Não,Não,Não,NULL,NULL,NULL,NULL,NULL,NULL,NULL,NULL,Não,35626,2025-04-04,12:42:00,2025-04-02,"2026-08-17 13:39:42","2026-08-17 13:39:42",-12000.95,Sim,Não,Presente,0F8C3B822284,NULL,NULL,270,2025-04-04,"Arroz, feijão, carne moída com legumes e salada",2,Almoço,05:00:00,11:20:00,1,"Campus Cedro",NULL,NULL,NULL,270,119.70,NULL,NULL,NULL,NULL,NULL,NULL
643,"Afonso André Jimenes",48601016,Sim,2027-11-09,Não,Não,Não,Sim,258,NULL,NULL,5,"Licenciatura em Física",FIS,3,Noite,1,"Campus Cedro",Não,Não,Não,Não,Não,Não,NULL,NULL,NULL,NULL,NULL,NULL,NULL,NULL,Não,35627,2025-04-04,14:16:00,2025-04-01,"2026-08-17 13:39:42","2026-08-17 13:39:42",-11999.38,Sim,Não,Presente,C33CEA51BF78,NULL,NULL,271,2025-04-04,"Risoto cremoso",3,"Lanche da Tarde",05:00:00,14:50:00,1,"Campus Cedro",NULL,NULL,NULL,271,12.99,NULL,NULL,NULL,NULL,NULL,NULL
643,"Afonso André Jimenes",48601016,Sim,2027-11-09,Não,Não,Não,Sim,258,NULL,NULL,5,"Licenciatura em Física",FIS,3,Noite,1,"Campus Cedro",Não,Não,Não,Não,Não,Não,NULL,NULL,NULL,NULL,NULL,NULL,NULL,NULL,Não,35625,2025-03-13,14:09:00,2025-03-10,"2026-08-17 13:39:42","2026-08-17 13:39:42",-12527.50,Não,Não,Ausente,7A67CD91962E,"Problema de transporte",NULL,207,2025-03-13,"Cuscuz de frango com suco de goiaba",3,"Lanche da Tarde",05:00:00,14:50:00,1,"Campus Cedro",NULL,NULL,NULL,207,12.55,NULL,NULL,NULL,NULL,NULL,NULL
643,"Afonso André Jimenes",48601016,Sim,2027-11-09,Não,Não,Não,Sim,258,NULL,NULL,5,"Licenciatura em Física",FIS,3,Noite,1,"Campus Cedro",Não,Não,Não,Não,Não,Não,NULL,NULL,NULL,NULL,NULL,NULL,NULL,NULL,Não,35624,2025-03-10,20:51:00,2025-03-06,"2026-08-17 13:39:42","2026-08-17 13:39:42",-12592.80,Sim,Não,Presente,D61458975C1F,NULL,NULL,196,2025-03-10,"Sanduíche de frango com suco",4,"Lanche da Noite",05:00:00,19:50:00,1,"Campus Cedro",13383,4,NULL,196,16.65,NULL,NULL,NULL,NULL,NULL,NULL
643,"Afonso André Jimenes",48601016,Sim,2027-11-09,Não,Não,Não,Sim,258,NULL,NULL,5,"Licenciatura em Física",FIS,3,Noite,1,"Campus Cedro",Não,Não,Não,Não,Não,Não,NULL,NULL,NULL,NULL,NULL,NULL,NULL,NULL,Não,35623,2025-03-06,20:54:00,2025-03-05,"2026-08-17 13:39:42","2026-08-17 13:39:42",-12688.75,Sim,Não,Presente,77B555B570AB,NULL,NULL,188,2025-03-06,"Cuscuz de frango com suco de manga",4,"Lanche da Noite",05:00:00,19:50:00,1,"Campus Cedro",13382,4,"Problema de saúde",188,20.89,NULL,NULL,NULL,NULL,NULL,NULL
643,"Afonso André Jimenes",48601016,Sim,2027-11-09,Não,Não,Não,Sim,258,NULL,NULL,5,"Licenciatura em Física",FIS,3,Noite,1,"Campus Cedro",Não,Não,Não,Não,Não,Não,NULL,NULL,NULL,NULL,NULL,NULL,NULL,NULL,Não,35622,2025-01-31,12:11:00,2025-01-31,"2026-08-17 13:39:42","2026-08-17 13:39:42",-13513.47,Não,Sim,Cancelada,2AAC9EC5DE74,NULL,NULL,90,2025-01-31,"Arroz, feijão, frango assado, farofa e salada",2,Almoço,05:00:00,11:20:00,1,"Campus Cedro",NULL,NULL,NULL,90,101.76,NULL,NULL,NULL,NULL,NULL,NULL
643,"Afonso André Jimenes",48601016,Sim,2027-11-09,Não,Não,Não,Sim,258,NULL,NULL,5,"Licenciatura em Física",FIS,3,Noite,1,"Campus Cedro",Não,Não,Não,Não,Não,Não,NULL,NULL,NULL,NULL,NULL,NULL,NULL,NULL,Não,35621,2025-01-30,11:32:00,2025-01-28,"2026-08-17 13:39:42","2026-08-17 13:39:42",-13538.12,Sim,Não,Presente,64351CB0AA04,NULL,NULL,86,2025-01-30,"Arroz, feijão, carne moída com legumes e salada",2,Almoço,05:00:00,11:20:00,1,"Campus Cedro",NULL,NULL,NULL,86,117.95,NULL,NULL,NULL,NULL,NULL,NULL
643,"Afonso André Jimenes",48601016,Sim,2027-11-09,Não,Não,Não,Sim,258,NULL,NULL,5,"Licenciatura em Física",FIS,3,Noite,1,"Campus Cedro",Não,Não,Não,Não,Não,Não,NULL,NULL,NULL,NULL,NULL,NULL,NULL,NULL,Não,35620,2025-01-28,16:15:00,2025-01-28,"2026-08-17 13:39:42","2026-08-17 13:39:42",-13581.40,Sim,Não,Presente,113BB9627C44,NULL,NULL,79,2025-01-28,"Canja de frango",3,"Lanche da Tarde",05:00:00,14:50:00,1,"Campus Cedro",NULL,NULL,NULL,79,9.10,NULL,NULL,NULL,NULL,NULL,NULL
643,"Afonso André Jimenes",48601016,Sim,2027-11-09,Não,Não,Não,Sim,258,NULL,NULL,5,"Licenciatura em Física",FIS,3,Noite,1,"Campus Cedro",Não,Não,Não,Não,Não,Não,NULL,NULL,NULL,NULL,NULL,NULL,NULL,NULL,Não,35619,2025-01-02,15:57:00,2024-12-28,"2026-08-17 13:39:42","2026-08-17 13:39:42",-14205.70,Sim,Não,Presente,700748B69C9F,NULL,NULL,7,2025-01-02,"Canja de frango",3,"Lanche da Tarde",05:00:00,14:50:00,1,"Campus Cedro",13381,4,NULL,7,12.92,NULL,NULL,NULL,NULL,NULL,NULL
1402,"Afonso Benez Sobrinho",78854982,Sim,2027-11-12,Não,Não,Não,Sim,NULL,NULL,"Laborum assumenda commodi omnis omnis omnis.",5,"Licenciatura em Física",FIS,1,Manhã,1,"Campus Cedro",Não,Não,Não,Não,Não,Não,NULL,NULL,NULL,NULL,NULL,NULL,NULL,NULL,Não,77128,2026-06-15,07:28:00,2026-06-10,"2026-08-17 13:39:48","2026-08-17 13:39:48",-1518.18,Sim,Não,Presente,1BC89CAB33D8,NULL,NULL,1513,2026-06-15,"Sanduíche de frango com suco",1,"Lanche da Manhã",05:00:00,08:00:00,1,"Campus Cedro",29010,5,NULL,1513,8.12,NULL,NULL,NULL,NULL,NULL,NULL
1402,"Afonso Benez Sobrinho",78854982,Sim,2027-11-12,Não,Não,Não,Sim,NULL,NULL,"Laborum assumenda commodi omnis omnis omnis.",5,"Licenciatura em Física",FIS,1,Manhã,1,"Campus Cedro",Não,Não,Não,Não,Não,Não,NULL,NULL,NULL,NULL,NULL,NULL,NULL,NULL,Não,77129,2026-06-15,11:16:00,2026-06-15,"2026-08-17 13:39:48","2026-08-17 13:39:48",-1514.38,Sim,Não,Presente,9C96860DC4AB,NULL,NULL,1514,2026-06-15,"Arroz, feijão, frango ensopado, farofa e salada",2,Almoço,05:00:00,11:20:00,1,"Campus Cedro",29011,4,NULL,1514,111.98,NULL,NULL,NULL,NULL,NULL,NULL
1402,"Afonso Benez Sobrinho",78854982,Sim,2027-11-12,Não,Não,Não,Sim,NULL,NULL,"Laborum assumenda commodi omnis omnis omnis.",5,"Licenciatura em Física",FIS,1,Manhã,1,"Campus Cedro",Não,Não,Não,Não,Não,Não,NULL,NULL,NULL,NULL,NULL,NULL,NULL,NULL,Não,77127,2026-06-11,16:10:00,2026-06-11,"2026-08-17 13:39:48","2026-08-17 13:39:48",-1605.48,Sim,Não,Presente,2A24D3409283,NULL,NULL,1507,2026-06-11,"Tapioca com queijo e suco",3,"Lanche da Tarde",05:00:00,14:50:00,1,"Campus Cedro",NULL,NULL,NULL,1507,13.58,NULL,NULL,NULL,NULL,NULL,NULL
1402,"Afonso Benez Sobrinho",78854982,Sim,2027-11-12,Não,Não,Não,Sim,NULL,NULL,"Laborum assumenda commodi omnis omnis omnis.",5,"Licenciatura em Física",FIS,1,Manhã,1,"Campus Cedro",Não,Não,Não,Não,Não,Não,NULL,NULL,NULL,NULL,NULL,NULL,NULL,NULL,Não,77126,2026-06-09,11:24:00,2026-06-04,"2026-08-17 13:39:48","2026-08-17 13:39:48",-1658.25,Sim,Não,Presente,89B6DA112BD4,NULL,NULL,1498,2026-06-09,"Arroz, feijão, carne de panela, purê e salada",2,Almoço,05:00:00,11:20:00,1,"Campus Cedro",29009,5,NULL,1498,80.81,NULL,NULL,NULL,NULL,NULL,NULL
1402,"Afonso Benez Sobrinho",78854982,Sim,2027-11-12,Não,Não,Não,Sim,NULL,NULL,"Laborum assumenda commodi omnis omnis omnis.",5,"Licenciatura em Física",FIS,1,Manhã,1,"Campus Cedro",Não,Não,Não,Não,Não,Não,NULL,NULL,NULL,NULL,NULL,NULL,NULL,NULL,Não,77125,2026-06-08,07:26:00,2026-06-08,"2026-08-17 13:39:48","2026-08-17 13:39:48",-1686.22,Sim,Não,Presente,67572D0B6FF1,NULL,NULL,1493,2026-06-08,"Bolo de milho com suco de goiaba",1,"Lanche da Manhã",05:00:00,08:00:00,1,"Campus Cedro",NULL,NULL,NULL,1493,4.91,NULL,NULL,NULL,NULL,NULL,NULL
1402,"Afonso Benez Sobrinho",78854982,Sim,2027-11-12,Não,Não,Não,Sim,NULL,NULL,"Laborum assumenda commodi omnis omnis omnis.",5,"Licenciatura em Física",FIS,1,Manhã,1,"Campus Cedro",Não,Não,Não,Não,Não,Não,NULL,NULL,NULL,NULL,NULL,NULL,NULL,NULL,Não,77124,2026-06-03,19:48:00,2026-05-31,"2026-08-17 13:39:48","2026-08-17 13:39:48",-1793.85,Não,Sim,Cancelada,81D00933162E,NULL,NULL,1484,2026-06-03,"Canja de frango",4,"Lanche da Noite",05:00:00,19:50:00,1,"Campus Cedro",NULL,NULL,NULL,1484,20.06,NULL,NULL,NULL,NULL,NULL,NULL
1402,"Afonso Benez Sobrinho",78854982,Sim,2027-11-12,Não,Não,Não,Sim,NULL,NULL,"Laborum assumenda commodi omnis omnis omnis.",5,"Licenciatura em Física",FIS,1,Manhã,1,"Campus Cedro",Não,Não,Não,Não,Não,Não,NULL,NULL,NULL,NULL,NULL,NULL,NULL,NULL,Não,77123,2026-05-29,15:43:00,2026-05-27,"2026-08-17 13:39:48","2026-08-17 13:39:48",-1917.93,Sim,Não,Presente,A4C0F26A61B4,NULL,NULL,1471,2026-05-29,"Risoto cremoso",3,"Lanche da Tarde",05:00:00,14:50:00,1,"Campus Cedro",29008,5,NULL,1471,12.71,NULL,NULL,NULL,NULL,NULL,NULL
1402,"Afonso Benez Sobrinho",78854982,Sim,2027-11-12,Não,Não,Não,Sim,NULL,NULL,"Laborum assumenda commodi omnis omnis omnis.",5,"Licenciatura em Física",FIS,1,Manhã,1,"Campus Cedro",Não,Não,Não,Não,Não,Não,NULL,NULL,NULL,NULL,NULL,NULL,NULL,NULL,Não,77122,2026-05-18,14:09:00,2026-05-18,"2026-08-17 13:39:48","2026-08-17 13:39:48",-2183.50,Sim,Não,Presente,4E49E505A5E0,NULL,NULL,1435,2026-05-18,"Tapioca com queijo e suco",3,"Lanche da Tarde",05:00:00,14:50:00,1,"Campus Cedro",29007,5,NULL,1435,12.67,NULL,NULL,NULL,NULL,NULL,NULL
1402,"Afonso Benez Sobrinho",78854982,Sim,2027-11-12,Não,Não,Não,Sim,NULL,NULL,"Laborum assumenda commodi omnis omnis omnis.",5,"Licenciatura em Física",FIS,1,Manhã,1,"Campus Cedro",Não,Não,Não,Não,Não,Não,NULL,NULL,NULL,NULL,NULL,NULL,NULL,NULL,Não,77121,2026-05-11,08:57:00,2026-05-06,"2026-08-17 13:39:48","2026-08-17 13:39:48",-2356.70,Sim,Não,Presente,53A025782EF4,NULL,NULL,1413,2026-05-11,"Cuscuz com carne moída e suco",1,"Lanche da Manhã",05:00:00,08:00:00,1,"Campus Cedro",NULL,NULL,NULL,1413,9.31,NULL,NULL,NULL,NULL,NULL,NULL
1402,"Afonso Benez Sobrinho",78854982,Sim,2027-11-12,Não,Não,Não,Sim,NULL,NULL,"Laborum assumenda commodi omnis omnis omnis.",5,"Licenciatura em Física",FIS,1,Manhã,1,"Campus Cedro",Não,Não,Não,Não,Não,Não,NULL,NULL,NULL,NULL,NULL,NULL,NULL,NULL,Não,77120,2026-05-05,19:47:00,2026-05-04,"2026-08-17 13:39:48","2026-08-17 13:39:48",-2489.87,Sim,Não,Presente,0747764F7AEC,NULL,NULL,1400,2026-05-05,"Cuscuz de frango com suco de manga",4,"Lanche da Noite",05:00:00,19:50:00,1,"Campus Cedro",29006,4,NULL,1400,18.31,NULL,NULL,NULL,NULL,NULL,NULL
1402,"Afonso Benez Sobrinho",78854982,Sim,2027-11-12,Não,Não,Não,Sim,NULL,NULL,"Laborum assumenda commodi omnis omnis omnis.",5,"Licenciatura em Física",FIS,1,Manhã,1,"Campus Cedro",Não,Não,Não,Não,Não,Não,NULL,NULL,NULL,NULL,NULL,NULL,NULL,NULL,Não,77119,2026-05-04,07:40:00,2026-05-02,"2026-08-17 13:39:48","2026-08-17 13:39:48",-2525.98,Sim,Não,Presente,C3CC0450649C,NULL,NULL,1393,2026-05-04,"Cuscuz com carne moída e suco",1,"Lanche da Manhã",05:00:00,08:00:00,1,"Campus Cedro",29005,3,NULL,1393,7.99,NULL,NULL,NULL,NULL,NULL,NULL
1402,"Afonso Benez Sobrinho",78854982,Sim,2027-11-12,Não,Não,Não,Sim,NULL,NULL,"Laborum assumenda commodi omnis omnis omnis.",5,"Licenciatura em Física",FIS,1,Manhã,1,"Campus Cedro",Não,Não,Não,Não,Não,Não,NULL,NULL,NULL,NULL,NULL,NULL,NULL,NULL,Não,77118,2026-05-01,16:19:00,2026-04-27,"2026-08-17 13:39:48","2026-08-17 13:39:48",-2589.33,Sim,Não,Presente,20DDC92A4490,NULL,NULL,1391,2026-05-01,"Tapioca com queijo e suco",3,"Lanche da Tarde",05:00:00,14:50:00,1,"Campus Cedro",29004,5,NULL,1391,9.48,NULL,NULL,NULL,NULL,NULL,NULL
1402,"Afonso Benez Sobrinho",78854982,Sim,2027-11-12,Não,Não,Não,Sim,NULL,NULL,"Laborum assumenda commodi omnis omnis omnis.",5,"Licenciatura em Física",FIS,1,Manhã,1,"Campus Cedro",Não,Não,Não,Não,Não,Não,NULL,NULL,NULL,NULL,NULL,NULL,NULL,NULL,Não,77117,2026-04-22,14:36:00,2026-04-18,"2026-08-17 13:39:48","2026-08-17 13:39:48",-2807.05,Sim,Não,Presente,783D47D40237,NULL,NULL,1363,2026-04-22,"Bolo de chocolate com suco",3,"Lanche da Tarde",05:00:00,14:50:00,1,"Campus Cedro",29003,5,NULL,1363,11.35,NULL,NULL,NULL,NULL,NULL,NULL
1402,"Afonso Benez Sobrinho",78854982,Sim,2027-11-12,Não,Não,Não,Sim,NULL,NULL,"Laborum assumenda commodi omnis omnis omnis.",5,"Licenciatura em Física",FIS,1,Manhã,1,"Campus Cedro",Não,Não,Não,Não,Não,Não,NULL,NULL,NULL,NULL,NULL,NULL,NULL,NULL,Não,77116,2026-04-21,14:39:00,2026-04-17,"2026-08-17 13:39:48","2026-08-17 13:39:48",-2831.00,Sim,Não,Presente,C7E5A618DF38,NULL,NULL,1359,2026-04-21,"Bolo de chocolate com suco",3,"Lanche da Tarde",05:00:00,14:50:00,1,"Campus Cedro",29002,4,NULL,1359,9.99,NULL,NULL,NULL,NULL,NULL,NULL
1402,"Afonso Benez Sobrinho",78854982,Sim,2027-11-12,Não,Não,Não,Sim,NULL,NULL,"Laborum assumenda commodi omnis omnis omnis.",5,"Licenciatura em Física",FIS,1,Manhã,1,"Campus Cedro",Não,Não,Não,Não,Não,Não,NULL,NULL,NULL,NULL,NULL,NULL,NULL,NULL,Não,77115,2026-04-20,21:46:00,2026-04-20,"2026-08-17 13:39:48","2026-08-17 13:39:48",-2847.88,Sim,Não,Presente,1BB3730CD733,NULL,NULL,1356,2026-04-20,"Risoto cremoso",4,"Lanche da Noite",05:00:00,19:50:00,1,"Campus Cedro",29001,4,NULL,1356,20.31,NULL,NULL,NULL,NULL,NULL,NULL
1402,"Afonso Benez Sobrinho",78854982,Sim,2027-11-12,Não,Não,Não,Sim,NULL,NULL,"Laborum assumenda commodi omnis omnis omnis.",5,"Licenciatura em Física",FIS,1,Manhã,1,"Campus Cedro",Não,Não,Não,Não,Não,Não,NULL,NULL,NULL,NULL,NULL,NULL,NULL,NULL,Não,77114,2026-04-16,07:38:00,2026-04-13,"2026-08-17 13:39:48","2026-08-17 13:39:48",-2958.02,Sim,Não,Presente,07FFC1524708,NULL,NULL,1345,2026-04-16,"Bolo de milho com suco de goiaba",1,"Lanche da Manhã",05:00:00,08:00:00,1,"Campus Cedro",NULL,NULL,NULL,1345,7.38,NULL,NULL,NULL,NULL,NULL,NULL
1402,"Afonso Benez Sobrinho",78854982,Sim,2027-11-12,Não,Não,Não,Sim,NULL,NULL,"Laborum assumenda commodi omnis omnis omnis.",5,"Licenciatura em Física",FIS,1,Manhã,1,"Campus Cedro",Não,Não,Não,Não,Não,Não,NULL,NULL,NULL,NULL,NULL,NULL,NULL,NULL,Não,77113,2026-04-07,08:45:00,2026-04-04,"2026-08-17 13:39:48","2026-08-17 13:39:48",-3172.90,Sim,Não,Presente,1FF6BF461626,NULL,NULL,1317,2026-04-07,"Canja de frango",1,"Lanche da Manhã",05:00:00,08:00:00,1,"Campus Cedro",NULL,NULL,NULL,1317,10.15,NULL,NULL,NULL,NULL,NULL,NULL
1402,"Afonso Benez Sobrinho",78854982,Sim,2027-11-12,Não,Não,Não,Sim,NULL,NULL,"Laborum assumenda commodi omnis omnis omnis.",5,"Licenciatura em Física",FIS,1,Manhã,1,"Campus Cedro",Não,Não,Não,Não,Não,Não,NULL,NULL,NULL,NULL,NULL,NULL,NULL,NULL,Não,77112,2026-03-24,20:21:00,2026-03-22,"2026-08-17 13:39:48","2026-08-17 13:39:48",-3497.30,Sim,Não,Presente,154377DF6F0E,NULL,NULL,1280,2026-03-24,"Tapioca de frango com suco",4,"Lanche da Noite",05:00:00,19:50:00,1,"Campus Cedro",29000,4,NULL,1280,19.26,NULL,NULL,NULL,NULL,NULL,NULL
1402,"Afonso Benez Sobrinho",78854982,Sim,2027-11-12,Não,Não,Não,Sim,NULL,NULL,"Laborum assumenda commodi omnis omnis omnis.",5,"Licenciatura em Física",FIS,1,Manhã,1,"Campus Cedro",Não,Não,Não,Não,Não,Não,NULL,NULL,NULL,NULL,NULL,NULL,NULL,NULL,Não,77111,2026-03-23,08:28:00,2026-03-19,"2026-08-17 13:39:48","2026-08-17 13:39:48",-3533.18,Sim,Não,Presente,24D36A3BCDBF,NULL,NULL,1273,2026-03-23,"Bolo de macaxeira com café",1,"Lanche da Manhã",05:00:00,08:00:00,1,"Campus Cedro",28999,3,NULL,1273,7.19,NULL,NULL,NULL,NULL,NULL,NULL
1402,"Afonso Benez Sobrinho",78854982,Sim,2027-11-12,Não,Não,Não,Sim,NULL,NULL,"Laborum assumenda commodi omnis omnis omnis.",5,"Licenciatura em Física",FIS,1,Manhã,1,"Campus Cedro",Não,Não,Não,Não,Não,Não,NULL,NULL,NULL,NULL,NULL,NULL,NULL,NULL,Não,77110,2026-03-04,11:46:00,2026-03-02,"2026-08-17 13:39:48","2026-08-17 13:39:48",-3985.88,Sim,Não,Presente,4D74427783A2,NULL,NULL,1222,2026-03-04,"Arroz, feijão, frango ao molho, purê e legumes",2,Almoço,05:00:00,11:20:00,1,"Campus Cedro",28998,5,NULL,1222,116.32,NULL,NULL,NULL,NULL,NULL,NULL
1402,"Afonso Benez Sobrinho",78854982,Sim,2027-11-12,Não,Não,Não,Sim,NULL,NULL,"Laborum assumenda commodi omnis omnis omnis.",5,"Licenciatura em Física",FIS,1,Manhã,1,"Campus Cedro",Não,Não,Não,Não,Não,Não,NULL,NULL,NULL,NULL,NULL,NULL,NULL,NULL,Não,77109,2026-03-02,07:07:00,2026-03-02,"2026-08-17 13:39:48","2026-08-17 13:39:48",-4038.53,Sim,Não,Presente,DEC631E944C2,NULL,NULL,1213,2026-03-02,"Cuscuz com frango e suco de manga",1,"Lanche da Manhã",05:00:00,08:00:00,1,"Campus Cedro",28997,3,"Ausência justificada pelo estudante",1213,8.28,NULL,NULL,NULL,NULL,NULL,NULL
1402,"Afonso Benez Sobrinho",78854982,Sim,2027-11-12,Não,Não,Não,Sim,NULL,NULL,"Laborum assumenda commodi omnis omnis omnis.",5,"Licenciatura em Física",FIS,1,Manhã,1,"Campus Cedro",Não,Não,Não,Não,Não,Não,NULL,NULL,NULL,NULL,NULL,NULL,NULL,NULL,Não,77107,2026-02-26,07:19:00,2026-02-24,"2026-08-17 13:39:48","2026-08-17 13:39:48",-4134.33,Sim,Não,Presente,E49BB9566E8D,NULL,NULL,1205,2026-02-26,"Cuscuz com frango e suco de manga",1,"Lanche da Manhã",05:00:00,08:00:00,1,"Campus Cedro",28995,2,"Imprevisto pessoal",1205,7.25,NULL,NULL,NULL,NULL,NULL,NULL
1402,"Afonso Benez Sobrinho",78854982,Sim,2027-11-12,Não,Não,Não,Sim,NULL,NULL,"Laborum assumenda commodi omnis omnis omnis.",5,"Licenciatura em Física",FIS,1,Manhã,1,"Campus Cedro",Não,Não,Não,Não,Não,Não,NULL,NULL,NULL,NULL,NULL,NULL,NULL,NULL,Não,77108,2026-02-26,19:02:00,2026-02-22,"2026-08-17 13:39:48","2026-08-17 13:39:48",-4122.62,Sim,Não,Presente,9E9F1108A0C4,NULL,NULL,1208,2026-02-26,"Cuscuz com queijo e suco",4,"Lanche da Noite",05:00:00,19:50:00,1,"Campus Cedro",28996,2,NULL,1208,21.49,NULL,NULL,NULL,NULL,NULL,NULL
1402,"Afonso Benez Sobrinho",78854982,Sim,2027-11-12,Não,Não,Não,Sim,NULL,NULL,"Laborum assumenda commodi omnis omnis omnis.",5,"Licenciatura em Física",FIS,1,Manhã,1,"Campus Cedro",Não,Não,Não,Não,Não,Não,NULL,NULL,NULL,NULL,NULL,NULL,NULL,NULL,Não,77106,2026-02-25,08:37:00,2026-02-20,"2026-08-17 13:39:48","2026-08-17 13:39:48",-4157.03,Sim,Não,Presente,67B4862F5F43,NULL,NULL,1201,2026-02-25,"Bolo de macaxeira com café",1,"Lanche da Manhã",05:00:00,08:00:00,1,"Campus Cedro",28994,4,NULL,1201,6.52,NULL,NULL,NULL,NULL,NULL,NULL
1402,"Afonso Benez Sobrinho",78854982,Sim,2027-11-12,Não,Não,Não,Sim,NULL,NULL,"Laborum assumenda commodi omnis omnis omnis.",5,"Licenciatura em Física",FIS,1,Manhã,1,"Campus Cedro",Não,Não,Não,Não,Não,Não,NULL,NULL,NULL,NULL,NULL,NULL,NULL,NULL,Não,77105,2026-02-13,11:51:00,2026-02-12,"2026-08-17 13:39:48","2026-08-17 13:39:48",-4441.80,Sim,Não,Presente,ABE77D66CE79,NULL,NULL,1170,2026-02-13,"Arroz, feijão, carne cozida com batatas e salada",2,Almoço,05:00:00,11:20:00,1,"Campus Cedro",28993,5,"Problema de transporte",1170,108.96,NULL,NULL,NULL,NULL,NULL,NULL
1402,"Afonso Benez Sobrinho",78854982,Sim,2027-11-12,Não,Não,Não,Sim,NULL,NULL,"Laborum assumenda commodi omnis omnis omnis.",5,"Licenciatura em Física",FIS,1,Manhã,1,"Campus Cedro",Não,Não,Não,Não,Não,Não,NULL,NULL,NULL,NULL,NULL,NULL,NULL,NULL,Não,77104,2026-02-04,14:30:00,2026-02-03,"2026-08-17 13:39:48","2026-08-17 13:39:48",-4655.15,Sim,Não,Presente,A709F9200EC6,NULL,NULL,1143,2026-02-04,"Cuscuz com carne moída e suco",3,"Lanche da Tarde",05:00:00,14:50:00,1,"Campus Cedro",NULL,NULL,NULL,1143,12.51,NULL,NULL,NULL,NULL,NULL,NULL
1402,"Afonso Benez Sobrinho",78854982,Sim,2027-11-12,Não,Não,Não,Sim,NULL,NULL,"Laborum assumenda commodi omnis omnis omnis.",5,"Licenciatura em Física",FIS,1,Manhã,1,"Campus Cedro",Não,Não,Não,Não,Não,Não,NULL,NULL,NULL,NULL,NULL,NULL,NULL,NULL,Não,77103,2026-01-28,15:00:00,2026-01-26,"2026-08-17 13:39:48","2026-08-17 13:39:48",-4822.65,Sim,Não,Presente,A641096F4AEF,NULL,NULL,1123,2026-01-28,"Bolo de milho com suco de manga",3,"Lanche da Tarde",05:00:00,14:50:00,1,"Campus Cedro",NULL,NULL,NULL,1123,11.96,NULL,NULL,NULL,NULL,NULL,NULL
1402,"Afonso Benez Sobrinho",78854982,Sim,2027-11-12,Não,Não,Não,Sim,NULL,NULL,"Laborum assumenda commodi omnis omnis omnis.",5,"Licenciatura em Física",FIS,1,Manhã,1,"Campus Cedro",Não,Não,Não,Não,Não,Não,NULL,NULL,NULL,NULL,NULL,NULL,NULL,NULL,Não,77102,2026-01-15,19:35:00,2026-01-14,"2026-08-17 13:39:48","2026-08-17 13:39:48",-5130.07,Sim,Não,Presente,39729CB3604E,NULL,NULL,1088,2026-01-15,"Canja de frango",4,"Lanche da Noite",05:00:00,19:50:00,1,"Campus Cedro",28992,4,"Problema de transporte",1088,21.40,NULL,NULL,NULL,NULL,NULL,NULL
1402,"Afonso Benez Sobrinho",78854982,Sim,2027-11-12,Não,Não,Não,Sim,NULL,NULL,"Laborum assumenda commodi omnis omnis omnis.",5,"Licenciatura em Física",FIS,1,Manhã,1,"Campus Cedro",Não,Não,Não,Não,Não,Não,NULL,NULL,NULL,NULL,NULL,NULL,NULL,NULL,Não,77100,2026-01-05,11:28:00,2026-01-04,"2026-08-17 13:39:48","2026-08-17 13:39:48",-5378.18,Sim,Não,Presente,A28767669A80,NULL,NULL,1054,2026-01-05,"Arroz, feijão, frango assado, macarrão e salada",2,Almoço,05:00:00,11:20:00,1,"Campus Cedro",28991,3,"Imprevisto pessoal",1054,117.36,NULL,NULL,NULL,NULL,NULL,NULL
1402,"Afonso Benez Sobrinho",78854982,Sim,2027-11-12,Não,Não,Não,Sim,NULL,NULL,"Laborum assumenda commodi omnis omnis omnis.",5,"Licenciatura em Física",FIS,1,Manhã,1,"Campus Cedro",Não,Não,Não,Não,Não,Não,NULL,NULL,NULL,NULL,NULL,NULL,NULL,NULL,Não,77101,2026-01-05,20:56:00,2026-01-01,"2026-08-17 13:39:48","2026-08-17 13:39:48",-5368.72,Sim,Não,Presente,8B77A7F64A93,NULL,NULL,1056,2026-01-05,"Bolo de macaxeira com suco",4,"Lanche da Noite",05:00:00,19:50:00,1,"Campus Cedro",NULL,NULL,NULL,1056,20.78,NULL,NULL,NULL,NULL,NULL,NULL
1402,"Afonso Benez Sobrinho",78854982,Sim,2027-11-12,Não,Não,Não,Sim,NULL,NULL,"Laborum assumenda commodi omnis omnis omnis.",5,"Licenciatura em Física",FIS,1,Manhã,1,"Campus Cedro",Não,Não,Não,Não,Não,Não,NULL,NULL,NULL,NULL,NULL,NULL,NULL,NULL,Não,77099,2025-12-30,11:11:00,2025-12-28,"2026-08-17 13:39:48","2026-08-17 13:39:48",-5522.47,Sim,Não,Presente,51529D53F9B2,NULL,NULL,1038,2025-12-30,"Arroz, feijão, carne cozida, macarrão e salada",2,Almoço,05:00:00,11:20:00,1,"Campus Cedro",28990,3,"Problema de transporte",1038,117.47,NULL,NULL,NULL,NULL,NULL,NULL
1402,"Afonso Benez Sobrinho",78854982,Sim,2027-11-12,Não,Não,Não,Sim,NULL,NULL,"Laborum assumenda commodi omnis omnis omnis.",5,"Licenciatura em Física",FIS,1,Manhã,1,"Campus Cedro",Não,Não,Não,Não,Não,Não,NULL,NULL,NULL,NULL,NULL,NULL,NULL,NULL,Não,77098,2025-12-29,15:21:00,2025-12-25,"2026-08-17 13:39:48","2026-08-17 13:39:48",-5542.30,Não,Não,Ausente,776131F8AB88,"Problema de saúde",NULL,1035,2025-12-29,"Pão com frango desfiado e suco",3,"Lanche da Tarde",05:00:00,14:50:00,1,"Campus Cedro",NULL,NULL,NULL,1035,12.37,NULL,NULL,NULL,NULL,NULL,NULL
1402,"Afonso Benez Sobrinho",78854982,Sim,2027-11-12,Não,Não,Não,Sim,NULL,NULL,"Laborum assumenda commodi omnis omnis omnis.",5,"Licenciatura em Física",FIS,1,Manhã,1,"Campus Cedro",Não,Não,Não,Não,Não,Não,NULL,NULL,NULL,NULL,NULL,NULL,NULL,NULL,Não,77097,2025-12-22,12:16:00,2025-12-19,"2026-08-17 13:39:48","2026-08-17 13:39:48",-5713.38,Sim,Não,Presente,D1CA629BC4C3,NULL,NULL,1014,2025-12-22,"Arroz, feijão, frango assado, macarrão e salada",2,Almoço,05:00:00,11:20:00,1,"Campus Cedro",28989,5,"Problema de transporte",1014,111.46,NULL,NULL,NULL,NULL,NULL,NULL
1402,"Afonso Benez Sobrinho",78854982,Sim,2027-11-12,Não,Não,Não,Sim,NULL,NULL,"Laborum assumenda commodi omnis omnis omnis.",5,"Licenciatura em Física",FIS,1,Manhã,1,"Campus Cedro",Não,Não,Não,Não,Não,Não,NULL,NULL,NULL,NULL,NULL,NULL,NULL,NULL,Não,77096,2025-12-18,08:40:00,2025-12-16,"2026-08-17 13:39:48","2026-08-17 13:39:48",-5812.98,Sim,Não,Presente,79334109D582,NULL,NULL,1005,2025-12-18,"Sanduíche de frango com suco",1,"Lanche da Manhã",05:00:00,08:00:00,1,"Campus Cedro",NULL,NULL,NULL,1005,8.41,NULL,NULL,NULL,NULL,NULL,NULL
1402,"Afonso Benez Sobrinho",78854982,Sim,2027-11-12,Não,Não,Não,Sim,NULL,NULL,"Laborum assumenda commodi omnis omnis omnis.",5,"Licenciatura em Física",FIS,1,Manhã,1,"Campus Cedro",Não,Não,Não,Não,Não,Não,NULL,NULL,NULL,NULL,NULL,NULL,NULL,NULL,Não,77095,2025-12-12,16:51:00,2025-12-10,"2026-08-17 13:39:48","2026-08-17 13:39:48",-5948.80,Sim,Não,Presente,BE256F18E399,NULL,NULL,991,2025-12-12,"Bolo de macaxeira com suco",3,"Lanche da Tarde",05:00:00,14:50:00,1,"Campus Cedro",NULL,NULL,NULL,991,13.28,NULL,NULL,NULL,NULL,NULL,NULL
1402,"Afonso Benez Sobrinho",78854982,Sim,2027-11-12,Não,Não,Não,Sim,NULL,NULL,"Laborum assumenda commodi omnis omnis omnis.",5,"Licenciatura em Física",FIS,1,Manhã,1,"Campus Cedro",Não,Não,Não,Não,Não,Não,NULL,NULL,NULL,NULL,NULL,NULL,NULL,NULL,Não,77094,2025-12-08,21:46:00,2025-12-06,"2026-08-17 13:39:48","2026-08-17 13:39:48",-6039.88,Sim,Não,Presente,1EDCFDA57DB7,NULL,NULL,976,2025-12-08,"Bolo de milho com suco",4,"Lanche da Noite",05:00:00,19:50:00,1,"Campus Cedro",NULL,NULL,NULL,976,15.51,NULL,NULL,NULL,NULL,NULL,NULL
1402,"Afonso Benez Sobrinho",78854982,Sim,2027-11-12,Não,Não,Não,Sim,NULL,NULL,"Laborum assumenda commodi omnis omnis omnis.",5,"Licenciatura em Física",FIS,1,Manhã,1,"Campus Cedro",Não,Não,Não,Não,Não,Não,NULL,NULL,NULL,NULL,NULL,NULL,NULL,NULL,Não,77093,2025-12-03,07:09:00,2025-11-28,"2026-08-17 13:39:48","2026-08-17 13:39:48",-6174.50,Não,Não,Ausente,0F826ECCD125,"Compromisso acadêmico",NULL,961,2025-12-03,"Bolo de milho com suco de goiaba",1,"Lanche da Manhã",05:00:00,08:00:00,1,"Campus Cedro",NULL,NULL,NULL,961,7.79,NULL,NULL,NULL,NULL,NULL,NULL
1402,"Afonso Benez Sobrinho",78854982,Sim,2027-11-12,Não,Não,Não,Sim,NULL,NULL,"Laborum assumenda commodi omnis omnis omnis.",5,"Licenciatura em Física",FIS,1,Manhã,1,"Campus Cedro",Não,Não,Não,Não,Não,Não,NULL,NULL,NULL,NULL,NULL,NULL,NULL,NULL,Não,77092,2025-11-20,11:07:00,2025-11-16,"2026-08-17 13:39:48","2026-08-17 13:39:48",-6482.53,Sim,Não,Presente,774A7B6F2749,NULL,NULL,926,2025-11-20,"Arroz, feijão, carne moída com legumes e salada",2,Almoço,05:00:00,11:20:00,1,"Campus Cedro",NULL,NULL,NULL,926,135.87,NULL,NULL,NULL,NULL,NULL,NULL
1402,"Afonso Benez Sobrinho",78854982,Sim,2027-11-12,Não,Não,Não,Sim,NULL,NULL,"Laborum assumenda commodi omnis omnis omnis.",5,"Licenciatura em Física",FIS,1,Manhã,1,"Campus Cedro",Não,Não,Não,Não,Não,Não,NULL,NULL,NULL,NULL,NULL,NULL,NULL,NULL,Não,77091,2025-11-13,15:05:00,2025-11-11,"2026-08-17 13:39:48","2026-08-17 13:39:48",-6646.57,Sim,Não,Presente,BE067779B473,NULL,NULL,907,2025-11-13,"Pão com frango desfiado e suco",3,"Lanche da Tarde",05:00:00,14:50:00,1,"Campus Cedro",28988,2,NULL,907,13.24,NULL,NULL,NULL,NULL,NULL,NULL
1402,"Afonso Benez Sobrinho",78854982,Sim,2027-11-12,Não,Não,Não,Sim,NULL,NULL,"Laborum assumenda commodi omnis omnis omnis.",5,"Licenciatura em Física",FIS,1,Manhã,1,"Campus Cedro",Não,Não,Não,Não,Não,Não,NULL,NULL,NULL,NULL,NULL,NULL,NULL,NULL,Não,77090,2025-11-12,08:39:00,2025-11-11,"2026-08-17 13:39:48","2026-08-17 13:39:48",-6677.00,Sim,Não,Presente,685E72FCFDF2,NULL,NULL,901,2025-11-12,"Tapioca com frango e suco",1,"Lanche da Manhã",05:00:00,08:00:00,1,"Campus Cedro",28987,4,NULL,901,6.55,NULL,NULL,NULL,NULL,NULL,NULL
1402,"Afonso Benez Sobrinho",78854982,Sim,2027-11-12,Não,Não,Não,Sim,NULL,NULL,"Laborum assumenda commodi omnis omnis omnis.",5,"Licenciatura em Física",FIS,1,Manhã,1,"Campus Cedro",Não,Não,Não,Não,Não,Não,NULL,NULL,NULL,NULL,NULL,NULL,NULL,NULL,Não,77088,2025-11-04,12:47:00,2025-11-04,"2026-08-17 13:39:48","2026-08-17 13:39:48",-6864.87,Sim,Não,Presente,726506C553F4,NULL,NULL,878,2025-11-04,"Arroz, feijão, almôndegas, macarrão e salada",2,Almoço,05:00:00,11:20:00,1,"Campus Cedro",NULL,NULL,NULL,878,71.09,NULL,NULL,NULL,NULL,NULL,NULL
1402,"Afonso Benez Sobrinho",78854982,Sim,2027-11-12,Não,Não,Não,Sim,NULL,NULL,"Laborum assumenda commodi omnis omnis omnis.",5,"Licenciatura em Física",FIS,1,Manhã,1,"Campus Cedro",Não,Não,Não,Não,Não,Não,NULL,NULL,NULL,NULL,NULL,NULL,NULL,NULL,Não,77089,2025-11-04,14:29:00,2025-11-01,"2026-08-17 13:39:48","2026-08-17 13:39:48",-6863.17,Sim,Não,Presente,5A7C2439AAEC,NULL,NULL,879,2025-11-04,"Cuscuz de frango com suco de goiaba",3,"Lanche da Tarde",05:00:00,14:50:00,1,"Campus Cedro",28986,5,NULL,879,12.01,NULL,NULL,NULL,NULL,NULL,NULL
1402,"Afonso Benez Sobrinho",78854982,Sim,2027-11-12,Não,Não,Não,Sim,NULL,NULL,"Laborum assumenda commodi omnis omnis omnis.",5,"Licenciatura em Física",FIS,1,Manhã,1,"Campus Cedro",Não,Não,Não,Não,Não,Não,NULL,NULL,NULL,NULL,NULL,NULL,NULL,NULL,Não,77086,2025-10-20,12:18:00,2025-10-18,"2026-08-17 13:39:48","2026-08-17 13:39:48",-7225.35,Sim,Não,Presente,828487066F0C,NULL,NULL,834,2025-10-20,"Arroz, feijão, carne suína, legumes e salada",2,Almoço,05:00:00,11:20:00,1,"Campus Cedro",NULL,NULL,NULL,834,129.26,NULL,NULL,NULL,NULL,NULL,NULL
1402,"Afonso Benez Sobrinho",78854982,Sim,2027-11-12,Não,Não,Não,Sim,NULL,NULL,"Laborum assumenda commodi omnis omnis omnis.",5,"Licenciatura em Física",FIS,1,Manhã,1,"Campus Cedro",Não,Não,Não,Não,Não,Não,NULL,NULL,NULL,NULL,NULL,NULL,NULL,NULL,Não,77087,2025-10-20,20:29:00,2025-10-16,"2026-08-17 13:39:48","2026-08-17 13:39:48",-7217.17,Sim,Não,Presente,823B53AAAB8F,NULL,NULL,836,2025-10-20,"Cuscuz com queijo e suco",4,"Lanche da Noite",05:00:00,19:50:00,1,"Campus Cedro",NULL,NULL,NULL,836,22.81,NULL,NULL,NULL,NULL,NULL,NULL
1402,"Afonso Benez Sobrinho",78854982,Sim,2027-11-12,Não,Não,Não,Sim,NULL,NULL,"Laborum assumenda commodi omnis omnis omnis.",5,"Licenciatura em Física",FIS,1,Manhã,1,"Campus Cedro",Não,Não,Não,Não,Não,Não,NULL,NULL,NULL,NULL,NULL,NULL,NULL,NULL,Não,77085,2025-10-13,14:41:00,2025-10-09,"2026-08-17 13:39:48","2026-08-17 13:39:48",-7390.97,Sim,Não,Presente,C0DFBFA7D5E4,NULL,NULL,815,2025-10-13,"Risoto cremoso",3,"Lanche da Tarde",05:00:00,14:50:00,1,"Campus Cedro",28985,4,NULL,815,12.79,NULL,NULL,NULL,NULL,NULL,NULL
1402,"Afonso Benez Sobrinho",78854982,Sim,2027-11-12,Não,Não,Não,Sim,NULL,NULL,"Laborum assumenda commodi omnis omnis omnis.",5,"Licenciatura em Física",FIS,1,Manhã,1,"Campus Cedro",Não,Não,Não,Não,Não,Não,NULL,NULL,NULL,NULL,NULL,NULL,NULL,NULL,Não,77084,2025-09-09,21:34:00,2025-09-07,"2026-08-17 13:39:48","2026-08-17 13:39:48",-8200.08,Sim,Não,Presente,AAA7FA95A523,NULL,NULL,720,2025-09-09,"Pão com frango desfiado e suco",4,"Lanche da Noite",05:00:00,19:50:00,1,"Campus Cedro",NULL,NULL,NULL,720,20.68,NULL,NULL,NULL,NULL,NULL,NULL
1402,"Afonso Benez Sobrinho",78854982,Sim,2027-11-12,Não,Não,Não,Sim,NULL,NULL,"Laborum assumenda commodi omnis omnis omnis.",5,"Licenciatura em Física",FIS,1,Manhã,1,"Campus Cedro",Não,Não,Não,Não,Não,Não,NULL,NULL,NULL,NULL,NULL,NULL,NULL,NULL,Não,77083,2025-09-05,12:27:00,2025-09-04,"2026-08-17 13:39:48","2026-08-17 13:39:48",-8305.20,Sim,Não,Presente,601CAF95FBAD,NULL,NULL,710,2025-09-05,"Arroz, feijão, almôndegas, macarrão e salada",2,Almoço,05:00:00,11:20:00,1,"Campus Cedro",28984,5,NULL,710,129.29,NULL,NULL,NULL,NULL,NULL,NULL
1402,"Afonso Benez Sobrinho",78854982,Sim,2027-11-12,Não,Não,Não,Sim,NULL,NULL,"Laborum assumenda commodi omnis omnis omnis.",5,"Licenciatura em Física",FIS,1,Manhã,1,"Campus Cedro",Não,Não,Não,Não,Não,Não,NULL,NULL,NULL,NULL,NULL,NULL,NULL,NULL,Não,77082,2025-08-12,08:58:00,2025-08-09,"2026-08-17 13:39:48","2026-08-17 13:39:48",-8884.68,Sim,Não,Presente,B261CE08874A,NULL,NULL,637,2025-08-12,"Cuscuz com queijo e suco",1,"Lanche da Manhã",05:00:00,08:00:00,1,"Campus Cedro",28983,3,NULL,637,9.66,NULL,NULL,NULL,NULL,NULL,NULL
1402,"Afonso Benez Sobrinho",78854982,Sim,2027-11-12,Não,Não,Não,Sim,NULL,NULL,"Laborum assumenda commodi omnis omnis omnis.",5,"Licenciatura em Física",FIS,1,Manhã,1,"Campus Cedro",Não,Não,Não,Não,Não,Não,NULL,NULL,NULL,NULL,NULL,NULL,NULL,NULL,Não,77081,2025-07-31,12:17:00,2025-07-26,"2026-08-17 13:39:48","2026-08-17 13:39:48",-9169.37,Sim,Não,Presente,ADA4BC0E2311,NULL,NULL,606,2025-07-31,"Arroz, feijão, carne moída com legumes e salada",2,Almoço,05:00:00,11:20:00,1,"Campus Cedro",NULL,NULL,NULL,606,124.91,NULL,NULL,NULL,NULL,NULL,NULL
1402,"Afonso Benez Sobrinho",78854982,Sim,2027-11-12,Não,Não,Não,Sim,NULL,NULL,"Laborum assumenda commodi omnis omnis omnis.",5,"Licenciatura em Física",FIS,1,Manhã,1,"Campus Cedro",Não,Não,Não,Não,Não,Não,NULL,NULL,NULL,NULL,NULL,NULL,NULL,NULL,Não,77080,2025-07-24,20:34:00,2025-07-24,"2026-08-17 13:39:48","2026-08-17 13:39:48",-9329.08,Sim,Não,Presente,D82816F273A4,NULL,NULL,588,2025-07-24,"Pão com frango desfiado e suco",4,"Lanche da Noite",05:00:00,19:50:00,1,"Campus Cedro",NULL,NULL,NULL,588,16.49,NULL,NULL,NULL,NULL,NULL,NULL
1402,"Afonso Benez Sobrinho",78854982,Sim,2027-11-12,Não,Não,Não,Sim,NULL,NULL,"Laborum assumenda commodi omnis omnis omnis.",5,"Licenciatura em Física",FIS,1,Manhã,1,"Campus Cedro",Não,Não,Não,Não,Não,Não,NULL,NULL,NULL,NULL,NULL,NULL,NULL,NULL,Não,77079,2025-07-18,20:55:00,2025-07-18,"2026-08-17 13:39:48","2026-08-17 13:39:48",-9472.73,Sim,Não,Presente,46A1FCD21CFC,NULL,NULL,572,2025-07-18,"Bolo de milho com suco",4,"Lanche da Noite",05:00:00,19:50:00,1,"Campus Cedro",28982,1,"Ausência justificada pelo estudante",572,17.19,NULL,NULL,NULL,NULL,NULL,NULL
1402,"Afonso Benez Sobrinho",78854982,Sim,2027-11-12,Não,Não,Não,Sim,NULL,NULL,"Laborum assumenda commodi omnis omnis omnis.",5,"Licenciatura em Física",FIS,1,Manhã,1,"Campus Cedro",Não,Não,Não,Não,Não,Não,NULL,NULL,NULL,NULL,NULL,NULL,NULL,NULL,Não,77078,2025-07-14,07:01:00,2025-07-13,"2026-08-17 13:39:48","2026-08-17 13:39:48",-9582.63,Sim,Não,Presente,C643ABE44BED,NULL,NULL,553,2025-07-14,"Bolo de milho com suco de goiaba",1,"Lanche da Manhã",05:00:00,08:00:00,1,"Campus Cedro",28981,5,NULL,553,7.49,NULL,NULL,NULL,NULL,NULL,NULL
1402,"Afonso Benez Sobrinho",78854982,Sim,2027-11-12,Não,Não,Não,Sim,NULL,NULL,"Laborum assumenda commodi omnis omnis omnis.",5,"Licenciatura em Física",FIS,1,Manhã,1,"Campus Cedro",Não,Não,Não,Não,Não,Não,NULL,NULL,NULL,NULL,NULL,NULL,NULL,NULL,Não,77077,2025-06-20,07:37:00,2025-06-19,"2026-08-17 13:39:48","2026-08-17 13:39:48",-10158.03,Sim,Não,Presente,97C0791852D5,NULL,NULL,489,2025-06-20,"Cuscuz com frango e suco de manga",1,"Lanche da Manhã",05:00:00,08:00:00,1,"Campus Cedro",NULL,NULL,NULL,489,9.11,NULL,NULL,NULL,NULL,NULL,NULL
1402,"Afonso Benez Sobrinho",78854982,Sim,2027-11-12,Não,Não,Não,Sim,NULL,NULL,"Laborum assumenda commodi omnis omnis omnis.",5,"Licenciatura em Física",FIS,1,Manhã,1,"Campus Cedro",Não,Não,Não,Não,Não,Não,NULL,NULL,NULL,NULL,NULL,NULL,NULL,NULL,Não,77076,2025-06-11,20:03:00,2025-06-09,"2026-08-17 13:39:48","2026-08-17 13:39:48",-10361.60,Sim,Não,Presente,DD86E239994E,NULL,NULL,464,2025-06-11,"Risoto cremoso",4,"Lanche da Noite",05:00:00,19:50:00,1,"Campus Cedro",NULL,NULL,NULL,464,28.51,NULL,NULL,NULL,NULL,NULL,NULL
1402,"Afonso Benez Sobrinho",78854982,Sim,2027-11-12,Não,Não,Não,Sim,NULL,NULL,"Laborum assumenda commodi omnis omnis omnis.",5,"Licenciatura em Física",FIS,1,Manhã,1,"Campus Cedro",Não,Não,Não,Não,Não,Não,NULL,NULL,NULL,NULL,NULL,NULL,NULL,NULL,Não,77075,2025-06-10,08:50:00,2025-06-06,"2026-08-17 13:39:48","2026-08-17 13:39:48",-10396.82,Não,Não,Ausente,975DF574D42B,"Ausência justificada pelo estudante",NULL,457,2025-06-10,"Cuscuz com queijo e suco",1,"Lanche da Manhã",05:00:00,08:00:00,1,"Campus Cedro",NULL,NULL,NULL,457,9.22,NULL,NULL,NULL,NULL,NULL,NULL
1402,"Afonso Benez Sobrinho",78854982,Sim,2027-11-12,Não,Não,Não,Sim,NULL,NULL,"Laborum assumenda commodi omnis omnis omnis.",5,"Licenciatura em Física",FIS,1,Manhã,1,"Campus Cedro",Não,Não,Não,Não,Não,Não,NULL,NULL,NULL,NULL,NULL,NULL,NULL,NULL,Não,77074,2025-06-06,21:05:00,2025-06-02,"2026-08-17 13:39:48","2026-08-17 13:39:48",-10480.57,Sim,Não,Presente,4E41AF86A57F,NULL,NULL,452,2025-06-06,"Sanduíche de frango com suco",4,"Lanche da Noite",05:00:00,19:50:00,1,"Campus Cedro",28980,4,"Ausência justificada pelo estudante",452,18.06,NULL,NULL,NULL,NULL,NULL,NULL
1402,"Afonso Benez Sobrinho",78854982,Sim,2027-11-12,Não,Não,Não,Sim,NULL,NULL,"Laborum assumenda commodi omnis omnis omnis.",5,"Licenciatura em Física",FIS,1,Manhã,1,"Campus Cedro",Não,Não,Não,Não,Não,Não,NULL,NULL,NULL,NULL,NULL,NULL,NULL,NULL,Não,77073,2025-06-03,21:22:00,2025-05-31,"2026-08-17 13:39:48","2026-08-17 13:39:48",-10552.28,Não,Sim,Cancelada,BF81B29ADED5,NULL,NULL,440,2025-06-03,"Tapioca com queijo e suco",4,"Lanche da Noite",05:00:00,19:50:00,1,"Campus Cedro",NULL,NULL,NULL,440,18.14,NULL,NULL,NULL,NULL,NULL,NULL
1402,"Afonso Benez Sobrinho",78854982,Sim,2027-11-12,Não,Não,Não,Sim,NULL,NULL,"Laborum assumenda commodi omnis omnis omnis.",5,"Licenciatura em Física",FIS,1,Manhã,1,"Campus Cedro",Não,Não,Não,Não,Não,Não,NULL,NULL,NULL,NULL,NULL,NULL,NULL,NULL,Não,77072,2025-05-15,11:52:00,2025-05-12,"2026-08-17 13:39:48","2026-08-17 13:39:48",-11017.78,Sim,Não,Presente,62D09039A94B,NULL,NULL,386,2025-05-15,"Arroz, feijão, peixe assado, pirão e salada",2,Almoço,05:00:00,11:20:00,1,"Campus Cedro",NULL,NULL,NULL,386,112.39,NULL,NULL,NULL,NULL,NULL,NULL
1402,"Afonso Benez Sobrinho",78854982,Sim,2027-11-12,Não,Não,Não,Sim,NULL,NULL,"Laborum assumenda commodi omnis omnis omnis.",5,"Licenciatura em Física",FIS,1,Manhã,1,"Campus Cedro",Não,Não,Não,Não,Não,Não,NULL,NULL,NULL,NULL,NULL,NULL,NULL,NULL,Não,77070,2025-05-12,11:34:00,2025-05-08,"2026-08-17 13:39:48","2026-08-17 13:39:48",-11090.08,Não,Não,Ausente,226D53DFC3C5,"Compromisso acadêmico",NULL,374,2025-05-12,"Arroz, feijão, frango ensopado, farofa e salada",2,Almoço,05:00:00,11:20:00,1,"Campus Cedro",NULL,NULL,NULL,374,92.56,NULL,NULL,NULL,NULL,NULL,NULL
1402,"Afonso Benez Sobrinho",78854982,Sim,2027-11-12,Não,Não,Não,Sim,NULL,NULL,"Laborum assumenda commodi omnis omnis omnis.",5,"Licenciatura em Física",FIS,1,Manhã,1,"Campus Cedro",Não,Não,Não,Não,Não,Não,NULL,NULL,NULL,NULL,NULL,NULL,NULL,NULL,Não,77071,2025-05-12,15:42:00,2025-05-08,"2026-08-17 13:39:48","2026-08-17 13:39:48",-11085.95,Sim,Não,Presente,63816A7E445B,NULL,NULL,375,2025-05-12,"Risoto cremoso",3,"Lanche da Tarde",05:00:00,14:50:00,1,"Campus Cedro",NULL,NULL,NULL,375,14.41,NULL,NULL,NULL,NULL,NULL,NULL
1402,"Afonso Benez Sobrinho",78854982,Sim,2027-11-12,Não,Não,Não,Sim,NULL,NULL,"Laborum assumenda commodi omnis omnis omnis.",5,"Licenciatura em Física",FIS,1,Manhã,1,"Campus Cedro",Não,Não,Não,Não,Não,Não,NULL,NULL,NULL,NULL,NULL,NULL,NULL,NULL,Não,77069,2025-05-01,16:08:00,2025-04-26,"2026-08-17 13:39:48","2026-08-17 13:39:48",-11349.52,Sim,Não,Presente,06F619BAEF35,NULL,NULL,347,2025-05-01,"Cuscuz de frango com suco de goiaba",3,"Lanche da Tarde",05:00:00,14:50:00,1,"Campus Cedro",28979,4,NULL,347,13.32,NULL,NULL,NULL,NULL,NULL,NULL
1402,"Afonso Benez Sobrinho",78854982,Sim,2027-11-12,Não,Não,Não,Sim,NULL,NULL,"Laborum assumenda commodi omnis omnis omnis.",5,"Licenciatura em Física",FIS,1,Manhã,1,"Campus Cedro",Não,Não,Não,Não,Não,Não,NULL,NULL,NULL,NULL,NULL,NULL,NULL,NULL,Não,77068,2025-04-29,19:48:00,2025-04-26,"2026-08-17 13:39:48","2026-08-17 13:39:48",-11393.85,Não,Sim,Cancelada,842778ED5508,NULL,NULL,340,2025-04-29,"Tapioca com queijo e suco",4,"Lanche da Noite",05:00:00,19:50:00,1,"Campus Cedro",NULL,NULL,NULL,340,15.61,NULL,NULL,NULL,NULL,NULL,NULL
1402,"Afonso Benez Sobrinho",78854982,Sim,2027-11-12,Não,Não,Não,Sim,NULL,NULL,"Laborum assumenda commodi omnis omnis omnis.",5,"Licenciatura em Física",FIS,1,Manhã,1,"Campus Cedro",Não,Não,Não,Não,Não,Não,NULL,NULL,NULL,NULL,NULL,NULL,NULL,NULL,Não,77067,2025-04-16,16:30:00,2025-04-15,"2026-08-17 13:39:48","2026-08-17 13:39:48",-11709.15,Não,Sim,Cancelada,A2B647099008,NULL,NULL,303,2025-04-16,"Cuscuz de frango com suco de goiaba",3,"Lanche da Tarde",05:00:00,14:50:00,1,"Campus Cedro",NULL,NULL,NULL,303,15.83,NULL,NULL,NULL,NULL,NULL,NULL
1402,"Afonso Benez Sobrinho",78854982,Sim,2027-11-12,Não,Não,Não,Sim,NULL,NULL,"Laborum assumenda commodi omnis omnis omnis.",5,"Licenciatura em Física",FIS,1,Manhã,1,"Campus Cedro",Não,Não,Não,Não,Não,Não,NULL,NULL,NULL,NULL,NULL,NULL,NULL,NULL,Não,77066,2025-04-01,20:24:00,2025-03-27,"2026-08-17 13:39:48","2026-08-17 13:39:48",-12065.25,Sim,Não,Presente,FA59829554DF,NULL,NULL,260,2025-04-01,"Sanduíche de frango com suco",4,"Lanche da Noite",05:00:00,19:50:00,1,"Campus Cedro",NULL,NULL,NULL,260,19.79,NULL,NULL,NULL,NULL,NULL,NULL
1402,"Afonso Benez Sobrinho",78854982,Sim,2027-11-12,Não,Não,Não,Sim,NULL,NULL,"Laborum assumenda commodi omnis omnis omnis.",5,"Licenciatura em Física",FIS,1,Manhã,1,"Campus Cedro",Não,Não,Não,Não,Não,Não,NULL,NULL,NULL,NULL,NULL,NULL,NULL,NULL,Não,77065,2025-03-24,12:00:00,2025-03-20,"2026-08-17 13:39:48","2026-08-17 13:39:48",-12265.65,Sim,Não,Presente,185B9164E662,NULL,NULL,234,2025-03-24,"Arroz, feijão, carne de panela, arroz colorido e salada",2,Almoço,05:00:00,11:20:00,1,"Campus Cedro",28978,4,NULL,234,86.17,NULL,NULL,NULL,NULL,NULL,NULL
1402,"Afonso Benez Sobrinho",78854982,Sim,2027-11-12,Não,Não,Não,Sim,NULL,NULL,"Laborum assumenda commodi omnis omnis omnis.",5,"Licenciatura em Física",FIS,1,Manhã,1,"Campus Cedro",Não,Não,Não,Não,Não,Não,NULL,NULL,NULL,NULL,NULL,NULL,NULL,NULL,Não,77064,2025-03-20,12:42:00,2025-03-18,"2026-08-17 13:39:48","2026-08-17 13:39:48",-12360.95,Sim,Não,Presente,9FD13CBF5468,NULL,NULL,226,2025-03-20,"Arroz, feijão, carne de panela, purê e salada",2,Almoço,05:00:00,11:20:00,1,"Campus Cedro",28977,4,"Imprevisto pessoal",226,98.20,NULL,NULL,NULL,NULL,NULL,NULL
1402,"Afonso Benez Sobrinho",78854982,Sim,2027-11-12,Não,Não,Não,Sim,NULL,NULL,"Laborum assumenda commodi omnis omnis omnis.",5,"Licenciatura em Física",FIS,1,Manhã,1,"Campus Cedro",Não,Não,Não,Não,Não,Não,NULL,NULL,NULL,NULL,NULL,NULL,NULL,NULL,Não,77063,2025-03-17,14:21:00,2025-03-13,"2026-08-17 13:39:48","2026-08-17 13:39:48",-12431.30,Não,Não,Ausente,4E9DC4DD6D01,"Atividade acadêmica",NULL,215,2025-03-17,"Canja de frango",3,"Lanche da Tarde",05:00:00,14:50:00,1,"Campus Cedro",NULL,NULL,NULL,215,14.78,NULL,NULL,NULL,NULL,NULL,NULL
1402,"Afonso Benez Sobrinho",78854982,Sim,2027-11-12,Não,Não,Não,Sim,NULL,NULL,"Laborum assumenda commodi omnis omnis omnis.",5,"Licenciatura em Física",FIS,1,Manhã,1,"Campus Cedro",Não,Não,Não,Não,Não,Não,NULL,NULL,NULL,NULL,NULL,NULL,NULL,NULL,Não,77062,2025-03-11,15:05:00,2025-03-10,"2026-08-17 13:39:48","2026-08-17 13:39:48",-12574.57,Sim,Não,Presente,F15689870066,NULL,NULL,199,2025-03-11,"Cuscuz com carne moída e suco",3,"Lanche da Tarde",05:00:00,14:50:00,1,"Campus Cedro",28976,5,NULL,199,10.60,NULL,NULL,NULL,NULL,NULL,NULL
1402,"Afonso Benez Sobrinho",78854982,Sim,2027-11-12,Não,Não,Não,Sim,NULL,NULL,"Laborum assumenda commodi omnis omnis omnis.",5,"Licenciatura em Física",FIS,1,Manhã,1,"Campus Cedro",Não,Não,Não,Não,Não,Não,NULL,NULL,NULL,NULL,NULL,NULL,NULL,NULL,Não,77061,2025-02-25,07:10:00,2025-02-20,"2026-08-17 13:39:48","2026-08-17 13:39:48",-12918.48,Sim,Não,Presente,193217EB85C4,NULL,NULL,157,2025-02-25,"Cuscuz com queijo e suco",1,"Lanche da Manhã",05:00:00,08:00:00,1,"Campus Cedro",28975,5,NULL,157,9.40,NULL,NULL,NULL,NULL,NULL,NULL
1402,"Afonso Benez Sobrinho",78854982,Sim,2027-11-12,Não,Não,Não,Sim,NULL,NULL,"Laborum assumenda commodi omnis omnis omnis.",5,"Licenciatura em Física",FIS,1,Manhã,1,"Campus Cedro",Não,Não,Não,Não,Não,Não,NULL,NULL,NULL,NULL,NULL,NULL,NULL,NULL,Não,77060,2025-02-17,16:43:00,2025-02-17,"2026-08-17 13:39:48","2026-08-17 13:39:48",-13100.93,Sim,Não,Presente,9591CDC8FB6B,NULL,NULL,135,2025-02-17,"Pão com frango desfiado e suco",3,"Lanche da Tarde",05:00:00,14:50:00,1,"Campus Cedro",NULL,NULL,NULL,135,11.91,NULL,NULL,NULL,NULL,NULL,NULL
1402,"Afonso Benez Sobrinho",78854982,Sim,2027-11-12,Não,Não,Não,Sim,NULL,NULL,"Laborum assumenda commodi omnis omnis omnis.",5,"Licenciatura em Física",FIS,1,Manhã,1,"Campus Cedro",Não,Não,Não,Não,Não,Não,NULL,NULL,NULL,NULL,NULL,NULL,NULL,NULL,Não,77059,2025-02-10,12:04:00,2025-02-10,"2026-08-17 13:39:48","2026-08-17 13:39:48",-13273.58,Sim,Não,Presente,9B3C0E4A1A05,NULL,NULL,114,2025-02-10,"Arroz, feijão, almôndegas, macarrão e salada",2,Almoço,05:00:00,11:20:00,1,"Campus Cedro",NULL,NULL,NULL,114,123.25,NULL,NULL,NULL,NULL,NULL,NULL
1402,"Afonso Benez Sobrinho",78854982,Sim,2027-11-12,Não,Não,Não,Sim,NULL,NULL,"Laborum assumenda commodi omnis omnis omnis.",5,"Licenciatura em Física",FIS,1,Manhã,1,"Campus Cedro",Não,Não,Não,Não,Não,Não,NULL,NULL,NULL,NULL,NULL,NULL,NULL,NULL,Não,77058,2025-02-07,20:14:00,2025-02-05,"2026-08-17 13:39:48","2026-08-17 13:39:48",-13337.42,Sim,Não,Presente,E0D1635DB634,NULL,NULL,112,2025-02-07,"Tapioca de frango com suco",4,"Lanche da Noite",05:00:00,19:50:00,1,"Campus Cedro",28974,5,NULL,112,19.55,NULL,NULL,NULL,NULL,NULL,NULL
1402,"Afonso Benez Sobrinho",78854982,Sim,2027-11-12,Não,Não,Não,Sim,NULL,NULL,"Laborum assumenda commodi omnis omnis omnis.",5,"Licenciatura em Física",FIS,1,Manhã,1,"Campus Cedro",Não,Não,Não,Não,Não,Não,NULL,NULL,NULL,NULL,NULL,NULL,NULL,NULL,Não,77057,2025-01-27,15:56:00,2025-01-27,"2026-08-17 13:39:48","2026-08-17 13:39:48",-13605.72,Sim,Não,Presente,AF2C19B84B13,NULL,NULL,75,2025-01-27,"Bolo de macaxeira com suco",3,"Lanche da Tarde",05:00:00,14:50:00,1,"Campus Cedro",NULL,NULL,NULL,75,12.41,NULL,NULL,NULL,NULL,NULL,NULL
1402,"Afonso Benez Sobrinho",78854982,Sim,2027-11-12,Não,Não,Não,Sim,NULL,NULL,"Laborum assumenda commodi omnis omnis omnis.",5,"Licenciatura em Física",FIS,1,Manhã,1,"Campus Cedro",Não,Não,Não,Não,Não,Não,NULL,NULL,NULL,NULL,NULL,NULL,NULL,NULL,Não,77056,2025-01-09,16:49:00,2025-01-06,"2026-08-17 13:39:48","2026-08-17 13:39:48",-14036.83,Sim,Não,Presente,B01DF409C858,NULL,NULL,27,2025-01-09,"Cuscuz com queijo e suco",3,"Lanche da Tarde",05:00:00,14:50:00,1,"Campus Cedro",28973,3,NULL,27,12.04,NULL,NULL,NULL,NULL,NULL,NULL
1402,"Afonso Benez Sobrinho",78854982,Sim,2027-11-12,Não,Não,Não,Sim,NULL,NULL,"Laborum assumenda commodi omnis omnis omnis.",5,"Licenciatura em Física",FIS,1,Manhã,1,"Campus Cedro",Não,Não,Não,Não,Não,Não,NULL,NULL,NULL,NULL,NULL,NULL,NULL,NULL,Não,77055,2025-01-08,11:00:00,2025-01-04,"2026-08-17 13:39:48","2026-08-17 13:39:48",-14066.65,Não,Sim,Cancelada,C7ED04A9E1B0,NULL,NULL,22,2025-01-08,"Arroz, feijão, carne de panela, purê e salada",2,Almoço,05:00:00,11:20:00,1,"Campus Cedro",NULL,NULL,NULL,22,123.14,NULL,NULL,NULL,NULL,NULL,NULL
1309,"Afonso Leon Sobrinho",91158042,Não,2026-09-21,Sim,Não,Não,Sim,NULL,387,"Perspiciatis laboriosam eveniet sit in.",6,"Tecnologo Mecatrônica Industrial",TMI,1,Manhã,1,"Campus Cedro",Não,Não,Não,Não,Não,Não,NULL,NULL,NULL,NULL,NULL,NULL,NULL,NULL,Não,71993,2026-06-29,08:49:00,2026-06-25,"2026-08-17 13:39:47","2026-08-17 13:39:47",-1180.83,Sim,Não,Presente,99648196811D,NULL,NULL,1553,2026-06-29,"Pão com ovo e suco de frutas",1,"Lanche da Manhã",05:00:00,08:00:00,1,"Campus Cedro",NULL,NULL,NULL,1553,9.42,NULL,NULL,NULL,NULL,NULL,NULL
1309,"Afonso Leon Sobrinho",91158042,Não,2026-09-21,Sim,Não,Não,Sim,NULL,387,"Perspiciatis laboriosam eveniet sit in.",6,"Tecnologo Mecatrônica Industrial",TMI,1,Manhã,1,"Campus Cedro",Não,Não,Não,Não,Não,Não,NULL,NULL,NULL,NULL,NULL,NULL,NULL,NULL,Não,71994,2026-06-29,14:17:00,2026-06-24,"2026-08-17 13:39:47","2026-08-17 13:39:47",-1175.37,Não,Não,Ausente,6E37BF9290A9,"Problema de saúde",NULL,1555,2026-06-29,"Bolo de milho com suco de manga",3,"Lanche da Tarde",05:00:00,14:50:00,1,"Campus Cedro",NULL,NULL,NULL,1555,12.52,NULL,NULL,NULL,NULL,NULL,NULL
1309,"Afonso Leon Sobrinho",91158042,Não,2026-09-21,Sim,Não,Não,Sim,NULL,387,"Perspiciatis laboriosam eveniet sit in.",6,"Tecnologo Mecatrônica Industrial",TMI,1,Manhã,1,"Campus Cedro",Não,Não,Não,Não,Não,Não,NULL,NULL,NULL,NULL,NULL,NULL,NULL,NULL,Não,71995,2026-06-29,20:47:00,2026-06-24,"2026-08-17 13:39:47","2026-08-17 13:39:47",-1168.87,Sim,Não,Presente,8FF0165EA7CB,NULL,NULL,1556,2026-06-29,"Tapioca de frango com suco",4,"Lanche da Noite",05:00:00,19:50:00,1,"Campus Cedro",NULL,NULL,NULL,1556,18.50,NULL,NULL,NULL,NULL,NULL,NULL
1309,"Afonso Leon Sobrinho",91158042,Não,2026-09-21,Sim,Não,Não,Sim,NULL,387,"Perspiciatis laboriosam eveniet sit in.",6,"Tecnologo Mecatrônica Industrial",TMI,1,Manhã,1,"Campus Cedro",Não,Não,Não,Não,Não,Não,NULL,NULL,NULL,NULL,NULL,NULL,NULL,NULL,Não,71992,2026-06-15,14:32:00,2026-06-10,"2026-08-17 13:39:47","2026-08-17 13:39:47",-1511.12,Sim,Não,Presente,A2656D516FFA,NULL,NULL,1515,2026-06-15,"Pão com frango desfiado e suco",3,"Lanche da Tarde",05:00:00,14:50:00,1,"Campus Cedro",NULL,NULL,NULL,1515,12.59,NULL,NULL,NULL,NULL,NULL,NULL
1309,"Afonso Leon Sobrinho",91158042,Não,2026-09-21,Sim,Não,Não,Sim,NULL,387,"Perspiciatis laboriosam eveniet sit in.",6,"Tecnologo Mecatrônica Industrial",TMI,1,Manhã,1,"Campus Cedro",Não,Não,Não,Não,Não,Não,NULL,NULL,NULL,NULL,NULL,NULL,NULL,NULL,Não,71991,2026-05-27,19:18:00,2026-05-23,"2026-08-17 13:39:47","2026-08-17 13:39:47",-1962.35,Sim,Não,Presente,9D573D5E21E2,NULL,NULL,1464,2026-05-27,"Cuscuz com carne moída",4,"Lanche da Noite",05:00:00,19:50:00,1,"Campus Cedro",27053,1,"Problema de transporte",1464,17.39,NULL,NULL,NULL,NULL,NULL,NULL
1309,"Afonso Leon Sobrinho",91158042,Não,2026-09-21,Sim,Não,Não,Sim,NULL,387,"Perspiciatis laboriosam eveniet sit in.",6,"Tecnologo Mecatrônica Industrial",TMI,1,Manhã,1,"Campus Cedro",Não,Não,Não,Não,Não,Não,NULL,NULL,NULL,NULL,NULL,NULL,NULL,NULL,Não,71990,2026-05-19,08:54:00,2026-05-19,"2026-08-17 13:39:47","2026-08-17 13:39:47",-2164.75,Sim,Não,Presente,6BE6F81F897B,NULL,NULL,1437,2026-05-19,"Cuscuz com frango e suco de manga",1,"Lanche da Manhã",05:00:00,08:00:00,1,"Campus Cedro",27052,4,NULL,1437,7.52,NULL,NULL,NULL,NULL,NULL,NULL
1309,"Afonso Leon Sobrinho",91158042,Não,2026-09-21,Sim,Não,Não,Sim,NULL,387,"Perspiciatis laboriosam eveniet sit in.",6,"Tecnologo Mecatrônica Industrial",TMI,1,Manhã,1,"Campus Cedro",Não,Não,Não,Não,Não,Não,NULL,NULL,NULL,NULL,NULL,NULL,NULL,NULL,Não,71989,2026-04-27,11:24:00,2026-04-27,"2026-08-17 13:39:47","2026-08-17 13:39:47",-2690.25,Sim,Não,Presente,9FE7502AA82B,NULL,NULL,1374,2026-04-27,"Arroz, feijão, almôndegas, macarrão e salada",2,Almoço,05:00:00,11:20:00,1,"Campus Cedro",NULL,NULL,NULL,1374,101.43,NULL,NULL,NULL,NULL,NULL,NULL
1309,"Afonso Leon Sobrinho",91158042,Não,2026-09-21,Sim,Não,Não,Sim,NULL,387,"Perspiciatis laboriosam eveniet sit in.",6,"Tecnologo Mecatrônica Industrial",TMI,1,Manhã,1,"Campus Cedro",Não,Não,Não,Não,Não,Não,NULL,NULL,NULL,NULL,NULL,NULL,NULL,NULL,Não,71988,2026-03-24,15:43:00,2026-03-24,"2026-08-17 13:39:47","2026-08-17 13:39:47",-3501.93,Sim,Não,Presente,389E25BEA485,NULL,NULL,1279,2026-03-24,"Bolo de milho com suco de manga",3,"Lanche da Tarde",05:00:00,14:50:00,1,"Campus Cedro",NULL,NULL,NULL,1279,11.29,NULL,NULL,NULL,NULL,NULL,NULL
1309,"Afonso Leon Sobrinho",91158042,Não,2026-09-21,Sim,Não,Não,Sim,NULL,387,"Perspiciatis laboriosam eveniet sit in.",6,"Tecnologo Mecatrônica Industrial",TMI,1,Manhã,1,"Campus Cedro",Não,Não,Não,Não,Não,Não,NULL,NULL,NULL,NULL,NULL,NULL,NULL,NULL,Não,71987,2026-02-11,21:05:00,2026-02-09,"2026-08-17 13:39:47","2026-08-17 13:39:47",-4480.57,Sim,Não,Presente,E5DA04574DFF,NULL,NULL,1164,2026-02-11,"Cuscuz com carne moída",4,"Lanche da Noite",05:00:00,19:50:00,1,"Campus Cedro",27051,2,NULL,1164,16.89,NULL,NULL,NULL,NULL,NULL,NULL
1309,"Afonso Leon Sobrinho",91158042,Não,2026-09-21,Sim,Não,Não,Sim,NULL,387,"Perspiciatis laboriosam eveniet sit in.",6,"Tecnologo Mecatrônica Industrial",TMI,1,Manhã,1,"Campus Cedro",Não,Não,Não,Não,Não,Não,NULL,NULL,NULL,NULL,NULL,NULL,NULL,NULL,Não,71986,2026-02-04,21:06:00,2026-02-01,"2026-08-17 13:39:47","2026-08-17 13:39:47",-4648.55,Sim,Não,Presente,493539953D7D,NULL,NULL,1144,2026-02-04,"Canja de frango",4,"Lanche da Noite",05:00:00,19:50:00,1,"Campus Cedro",27050,3,NULL,1144,18.89,NULL,NULL,NULL,NULL,NULL,NULL
1309,"Afonso Leon Sobrinho",91158042,Não,2026-09-21,Sim,Não,Não,Sim,NULL,387,"Perspiciatis laboriosam eveniet sit in.",6,"Tecnologo Mecatrônica Industrial",TMI,1,Manhã,1,"Campus Cedro",Não,Não,Não,Não,Não,Não,NULL,NULL,NULL,NULL,NULL,NULL,NULL,NULL,Não,71985,2026-01-07,12:58:00,2026-01-05,"2026-08-17 13:39:47","2026-08-17 13:39:47",-5328.68,Não,Sim,Cancelada,EE88509C97BE,NULL,NULL,1062,2026-01-07,"Arroz, feijão, frango com legumes, macarrão e salada",2,Almoço,05:00:00,11:20:00,1,"Campus Cedro",NULL,NULL,NULL,1062,128.95,NULL,NULL,NULL,NULL,NULL,NULL
1309,"Afonso Leon Sobrinho",91158042,Não,2026-09-21,Sim,Não,Não,Sim,NULL,387,"Perspiciatis laboriosam eveniet sit in.",6,"Tecnologo Mecatrônica Industrial",TMI,1,Manhã,1,"Campus Cedro",Não,Não,Não,Não,Não,Não,NULL,NULL,NULL,NULL,NULL,NULL,NULL,NULL,Não,71984,2025-12-12,07:16:00,2025-12-10,"2026-08-17 13:39:47","2026-08-17 13:39:47",-5958.38,Sim,Não,Presente,3A12BB5D6D74,NULL,NULL,989,2025-12-12,"Risoto cremoso",1,"Lanche da Manhã",05:00:00,08:00:00,1,"Campus Cedro",NULL,NULL,NULL,989,9.12,NULL,NULL,NULL,NULL,NULL,NULL
1309,"Afonso Leon Sobrinho",91158042,Não,2026-09-21,Sim,Não,Não,Sim,NULL,387,"Perspiciatis laboriosam eveniet sit in.",6,"Tecnologo Mecatrônica Industrial",TMI,1,Manhã,1,"Campus Cedro",Não,Não,Não,Não,Não,Não,NULL,NULL,NULL,NULL,NULL,NULL,NULL,NULL,Não,71983,2025-11-17,12:33:00,2025-11-15,"2026-08-17 13:39:47","2026-08-17 13:39:47",-6553.10,Não,Não,Ausente,63A728DA2F3A,"Compromisso acadêmico",NULL,914,2025-11-17,"Arroz, feijão, frango ao curry, macarrão e salada",2,Almoço,05:00:00,11:20:00,1,"Campus Cedro",NULL,NULL,NULL,914,89.08,NULL,NULL,NULL,NULL,NULL,NULL
1309,"Afonso Leon Sobrinho",91158042,Não,2026-09-21,Sim,Não,Não,Sim,NULL,387,"Perspiciatis laboriosam eveniet sit in.",6,"Tecnologo Mecatrônica Industrial",TMI,1,Manhã,1,"Campus Cedro",Não,Não,Não,Não,Não,Não,NULL,NULL,NULL,NULL,NULL,NULL,NULL,NULL,Não,71982,2025-11-07,16:46:00,2025-11-06,"2026-08-17 13:39:47","2026-08-17 13:39:47",-6788.88,Sim,Não,Presente,783E94688DC4,NULL,NULL,891,2025-11-07,"Canja de frango",3,"Lanche da Tarde",05:00:00,14:50:00,1,"Campus Cedro",27049,3,NULL,891,13.04,NULL,NULL,NULL,NULL,NULL,NULL
1309,"Afonso Leon Sobrinho",91158042,Não,2026-09-21,Sim,Não,Não,Sim,NULL,387,"Perspiciatis laboriosam eveniet sit in.",6,"Tecnologo Mecatrônica Industrial",TMI,1,Manhã,1,"Campus Cedro",Não,Não,Não,Não,Não,Não,NULL,NULL,NULL,NULL,NULL,NULL,NULL,NULL,Não,71981,2025-10-27,19:25:00,2025-10-24,"2026-08-17 13:39:47","2026-08-17 13:39:47",-7050.23,Sim,Não,Presente,E08804A3E7CD,NULL,NULL,856,2025-10-27,"Tapioca de frango com suco",4,"Lanche da Noite",05:00:00,19:50:00,1,"Campus Cedro",NULL,NULL,NULL,856,17.50,NULL,NULL,NULL,NULL,NULL,NULL
1309,"Afonso Leon Sobrinho",91158042,Não,2026-09-21,Sim,Não,Não,Sim,NULL,387,"Perspiciatis laboriosam eveniet sit in.",6,"Tecnologo Mecatrônica Industrial",TMI,1,Manhã,1,"Campus Cedro",Não,Não,Não,Não,Não,Não,NULL,NULL,NULL,NULL,NULL,NULL,NULL,NULL,Não,71980,2025-10-23,07:42:00,2025-10-23,"2026-08-17 13:39:47","2026-08-17 13:39:47",-7157.95,Não,Não,Ausente,51EEADD2979A,"Atividade acadêmica",NULL,845,2025-10-23,"Pão com ovo e suco de frutas",1,"Lanche da Manhã",05:00:00,08:00:00,1,"Campus Cedro",NULL,NULL,NULL,845,8.05,NULL,NULL,NULL,NULL,NULL,NULL
1309,"Afonso Leon Sobrinho",91158042,Não,2026-09-21,Sim,Não,Não,Sim,NULL,387,"Perspiciatis laboriosam eveniet sit in.",6,"Tecnologo Mecatrônica Industrial",TMI,1,Manhã,1,"Campus Cedro",Não,Não,Não,Não,Não,Não,NULL,NULL,NULL,NULL,NULL,NULL,NULL,NULL,Não,71979,2025-08-19,15:07:00,2025-08-16,"2026-08-17 13:39:47","2026-08-17 13:39:47",-8710.53,Sim,Não,Presente,3FF81E26933E,NULL,NULL,659,2025-08-19,"Pão com frango desfiado e suco",3,"Lanche da Tarde",05:00:00,14:50:00,1,"Campus Cedro",NULL,NULL,NULL,659,15.37,NULL,NULL,NULL,NULL,NULL,NULL
1309,"Afonso Leon Sobrinho",91158042,Não,2026-09-21,Sim,Não,Não,Sim,NULL,387,"Perspiciatis laboriosam eveniet sit in.",6,"Tecnologo Mecatrônica Industrial",TMI,1,Manhã,1,"Campus Cedro",Não,Não,Não,Não,Não,Não,NULL,NULL,NULL,NULL,NULL,NULL,NULL,NULL,Não,71978,2025-08-14,08:48:00,2025-08-13,"2026-08-17 13:39:47","2026-08-17 13:39:47",-8836.85,Sim,Não,Presente,B652AA56ECB6,NULL,NULL,645,2025-08-14,"Sanduíche de frango com suco",1,"Lanche da Manhã",05:00:00,08:00:00,1,"Campus Cedro",27048,5,NULL,645,8.42,NULL,NULL,NULL,NULL,NULL,NULL
1309,"Afonso Leon Sobrinho",91158042,Não,2026-09-21,Sim,Não,Não,Sim,NULL,387,"Perspiciatis laboriosam eveniet sit in.",6,"Tecnologo Mecatrônica Industrial",TMI,1,Manhã,1,"Campus Cedro",Não,Não,Não,Não,Não,Não,NULL,NULL,NULL,NULL,NULL,NULL,NULL,NULL,Não,71977,2025-08-01,20:11:00,2025-07-29,"2026-08-17 13:39:47","2026-08-17 13:39:47",-9137.47,Sim,Não,Presente,474BF7E336C7,NULL,NULL,612,2025-08-01,"Cuscuz com queijo e suco",4,"Lanche da Noite",05:00:00,19:50:00,1,"Campus Cedro",27047,4,NULL,612,19.38,NULL,NULL,NULL,NULL,NULL,NULL
1309,"Afonso Leon Sobrinho",91158042,Não,2026-09-21,Sim,Não,Não,Sim,NULL,387,"Perspiciatis laboriosam eveniet sit in.",6,"Tecnologo Mecatrônica Industrial",TMI,1,Manhã,1,"Campus Cedro",Não,Não,Não,Não,Não,Não,NULL,NULL,NULL,NULL,NULL,NULL,NULL,NULL,Não,71976,2025-07-31,12:10:00,2025-07-27,"2026-08-17 13:39:47","2026-08-17 13:39:47",-9169.48,Sim,Não,Presente,8146D0E1DBC5,NULL,NULL,606,2025-07-31,"Arroz, feijão, carne moída com legumes e salada",2,Almoço,05:00:00,11:20:00,1,"Campus Cedro",27046,4,NULL,606,124.91,NULL,NULL,NULL,NULL,NULL,NULL
1309,"Afonso Leon Sobrinho",91158042,Não,2026-09-21,Sim,Não,Não,Sim,NULL,387,"Perspiciatis laboriosam eveniet sit in.",6,"Tecnologo Mecatrônica Industrial",TMI,1,Manhã,1,"Campus Cedro",Não,Não,Não,Não,Não,Não,NULL,NULL,NULL,NULL,NULL,NULL,NULL,NULL,Não,71975,2025-06-05,19:34:00,2025-06-04,"2026-08-17 13:39:47","2026-08-17 13:39:47",-10506.08,Sim,Não,Presente,F66281C70769,NULL,NULL,448,2025-06-05,"Canja de frango",4,"Lanche da Noite",05:00:00,19:50:00,1,"Campus Cedro",NULL,NULL,NULL,448,18.69,NULL,NULL,NULL,NULL,NULL,NULL
1309,"Afonso Leon Sobrinho",91158042,Não,2026-09-21,Sim,Não,Não,Sim,NULL,387,"Perspiciatis laboriosam eveniet sit in.",6,"Tecnologo Mecatrônica Industrial",TMI,1,Manhã,1,"Campus Cedro",Não,Não,Não,Não,Não,Não,NULL,NULL,NULL,NULL,NULL,NULL,NULL,NULL,Não,71974,2025-04-25,12:24:00,2025-04-20,"2026-08-17 13:39:47","2026-08-17 13:39:47",-11497.25,Sim,Não,Presente,364061359402,NULL,NULL,330,2025-04-25,"Arroz, feijão, carne de panela, arroz colorido e salada",2,Almoço,05:00:00,11:20:00,1,"Campus Cedro",NULL,NULL,NULL,330,98.12,NULL,NULL,NULL,NULL,NULL,NULL
1309,"Afonso Leon Sobrinho",91158042,Não,2026-09-21,Sim,Não,Não,Sim,NULL,387,"Perspiciatis laboriosam eveniet sit in.",6,"Tecnologo Mecatrônica Industrial",TMI,1,Manhã,1,"Campus Cedro",Não,Não,Não,Não,Não,Não,NULL,NULL,NULL,NULL,NULL,NULL,NULL,NULL,Não,71973,2025-04-23,07:54:00,2025-04-19,"2026-08-17 13:39:47","2026-08-17 13:39:47",-11549.75,Sim,Não,Presente,947996CD4F54,NULL,NULL,321,2025-04-23,"Cuscuz com carne moída e suco",1,"Lanche da Manhã",05:00:00,08:00:00,1,"Campus Cedro",NULL,NULL,NULL,321,8.99,NULL,NULL,NULL,NULL,NULL,NULL
1309,"Afonso Leon Sobrinho",91158042,Não,2026-09-21,Sim,Não,Não,Sim,NULL,387,"Perspiciatis laboriosam eveniet sit in.",6,"Tecnologo Mecatrônica Industrial",TMI,1,Manhã,1,"Campus Cedro",Não,Não,Não,Não,Não,Não,NULL,NULL,NULL,NULL,NULL,NULL,NULL,NULL,Não,71972,2025-04-09,08:00:00,2025-04-05,"2026-08-17 13:39:47","2026-08-17 13:39:47",-11885.65,Sim,Não,Presente,83B5F4CC8088,NULL,NULL,281,2025-04-09,"Risoto cremoso",1,"Lanche da Manhã",05:00:00,08:00:00,1,"Campus Cedro",27045,5,NULL,281,8.69,NULL,NULL,NULL,NULL,NULL,NULL
1309,"Afonso Leon Sobrinho",91158042,Não,2026-09-21,Sim,Não,Não,Sim,NULL,387,"Perspiciatis laboriosam eveniet sit in.",6,"Tecnologo Mecatrônica Industrial",TMI,1,Manhã,1,"Campus Cedro",Não,Não,Não,Não,Não,Não,NULL,NULL,NULL,NULL,NULL,NULL,NULL,NULL,Não,71971,2025-04-02,21:27:00,2025-04-01,"2026-08-17 13:39:47","2026-08-17 13:39:47",-12040.20,Sim,Não,Presente,9197A4708C29,NULL,NULL,264,2025-04-02,"Bolo de milho com suco",4,"Lanche da Noite",05:00:00,19:50:00,1,"Campus Cedro",NULL,NULL,NULL,264,16.83,NULL,NULL,NULL,NULL,NULL,NULL
1309,"Afonso Leon Sobrinho",91158042,Não,2026-09-21,Sim,Não,Não,Sim,NULL,387,"Perspiciatis laboriosam eveniet sit in.",6,"Tecnologo Mecatrônica Industrial",TMI,1,Manhã,1,"Campus Cedro",Não,Não,Não,Não,Não,Não,NULL,NULL,NULL,NULL,NULL,NULL,NULL,NULL,Não,71970,2025-03-28,14:01:00,2025-03-28,"2026-08-17 13:39:47","2026-08-17 13:39:47",-12167.63,Não,Não,Ausente,93263BE2D5F0,"Problema de transporte",NULL,251,2025-03-28,"Bolo de chocolate com suco",3,"Lanche da Tarde",05:00:00,14:50:00,1,"Campus Cedro",NULL,NULL,NULL,251,10.03,NULL,NULL,NULL,NULL,NULL,NULL
1309,"Afonso Leon Sobrinho",91158042,Não,2026-09-21,Sim,Não,Não,Sim,NULL,387,"Perspiciatis laboriosam eveniet sit in.",6,"Tecnologo Mecatrônica Industrial",TMI,1,Manhã,1,"Campus Cedro",Não,Não,Não,Não,Não,Não,NULL,NULL,NULL,NULL,NULL,NULL,NULL,NULL,Não,71969,2025-03-18,12:39:00,2025-03-15,"2026-08-17 13:39:47","2026-08-17 13:39:47",-12409.00,Sim,Não,Presente,D40F506C3326,NULL,NULL,218,2025-03-18,"Arroz, feijão, frango assado, macarrão e salada",2,Almoço,05:00:00,11:20:00,1,"Campus Cedro",NULL,NULL,NULL,218,94.85,NULL,NULL,NULL,NULL,NULL,NULL
1309,"Afonso Leon Sobrinho",91158042,Não,2026-09-21,Sim,Não,Não,Sim,NULL,387,"Perspiciatis laboriosam eveniet sit in.",6,"Tecnologo Mecatrônica Industrial",TMI,1,Manhã,1,"Campus Cedro",Não,Não,Não,Não,Não,Não,NULL,NULL,NULL,NULL,NULL,NULL,NULL,NULL,Não,71968,2025-02-25,08:36:00,2025-02-23,"2026-08-17 13:39:47","2026-08-17 13:39:47",-12917.05,Sim,Não,Presente,A820F19E66D3,NULL,NULL,157,2025-02-25,"Cuscuz com queijo e suco",1,"Lanche da Manhã",05:00:00,08:00:00,1,"Campus Cedro",NULL,NULL,NULL,157,9.40,NULL,NULL,NULL,NULL,NULL,NULL
1309,"Afonso Leon Sobrinho",91158042,Não,2026-09-21,Sim,Não,Não,Sim,NULL,387,"Perspiciatis laboriosam eveniet sit in.",6,"Tecnologo Mecatrônica Industrial",TMI,1,Manhã,1,"Campus Cedro",Não,Não,Não,Não,Não,Não,NULL,NULL,NULL,NULL,NULL,NULL,NULL,NULL,Não,71967,2025-02-13,16:32:00,2025-02-09,"2026-08-17 13:39:47","2026-08-17 13:39:47",-13197.12,Não,Não,Ausente,FFF4DC96CD2A,"Ausência justificada pelo estudante",NULL,127,2025-02-13,"Bolo de macaxeira com suco",3,"Lanche da Tarde",05:00:00,14:50:00,1,"Campus Cedro",NULL,NULL,NULL,127,9.89,NULL,NULL,NULL,NULL,NULL,NULL
1309,"Afonso Leon Sobrinho",91158042,Não,2026-09-21,Sim,Não,Não,Sim,NULL,387,"Perspiciatis laboriosam eveniet sit in.",6,"Tecnologo Mecatrônica Industrial",TMI,1,Manhã,1,"Campus Cedro",Não,Não,Não,Não,Não,Não,NULL,NULL,NULL,NULL,NULL,NULL,NULL,NULL,Não,71966,2025-02-06,21:08:00,2025-02-02,"2026-08-17 13:39:47","2026-08-17 13:39:47",-13360.52,Sim,Não,Presente,6B213A74D2CE,NULL,NULL,108,2025-02-06,"Tapioca com queijo e suco",4,"Lanche da Noite",05:00:00,19:50:00,1,"Campus Cedro",NULL,NULL,NULL,108,16.05,NULL,NULL,NULL,NULL,NULL,NULL
1309,"Afonso Leon Sobrinho",91158042,Não,2026-09-21,Sim,Não,Não,Sim,NULL,387,"Perspiciatis laboriosam eveniet sit in.",6,"Tecnologo Mecatrônica Industrial",TMI,1,Manhã,1,"Campus Cedro",Não,Não,Não,Não,Não,Não,NULL,NULL,NULL,NULL,NULL,NULL,NULL,NULL,Não,71965,2025-01-24,11:46:00,2025-01-24,"2026-08-17 13:39:47","2026-08-17 13:39:47",-13681.88,Sim,Não,Presente,43EDC14E5006,NULL,NULL,70,2025-01-24,"Arroz, feijão, frango ao curry, macarrão e salada",2,Almoço,05:00:00,11:20:00,1,"Campus Cedro",27044,5,NULL,70,133.69,NULL,NULL,NULL,NULL,NULL,NULL
1813,"Afonso Queirós Ortiz",60382860,Sim,2027-05-23,Sim,Não,Não,Sim,440,NULL,"Aut sed et et tenetur placeat.",3,"Engenharia Mecânica",MEC,3,Noite,1,"Campus Cedro",Não,Não,Não,Não,Não,Não,NULL,NULL,NULL,NULL,NULL,NULL,NULL,NULL,Não,99495,2026-06-11,14:01:00,2026-06-11,"2026-08-17 13:39:52","2026-08-17 13:39:52",-1607.63,Sim,Não,Presente,AD7A1389DB6A,NULL,NULL,1507,2026-06-11,"Tapioca com queijo e suco",3,"Lanche da Tarde",05:00:00,14:50:00,1,"Campus Cedro",NULL,NULL,NULL,1507,13.58,NULL,NULL,NULL,NULL,NULL,NULL
1813,"Afonso Queirós Ortiz",60382860,Sim,2027-05-23,Sim,Não,Não,Sim,440,NULL,"Aut sed et et tenetur placeat.",3,"Engenharia Mecânica",MEC,3,Noite,1,"Campus Cedro",Não,Não,Não,Não,Não,Não,NULL,NULL,NULL,NULL,NULL,NULL,NULL,NULL,Não,99493,2026-06-04,14:15:00,2026-06-04,"2026-08-17 13:39:52","2026-08-17 13:39:52",-1775.40,Sim,Não,Presente,4FC8D51276E2,NULL,NULL,1487,2026-06-04,"Risoto cremoso",3,"Lanche da Tarde",05:00:00,14:50:00,1,"Campus Cedro",NULL,NULL,NULL,1487,13.08,NULL,NULL,NULL,NULL,NULL,NULL
1813,"Afonso Queirós Ortiz",60382860,Sim,2027-05-23,Sim,Não,Não,Sim,440,NULL,"Aut sed et et tenetur placeat.",3,"Engenharia Mecânica",MEC,3,Noite,1,"Campus Cedro",Não,Não,Não,Não,Não,Não,NULL,NULL,NULL,NULL,NULL,NULL,NULL,NULL,Não,99494,2026-06-04,20:46:00,2026-06-02,"2026-08-17 13:39:52","2026-08-17 13:39:52",-1768.88,Sim,Não,Presente,5E6EF5284A30,NULL,NULL,1488,2026-06-04,"Cuscuz com carne moída",4,"Lanche da Noite",05:00:00,19:50:00,1,"Campus Cedro",NULL,NULL,NULL,1488,16.15,NULL,NULL,NULL,NULL,NULL,NULL
1813,"Afonso Queirós Ortiz",60382860,Sim,2027-05-23,Sim,Não,Não,Sim,440,NULL,"Aut sed et et tenetur placeat.",3,"Engenharia Mecânica",MEC,3,Noite,1,"Campus Cedro",Não,Não,Não,Não,Não,Não,NULL,NULL,NULL,NULL,NULL,NULL,NULL,NULL,Não,99492,2026-05-12,12:10:00,2026-05-09,"2026-08-17 13:39:52","2026-08-17 13:39:52",-2329.48,Sim,Não,Presente,B96E75CA9514,NULL,NULL,1418,2026-05-12,"Arroz, feijão, peixe ao molho, legumes e salada",2,Almoço,05:00:00,11:20:00,1,"Campus Cedro",37509,1,NULL,1418,141.14,NULL,NULL,NULL,NULL,NULL,NULL
1813,"Afonso Queirós Ortiz",60382860,Sim,2027-05-23,Sim,Não,Não,Sim,440,NULL,"Aut sed et et tenetur placeat.",3,"Engenharia Mecânica",MEC,3,Noite,1,"Campus Cedro",Não,Não,Não,Não,Não,Não,NULL,NULL,NULL,NULL,NULL,NULL,NULL,NULL,Não,99491,2026-05-11,08:58:00,2026-05-07,"2026-08-17 13:39:52","2026-08-17 13:39:52",-2356.68,Não,Não,Ausente,24CD79553E31,"Problema de transporte",NULL,1413,2026-05-11,"Cuscuz com carne moída e suco",1,"Lanche da Manhã",05:00:00,08:00:00,1,"Campus Cedro",NULL,NULL,NULL,1413,9.31,NULL,NULL,NULL,NULL,NULL,NULL
1813,"Afonso Queirós Ortiz",60382860,Sim,2027-05-23,Sim,Não,Não,Sim,440,NULL,"Aut sed et et tenetur placeat.",3,"Engenharia Mecânica",MEC,3,Noite,1,"Campus Cedro",Não,Não,Não,Não,Não,Não,NULL,NULL,NULL,NULL,NULL,NULL,NULL,NULL,Não,99490,2026-03-18,21:22:00,2026-03-16,"2026-08-17 13:39:52","2026-08-17 13:39:52",-3640.28,Sim,Não,Presente,D6091A1F15CF,NULL,NULL,1264,2026-03-18,"Risoto cremoso",4,"Lanche da Noite",05:00:00,19:50:00,1,"Campus Cedro",NULL,NULL,NULL,1264,20.31,NULL,NULL,NULL,NULL,NULL,NULL
1813,"Afonso Queirós Ortiz",60382860,Sim,2027-05-23,Sim,Não,Não,Sim,440,NULL,"Aut sed et et tenetur placeat.",3,"Engenharia Mecânica",MEC,3,Noite,1,"Campus Cedro",Não,Não,Não,Não,Não,Não,NULL,NULL,NULL,NULL,NULL,NULL,NULL,NULL,Não,99489,2026-02-25,19:50:00,2026-02-21,"2026-08-17 13:39:52","2026-08-17 13:39:52",-4145.82,Não,Não,Ausente,C0972F9E02B3,"Compromisso acadêmico",NULL,1204,2026-02-25,"Cuscuz com queijo e suco",4,"Lanche da Noite",05:00:00,19:50:00,1,"Campus Cedro",NULL,NULL,NULL,1204,18.04,NULL,NULL,NULL,NULL,NULL,NULL
1813,"Afonso Queirós Ortiz",60382860,Sim,2027-05-23,Sim,Não,Não,Sim,440,NULL,"Aut sed et et tenetur placeat.",3,"Engenharia Mecânica",MEC,3,Noite,1,"Campus Cedro",Não,Não,Não,Não,Não,Não,NULL,NULL,NULL,NULL,NULL,NULL,NULL,NULL,Não,99488,2026-02-20,14:48:00,2026-02-20,"2026-08-17 13:39:52","2026-08-17 13:39:52",-4270.85,Sim,Não,Presente,751C574C0A16,NULL,NULL,1191,2026-02-20,"Cuscuz de frango com suco de goiaba",3,"Lanche da Tarde",05:00:00,14:50:00,1,"Campus Cedro",NULL,NULL,NULL,1191,12.39,NULL,NULL,NULL,NULL,NULL,NULL
1813,"Afonso Queirós Ortiz",60382860,Sim,2027-05-23,Sim,Não,Não,Sim,440,NULL,"Aut sed et et tenetur placeat.",3,"Engenharia Mecânica",MEC,3,Noite,1,"Campus Cedro",Não,Não,Não,Não,Não,Não,NULL,NULL,NULL,NULL,NULL,NULL,NULL,NULL,Não,99486,2026-02-12,11:44:00,2026-02-08,"2026-08-17 13:39:52","2026-08-17 13:39:52",-4465.92,Sim,Não,Presente,B7183E6402A2,NULL,NULL,1166,2026-02-12,"Arroz, feijão, carne moída, purê de batata e salada",2,Almoço,05:00:00,11:20:00,1,"Campus Cedro",NULL,NULL,NULL,1166,124.93,NULL,NULL,NULL,NULL,NULL,NULL
1813,"Afonso Queirós Ortiz",60382860,Sim,2027-05-23,Sim,Não,Não,Sim,440,NULL,"Aut sed et et tenetur placeat.",3,"Engenharia Mecânica",MEC,3,Noite,1,"Campus Cedro",Não,Não,Não,Não,Não,Não,NULL,NULL,NULL,NULL,NULL,NULL,NULL,NULL,Não,99487,2026-02-12,15:03:00,2026-02-07,"2026-08-17 13:39:52","2026-08-17 13:39:52",-4462.60,Sim,Não,Presente,3B1BD262C7C0,NULL,NULL,1167,2026-02-12,"Cuscuz de frango com suco de goiaba",3,"Lanche da Tarde",05:00:00,14:50:00,1,"Campus Cedro",NULL,NULL,NULL,1167,15.43,NULL,NULL,NULL,NULL,NULL,NULL
1813,"Afonso Queirós Ortiz",60382860,Sim,2027-05-23,Sim,Não,Não,Sim,440,NULL,"Aut sed et et tenetur placeat.",3,"Engenharia Mecânica",MEC,3,Noite,1,"Campus Cedro",Não,Não,Não,Não,Não,Não,NULL,NULL,NULL,NULL,NULL,NULL,NULL,NULL,Não,99485,2026-02-11,07:21:00,2026-02-07,"2026-08-17 13:39:52","2026-08-17 13:39:52",-4494.30,Não,Não,Ausente,10751BF90D40,"Atividade acadêmica",NULL,1161,2026-02-11,"Tapioca com frango e suco",1,"Lanche da Manhã",05:00:00,08:00:00,1,"Campus Cedro",NULL,NULL,NULL,1161,8.00,NULL,NULL,NULL,NULL,NULL,NULL
1813,"Afonso Queirós Ortiz",60382860,Sim,2027-05-23,Sim,Não,Não,Sim,440,NULL,"Aut sed et et tenetur placeat.",3,"Engenharia Mecânica",MEC,3,Noite,1,"Campus Cedro",Não,Não,Não,Não,Não,Não,NULL,NULL,NULL,NULL,NULL,NULL,NULL,NULL,Não,99484,2026-01-28,16:47:00,2026-01-26,"2026-08-17 13:39:52","2026-08-17 13:39:52",-4820.87,Sim,Não,Presente,A9C4DD78A23E,NULL,NULL,1123,2026-01-28,"Bolo de milho com suco de manga",3,"Lanche da Tarde",05:00:00,14:50:00,1,"Campus Cedro",37508,5,NULL,1123,11.96,NULL,NULL,NULL,NULL,NULL,NULL
1813,"Afonso Queirós Ortiz",60382860,Sim,2027-05-23,Sim,Não,Não,Sim,440,NULL,"Aut sed et et tenetur placeat.",3,"Engenharia Mecânica",MEC,3,Noite,1,"Campus Cedro",Não,Não,Não,Não,Não,Não,NULL,NULL,NULL,NULL,NULL,NULL,NULL,NULL,Não,99483,2026-01-19,11:56:00,2026-01-17,"2026-08-17 13:39:52","2026-08-17 13:39:52",-5041.72,Sim,Não,Presente,5BC3C2F49DEC,NULL,NULL,1094,2026-01-19,"Arroz, feijão, frango assado, macarrão e salada",2,Almoço,05:00:00,11:20:00,1,"Campus Cedro",NULL,NULL,NULL,1094,95.46,NULL,NULL,NULL,NULL,NULL,NULL
1813,"Afonso Queirós Ortiz",60382860,Sim,2027-05-23,Sim,Não,Não,Sim,440,NULL,"Aut sed et et tenetur placeat.",3,"Engenharia Mecânica",MEC,3,Noite,1,"Campus Cedro",Não,Não,Não,Não,Não,Não,NULL,NULL,NULL,NULL,NULL,NULL,NULL,NULL,Não,99482,2025-12-08,15:09:00,2025-12-07,"2026-08-17 13:39:52","2026-08-17 13:39:52",-6046.50,Sim,Não,Presente,B0658343F1B2,NULL,NULL,975,2025-12-08,"Sanduíche de frango com suco",3,"Lanche da Tarde",05:00:00,14:50:00,1,"Campus Cedro",37507,5,NULL,975,13.28,NULL,NULL,NULL,NULL,NULL,NULL
1813,"Afonso Queirós Ortiz",60382860,Sim,2027-05-23,Sim,Não,Não,Sim,440,NULL,"Aut sed et et tenetur placeat.",3,"Engenharia Mecânica",MEC,3,Noite,1,"Campus Cedro",Não,Não,Não,Não,Não,Não,NULL,NULL,NULL,NULL,NULL,NULL,NULL,NULL,Não,99481,2025-11-21,19:19:00,2025-11-19,"2026-08-17 13:39:52","2026-08-17 13:39:52",-6450.33,Sim,Não,Presente,0850418D037E,NULL,NULL,932,2025-11-21,"Tapioca com queijo e suco",4,"Lanche da Noite",05:00:00,19:50:00,1,"Campus Cedro",37506,5,NULL,932,18.33,NULL,NULL,NULL,NULL,NULL,NULL
1813,"Afonso Queirós Ortiz",60382860,Sim,2027-05-23,Sim,Não,Não,Sim,440,NULL,"Aut sed et et tenetur placeat.",3,"Engenharia Mecânica",MEC,3,Noite,1,"Campus Cedro",Não,Não,Não,Não,Não,Não,NULL,NULL,NULL,NULL,NULL,NULL,NULL,NULL,Não,99480,2025-11-18,21:14:00,2025-11-18,"2026-08-17 13:39:52","2026-08-17 13:39:52",-6520.42,Sim,Não,Presente,7CBBB5CF6B40,NULL,NULL,920,2025-11-18,"Tapioca de frango com suco",4,"Lanche da Noite",05:00:00,19:50:00,1,"Campus Cedro",37505,1,NULL,920,15.40,NULL,NULL,NULL,NULL,NULL,NULL
1813,"Afonso Queirós Ortiz",60382860,Sim,2027-05-23,Sim,Não,Não,Sim,440,NULL,"Aut sed et et tenetur placeat.",3,"Engenharia Mecânica",MEC,3,Noite,1,"Campus Cedro",Não,Não,Não,Não,Não,Não,NULL,NULL,NULL,NULL,NULL,NULL,NULL,NULL,Não,99479,2025-11-06,19:37:00,2025-11-01,"2026-08-17 13:39:52","2026-08-17 13:39:52",-6810.03,Sim,Não,Presente,594288069FBA,NULL,NULL,888,2025-11-06,"Bolo de milho com suco",4,"Lanche da Noite",05:00:00,19:50:00,1,"Campus Cedro",NULL,NULL,NULL,888,17.37,NULL,NULL,NULL,NULL,NULL,NULL
1813,"Afonso Queirós Ortiz",60382860,Sim,2027-05-23,Sim,Não,Não,Sim,440,NULL,"Aut sed et et tenetur placeat.",3,"Engenharia Mecânica",MEC,3,Noite,1,"Campus Cedro",Não,Não,Não,Não,Não,Não,NULL,NULL,NULL,NULL,NULL,NULL,NULL,NULL,Não,99478,2025-11-03,20:13:00,2025-10-30,"2026-08-17 13:39:52","2026-08-17 13:39:52",-6881.43,Sim,Não,Presente,D8F4FDB7C010,NULL,NULL,876,2025-11-03,"Canja de frango",4,"Lanche da Noite",05:00:00,19:50:00,1,"Campus Cedro",NULL,NULL,NULL,876,16.29,NULL,NULL,NULL,NULL,NULL,NULL
1813,"Afonso Queirós Ortiz",60382860,Sim,2027-05-23,Sim,Não,Não,Sim,440,NULL,"Aut sed et et tenetur placeat.",3,"Engenharia Mecânica",MEC,3,Noite,1,"Campus Cedro",Não,Não,Não,Não,Não,Não,NULL,NULL,NULL,NULL,NULL,NULL,NULL,NULL,Não,99477,2025-09-26,11:40:00,2025-09-26,"2026-08-17 13:39:52","2026-08-17 13:39:52",-7801.98,Sim,Não,Presente,791BCCF84606,NULL,NULL,770,2025-09-26,"Arroz, feijão, frango ao curry, macarrão e salada",2,Almoço,05:00:00,11:20:00,1,"Campus Cedro",NULL,NULL,NULL,770,96.16,NULL,NULL,NULL,NULL,NULL,NULL
1813,"Afonso Queirós Ortiz",60382860,Sim,2027-05-23,Sim,Não,Não,Sim,440,NULL,"Aut sed et et tenetur placeat.",3,"Engenharia Mecânica",MEC,3,Noite,1,"Campus Cedro",Não,Não,Não,Não,Não,Não,NULL,NULL,NULL,NULL,NULL,NULL,NULL,NULL,Não,99476,2025-09-23,20:02:00,2025-09-21,"2026-08-17 13:39:52","2026-08-17 13:39:52",-7865.62,Não,Não,Ausente,86D240FA1DC3,"Atividade acadêmica",NULL,760,2025-09-23,"Sanduíche de frango com suco",4,"Lanche da Noite",05:00:00,19:50:00,1,"Campus Cedro",NULL,NULL,NULL,760,15.29,NULL,NULL,NULL,NULL,NULL,NULL
1813,"Afonso Queirós Ortiz",60382860,Sim,2027-05-23,Sim,Não,Não,Sim,440,NULL,"Aut sed et et tenetur placeat.",3,"Engenharia Mecânica",MEC,3,Noite,1,"Campus Cedro",Não,Não,Não,Não,Não,Não,NULL,NULL,NULL,NULL,NULL,NULL,NULL,NULL,Não,99475,2025-09-04,19:00:00,2025-09-02,"2026-08-17 13:39:52","2026-08-17 13:39:52",-8322.65,Não,Não,Ausente,973A4C7567D7,"Problema de saúde",NULL,708,2025-09-04,"Tapioca de frango com suco",4,"Lanche da Noite",05:00:00,19:50:00,1,"Campus Cedro",NULL,NULL,NULL,708,19.15,NULL,NULL,NULL,NULL,NULL,NULL
1813,"Afonso Queirós Ortiz",60382860,Sim,2027-05-23,Sim,Não,Não,Sim,440,NULL,"Aut sed et et tenetur placeat.",3,"Engenharia Mecânica",MEC,3,Noite,1,"Campus Cedro",Não,Não,Não,Não,Não,Não,NULL,NULL,NULL,NULL,NULL,NULL,NULL,NULL,Não,99474,2025-08-21,07:59:00,2025-08-16,"2026-08-17 13:39:52","2026-08-17 13:39:52",-8669.67,Sim,Não,Presente,0A465C82A2DA,NULL,NULL,665,2025-08-21,"Cuscuz com carne moída e suco",1,"Lanche da Manhã",05:00:00,08:00:00,1,"Campus Cedro",NULL,NULL,NULL,665,8.67,NULL,NULL,NULL,NULL,NULL,NULL
1813,"Afonso Queirós Ortiz",60382860,Sim,2027-05-23,Sim,Não,Não,Sim,440,NULL,"Aut sed et et tenetur placeat.",3,"Engenharia Mecânica",MEC,3,Noite,1,"Campus Cedro",Não,Não,Não,Não,Não,Não,NULL,NULL,NULL,NULL,NULL,NULL,NULL,NULL,Não,99473,2025-07-17,07:20:00,2025-07-15,"2026-08-17 13:39:52","2026-08-17 13:39:52",-9510.32,Não,Sim,Cancelada,8AD042F76D11,NULL,NULL,565,2025-07-17,"Tapioca com frango e suco",1,"Lanche da Manhã",05:00:00,08:00:00,1,"Campus Cedro",NULL,NULL,NULL,565,9.39,NULL,NULL,NULL,NULL,NULL,NULL
1813,"Afonso Queirós Ortiz",60382860,Sim,2027-05-23,Sim,Não,Não,Sim,440,NULL,"Aut sed et et tenetur placeat.",3,"Engenharia Mecânica",MEC,3,Noite,1,"Campus Cedro",Não,Não,Não,Não,Não,Não,NULL,NULL,NULL,NULL,NULL,NULL,NULL,NULL,Não,99472,2025-07-09,07:04:00,2025-07-09,"2026-08-17 13:39:52","2026-08-17 13:39:52",-9702.58,Sim,Não,Presente,2B27B93E7A6A,NULL,NULL,541,2025-07-09,"Risoto cremoso",1,"Lanche da Manhã",05:00:00,08:00:00,1,"Campus Cedro",37504,3,NULL,541,9.64,NULL,NULL,NULL,NULL,NULL,NULL
1813,"Afonso Queirós Ortiz",60382860,Sim,2027-05-23,Sim,Não,Não,Sim,440,NULL,"Aut sed et et tenetur placeat.",3,"Engenharia Mecânica",MEC,3,Noite,1,"Campus Cedro",Não,Não,Não,Não,Não,Não,NULL,NULL,NULL,NULL,NULL,NULL,NULL,NULL,Não,99471,2025-06-18,19:18:00,2025-06-14,"2026-08-17 13:39:52","2026-08-17 13:39:52",-10194.35,Não,Não,Ausente,4CA45D6AD05B,"Compromisso acadêmico",NULL,484,2025-06-18,"Cuscuz com carne moída",4,"Lanche da Noite",05:00:00,19:50:00,1,"Campus Cedro",NULL,NULL,NULL,484,22.81,NULL,NULL,NULL,NULL,NULL,NULL
1813,"Afonso Queirós Ortiz",60382860,Sim,2027-05-23,Sim,Não,Não,Sim,440,NULL,"Aut sed et et tenetur placeat.",3,"Engenharia Mecânica",MEC,3,Noite,1,"Campus Cedro",Não,Não,Não,Não,Não,Não,NULL,NULL,NULL,NULL,NULL,NULL,NULL,NULL,Não,99470,2025-06-10,20:51:00,2025-06-07,"2026-08-17 13:39:52","2026-08-17 13:39:52",-10384.80,Sim,Não,Presente,4AD4BEF77099,NULL,NULL,460,2025-06-10,"Bolo de macaxeira com suco",4,"Lanche da Noite",05:00:00,19:50:00,1,"Campus Cedro",NULL,NULL,NULL,460,19.45,NULL,NULL,NULL,NULL,NULL,NULL
1813,"Afonso Queirós Ortiz",60382860,Sim,2027-05-23,Sim,Não,Não,Sim,440,NULL,"Aut sed et et tenetur placeat.",3,"Engenharia Mecânica",MEC,3,Noite,1,"Campus Cedro",Não,Não,Não,Não,Não,Não,NULL,NULL,NULL,NULL,NULL,NULL,NULL,NULL,Não,99469,2025-05-30,07:49:00,2025-05-25,"2026-08-17 13:39:52","2026-08-17 13:39:52",-10661.83,Sim,Não,Presente,EA1D8C68B111,NULL,NULL,429,2025-05-30,"Tapioca com frango e suco",1,"Lanche da Manhã",05:00:00,08:00:00,1,"Campus Cedro",NULL,NULL,NULL,429,8.51,NULL,NULL,NULL,NULL,NULL,NULL
1813,"Afonso Queirós Ortiz",60382860,Sim,2027-05-23,Sim,Não,Não,Sim,440,NULL,"Aut sed et et tenetur placeat.",3,"Engenharia Mecânica",MEC,3,Noite,1,"Campus Cedro",Não,Não,Não,Não,Não,Não,NULL,NULL,NULL,NULL,NULL,NULL,NULL,NULL,Não,99468,2025-05-22,21:56:00,2025-05-20,"2026-08-17 13:39:52","2026-08-17 13:39:52",-10839.72,Sim,Não,Presente,48EDA6D5426A,NULL,NULL,408,2025-05-22,"Tapioca de frango com suco",4,"Lanche da Noite",05:00:00,19:50:00,1,"Campus Cedro",37503,4,NULL,408,18.20,NULL,NULL,NULL,NULL,NULL,NULL
1813,"Afonso Queirós Ortiz",60382860,Sim,2027-05-23,Sim,Não,Não,Sim,440,NULL,"Aut sed et et tenetur placeat.",3,"Engenharia Mecânica",MEC,3,Noite,1,"Campus Cedro",Não,Não,Não,Não,Não,Não,NULL,NULL,NULL,NULL,NULL,NULL,NULL,NULL,Não,99467,2025-05-20,14:31:00,2025-05-17,"2026-08-17 13:39:52","2026-08-17 13:39:52",-10895.13,Sim,Não,Presente,BA48D3C93EA5,NULL,NULL,399,2025-05-20,"Cuscuz com queijo e suco",3,"Lanche da Tarde",05:00:00,14:50:00,1,"Campus Cedro",37502,5,NULL,399,12.06,NULL,NULL,NULL,NULL,NULL,NULL
1813,"Afonso Queirós Ortiz",60382860,Sim,2027-05-23,Sim,Não,Não,Sim,440,NULL,"Aut sed et et tenetur placeat.",3,"Engenharia Mecânica",MEC,3,Noite,1,"Campus Cedro",Não,Não,Não,Não,Não,Não,NULL,NULL,NULL,NULL,NULL,NULL,NULL,NULL,Não,99466,2025-04-30,20:56:00,2025-04-30,"2026-08-17 13:39:52","2026-08-17 13:39:52",-11368.72,Sim,Não,Presente,425332587629,NULL,NULL,344,2025-04-30,"Bolo de macaxeira com suco",4,"Lanche da Noite",05:00:00,19:50:00,1,"Campus Cedro",NULL,NULL,NULL,344,13.69,NULL,NULL,NULL,NULL,NULL,NULL
1813,"Afonso Queirós Ortiz",60382860,Sim,2027-05-23,Sim,Não,Não,Sim,440,NULL,"Aut sed et et tenetur placeat.",3,"Engenharia Mecânica",MEC,3,Noite,1,"Campus Cedro",Não,Não,Não,Não,Não,Não,NULL,NULL,NULL,NULL,NULL,NULL,NULL,NULL,Não,99465,2025-03-24,21:07:00,2025-03-20,"2026-08-17 13:39:52","2026-08-17 13:39:52",-12256.53,Sim,Não,Presente,DF3EF6B8CEBE,NULL,NULL,236,2025-03-24,"Pão com frango desfiado e suco",4,"Lanche da Noite",05:00:00,19:50:00,1,"Campus Cedro",NULL,NULL,NULL,236,13.65,NULL,NULL,NULL,NULL,NULL,NULL
1813,"Afonso Queirós Ortiz",60382860,Sim,2027-05-23,Sim,Não,Não,Sim,440,NULL,"Aut sed et et tenetur placeat.",3,"Engenharia Mecânica",MEC,3,Noite,1,"Campus Cedro",Não,Não,Não,Não,Não,Não,NULL,NULL,NULL,NULL,NULL,NULL,NULL,NULL,Não,99464,2025-03-18,19:40:00,2025-03-14,"2026-08-17 13:39:52","2026-08-17 13:39:52",-12401.98,Não,Não,Ausente,4B563FA308B3,"Problema de saúde",NULL,220,2025-03-18,"Pão com frango desfiado e suco",4,"Lanche da Noite",05:00:00,19:50:00,1,"Campus Cedro",NULL,NULL,NULL,220,16.56,NULL,NULL,NULL,NULL,NULL,NULL
1813,"Afonso Queirós Ortiz",60382860,Sim,2027-05-23,Sim,Não,Não,Sim,440,NULL,"Aut sed et et tenetur placeat.",3,"Engenharia Mecânica",MEC,3,Noite,1,"Campus Cedro",Não,Não,Não,Não,Não,Não,NULL,NULL,NULL,NULL,NULL,NULL,NULL,NULL,Não,99463,2025-03-14,12:07:00,2025-03-11,"2026-08-17 13:39:52","2026-08-17 13:39:52",-12505.53,Sim,Não,Presente,C3B3B79FCF60,NULL,NULL,210,2025-03-14,"Arroz, feijão, almôndegas, macarrão e salada",2,Almoço,05:00:00,11:20:00,1,"Campus Cedro",37501,4,NULL,210,96.24,NULL,NULL,NULL,NULL,NULL,NULL
1813,"Afonso Queirós Ortiz",60382860,Sim,2027-05-23,Sim,Não,Não,Sim,440,NULL,"Aut sed et et tenetur placeat.",3,"Engenharia Mecânica",MEC,3,Noite,1,"Campus Cedro",Não,Não,Não,Não,Não,Não,NULL,NULL,NULL,NULL,NULL,NULL,NULL,NULL,Não,99462,2025-03-10,20:26:00,2025-03-07,"2026-08-17 13:39:52","2026-08-17 13:39:52",-12593.22,Sim,Não,Presente,8CE669837885,NULL,NULL,196,2025-03-10,"Sanduíche de frango com suco",4,"Lanche da Noite",05:00:00,19:50:00,1,"Campus Cedro",NULL,NULL,NULL,196,16.65,NULL,NULL,NULL,NULL,NULL,NULL
1813,"Afonso Queirós Ortiz",60382860,Sim,2027-05-23,Sim,Não,Não,Sim,440,NULL,"Aut sed et et tenetur placeat.",3,"Engenharia Mecânica",MEC,3,Noite,1,"Campus Cedro",Não,Não,Não,Não,Não,Não,NULL,NULL,NULL,NULL,NULL,NULL,NULL,NULL,Não,99461,2025-03-07,20:20:00,2025-03-04,"2026-08-17 13:39:52","2026-08-17 13:39:52",-12665.32,Sim,Não,Presente,54F87A534178,NULL,NULL,192,2025-03-07,"Cuscuz com queijo e suco",4,"Lanche da Noite",05:00:00,19:50:00,1,"Campus Cedro",NULL,NULL,NULL,192,18.80,NULL,NULL,NULL,NULL,NULL,NULL
1813,"Afonso Queirós Ortiz",60382860,Sim,2027-05-23,Sim,Não,Não,Sim,440,NULL,"Aut sed et et tenetur placeat.",3,"Engenharia Mecânica",MEC,3,Noite,1,"Campus Cedro",Não,Não,Não,Não,Não,Não,NULL,NULL,NULL,NULL,NULL,NULL,NULL,NULL,Não,99460,2025-02-17,12:35:00,2025-02-14,"2026-08-17 13:39:52","2026-08-17 13:39:52",-13105.07,Sim,Não,Presente,6971ECC77CEB,NULL,NULL,134,2025-02-17,"Arroz, feijão, frango assado, macarrão e salada",2,Almoço,05:00:00,11:20:00,1,"Campus Cedro",37500,1,NULL,134,116.83,NULL,NULL,NULL,NULL,NULL,NULL
1813,"Afonso Queirós Ortiz",60382860,Sim,2027-05-23,Sim,Não,Não,Sim,440,NULL,"Aut sed et et tenetur placeat.",3,"Engenharia Mecânica",MEC,3,Noite,1,"Campus Cedro",Não,Não,Não,Não,Não,Não,NULL,NULL,NULL,NULL,NULL,NULL,NULL,NULL,Não,99459,2025-01-27,07:04:00,2025-01-24,"2026-08-17 13:39:52","2026-08-17 13:39:52",-13614.58,Sim,Não,Presente,328764B28E2C,NULL,NULL,73,2025-01-27,"Cuscuz com frango e suco de manga",1,"Lanche da Manhã",05:00:00,08:00:00,1,"Campus Cedro",NULL,NULL,NULL,73,9.16,NULL,NULL,NULL,NULL,NULL,NULL
1813,"Afonso Queirós Ortiz",60382860,Sim,2027-05-23,Sim,Não,Não,Sim,440,NULL,"Aut sed et et tenetur placeat.",3,"Engenharia Mecânica",MEC,3,Noite,1,"Campus Cedro",Não,Não,Não,Não,Não,Não,NULL,NULL,NULL,NULL,NULL,NULL,NULL,NULL,Não,99458,2025-01-24,11:19:00,2025-01-19,"2026-08-17 13:39:52","2026-08-17 13:39:52",-13682.33,Sim,Não,Presente,C0DD0F4BD66C,NULL,NULL,70,2025-01-24,"Arroz, feijão, frango ao curry, macarrão e salada",2,Almoço,05:00:00,11:20:00,1,"Campus Cedro",37499,2,NULL,70,133.69,NULL,NULL,NULL,NULL,NULL,NULL
938,"Afonso Salazar",64382226,Sim,2027-05-11,Sim,Não,Não,Não,NULL,239,"Reprehenderit dolore et aliquam quis praesentium velit.",1,"Sistemas de Informação",SI,2,Tarde,1,"Campus Cedro",Não,Não,Não,Não,Não,Não,NULL,NULL,NULL,NULL,NULL,NULL,NULL,NULL,Não,51508,2026-06-29,20:06:00,2026-06-28,"2026-08-17 13:39:44","2026-08-17 13:39:44",-1169.55,Sim,Não,Presente,96DB5775375E,NULL,NULL,1556,2026-06-29,"Tapioca de frango com suco",4,"Lanche da Noite",05:00:00,19:50:00,1,"Campus Cedro",NULL,NULL,NULL,1556,18.50,NULL,NULL,NULL,NULL,NULL,NULL
938,"Afonso Salazar",64382226,Sim,2027-05-11,Sim,Não,Não,Não,NULL,239,"Reprehenderit dolore et aliquam quis praesentium velit.",1,"Sistemas de Informação",SI,2,Tarde,1,"Campus Cedro",Não,Não,Não,Não,Não,Não,NULL,NULL,NULL,NULL,NULL,NULL,NULL,NULL,Não,51506,2026-06-16,15:41:00,2026-06-11,"2026-08-17 13:39:44","2026-08-17 13:39:44",-1485.97,Sim,Não,Presente,B8D91993DDFC,NULL,NULL,1519,2026-06-16,"Bolo de macaxeira com suco",3,"Lanche da Tarde",05:00:00,14:50:00,1,"Campus Cedro",NULL,NULL,NULL,1519,10.89,NULL,NULL,NULL,NULL,NULL,NULL
938,"Afonso Salazar",64382226,Sim,2027-05-11,Sim,Não,Não,Não,NULL,239,"Reprehenderit dolore et aliquam quis praesentium velit.",1,"Sistemas de Informação",SI,2,Tarde,1,"Campus Cedro",Não,Não,Não,Não,Não,Não,NULL,NULL,NULL,NULL,NULL,NULL,NULL,NULL,Não,51507,2026-06-16,21:42:00,2026-06-16,"2026-08-17 13:39:44","2026-08-17 13:39:44",-1479.95,Sim,Não,Presente,ED38492A5142,NULL,NULL,1520,2026-06-16,"Risoto cremoso",4,"Lanche da Noite",05:00:00,19:50:00,1,"Campus Cedro",19383,4,NULL,1520,19.67,NULL,NULL,NULL,NULL,NULL,NULL
938,"Afonso Salazar",64382226,Sim,2027-05-11,Sim,Não,Não,Não,NULL,239,"Reprehenderit dolore et aliquam quis praesentium velit.",1,"Sistemas de Informação",SI,2,Tarde,1,"Campus Cedro",Não,Não,Não,Não,Não,Não,NULL,NULL,NULL,NULL,NULL,NULL,NULL,NULL,Não,51505,2026-06-08,12:07:00,2026-06-03,"2026-08-17 13:39:44","2026-08-17 13:39:44",-1681.53,Sim,Não,Presente,E47E0FC077EE,NULL,NULL,1494,2026-06-08,"Arroz, feijão, frango ao molho, farofa e salada",2,Almoço,05:00:00,11:20:00,1,"Campus Cedro",19382,3,NULL,1494,84.82,NULL,NULL,NULL,NULL,NULL,NULL
938,"Afonso Salazar",64382226,Sim,2027-05-11,Sim,Não,Não,Não,NULL,239,"Reprehenderit dolore et aliquam quis praesentium velit.",1,"Sistemas de Informação",SI,2,Tarde,1,"Campus Cedro",Não,Não,Não,Não,Não,Não,NULL,NULL,NULL,NULL,NULL,NULL,NULL,NULL,Não,51504,2026-05-15,08:31:00,2026-05-10,"2026-08-17 13:39:44","2026-08-17 13:39:44",-2261.13,Sim,Não,Presente,E6DA4A3E66EA,NULL,NULL,1429,2026-05-15,"Sanduíche de frango com suco",1,"Lanche da Manhã",05:00:00,08:00:00,1,"Campus Cedro",NULL,NULL,NULL,1429,10.32,NULL,NULL,NULL,NULL,NULL,NULL
938,"Afonso Salazar",64382226,Sim,2027-05-11,Sim,Não,Não,Não,NULL,239,"Reprehenderit dolore et aliquam quis praesentium velit.",1,"Sistemas de Informação",SI,2,Tarde,1,"Campus Cedro",Não,Não,Não,Não,Não,Não,NULL,NULL,NULL,NULL,NULL,NULL,NULL,NULL,Não,51503,2026-05-12,12:09:00,2026-05-12,"2026-08-17 13:39:44","2026-08-17 13:39:44",-2329.50,Sim,Não,Presente,464517C533F3,NULL,NULL,1418,2026-05-12,"Arroz, feijão, peixe ao molho, legumes e salada",2,Almoço,05:00:00,11:20:00,1,"Campus Cedro",NULL,NULL,NULL,1418,141.14,NULL,NULL,NULL,NULL,NULL,NULL
938,"Afonso Salazar",64382226,Sim,2027-05-11,Sim,Não,Não,Não,NULL,239,"Reprehenderit dolore et aliquam quis praesentium velit.",1,"Sistemas de Informação",SI,2,Tarde,1,"Campus Cedro",Não,Não,Não,Não,Não,Não,NULL,NULL,NULL,NULL,NULL,NULL,NULL,NULL,Não,51502,2026-05-11,14:01:00,2026-05-11,"2026-08-17 13:39:44","2026-08-17 13:39:44",-2351.63,Sim,Não,Presente,3D9496134777,NULL,NULL,1415,2026-05-11,"Tapioca de frango com suco",3,"Lanche da Tarde",05:00:00,14:50:00,1,"Campus Cedro",NULL,NULL,NULL,1415,10.46,NULL,NULL,NULL,NULL,NULL,NULL
938,"Afonso Salazar",64382226,Sim,2027-05-11,Sim,Não,Não,Não,NULL,239,"Reprehenderit dolore et aliquam quis praesentium velit.",1,"Sistemas de Informação",SI,2,Tarde,1,"Campus Cedro",Não,Não,Não,Não,Não,Não,NULL,NULL,NULL,NULL,NULL,NULL,NULL,NULL,Não,51501,2026-05-08,20:16:00,2026-05-03,"2026-08-17 13:39:44","2026-08-17 13:39:44",-2417.38,Sim,Não,Presente,98649B2436D3,NULL,NULL,1412,2026-05-08,"Pão com frango desfiado e suco",4,"Lanche da Noite",05:00:00,19:50:00,1,"Campus Cedro",NULL,NULL,NULL,1412,19.60,NULL,NULL,NULL,NULL,NULL,NULL
938,"Afonso Salazar",64382226,Sim,2027-05-11,Sim,Não,Não,Não,NULL,239,"Reprehenderit dolore et aliquam quis praesentium velit.",1,"Sistemas de Informação",SI,2,Tarde,1,"Campus Cedro",Não,Não,Não,Não,Não,Não,NULL,NULL,NULL,NULL,NULL,NULL,NULL,NULL,Não,51500,2026-04-30,12:26:00,2026-04-29,"2026-08-17 13:39:44","2026-08-17 13:39:44",-2617.22,Não,Sim,Cancelada,2336F746A9C8,NULL,NULL,1386,2026-04-30,"Arroz, feijão, carne moída, macarrão e legumes",2,Almoço,05:00:00,11:20:00,1,"Campus Cedro",NULL,NULL,NULL,1386,119.70,NULL,NULL,NULL,NULL,NULL,NULL
938,"Afonso Salazar",64382226,Sim,2027-05-11,Sim,Não,Não,Não,NULL,239,"Reprehenderit dolore et aliquam quis praesentium velit.",1,"Sistemas de Informação",SI,2,Tarde,1,"Campus Cedro",Não,Não,Não,Não,Não,Não,NULL,NULL,NULL,NULL,NULL,NULL,NULL,NULL,Não,51499,2026-04-24,15:24:00,2026-04-20,"2026-08-17 13:39:44","2026-08-17 13:39:44",-2758.25,Sim,Não,Presente,2D5C40D7D22F,NULL,NULL,1371,2026-04-24,"Bolo de milho com suco de manga",3,"Lanche da Tarde",05:00:00,14:50:00,1,"Campus Cedro",NULL,NULL,NULL,1371,10.38,NULL,NULL,NULL,NULL,NULL,NULL
938,"Afonso Salazar",64382226,Sim,2027-05-11,Sim,Não,Não,Não,NULL,239,"Reprehenderit dolore et aliquam quis praesentium velit.",1,"Sistemas de Informação",SI,2,Tarde,1,"Campus Cedro",Não,Não,Não,Não,Não,Não,NULL,NULL,NULL,NULL,NULL,NULL,NULL,NULL,Não,51498,2026-04-22,12:10:00,2026-04-17,"2026-08-17 13:39:44","2026-08-17 13:39:44",-2809.48,Sim,Não,Presente,430570712D83,NULL,NULL,1362,2026-04-22,"Arroz, feijão, carne de panela, arroz colorido e salada",2,Almoço,05:00:00,11:20:00,1,"Campus Cedro",NULL,NULL,NULL,1362,128.06,NULL,NULL,NULL,NULL,NULL,NULL
938,"Afonso Salazar",64382226,Sim,2027-05-11,Sim,Não,Não,Não,NULL,239,"Reprehenderit dolore et aliquam quis praesentium velit.",1,"Sistemas de Informação",SI,2,Tarde,1,"Campus Cedro",Não,Não,Não,Não,Não,Não,NULL,NULL,NULL,NULL,NULL,NULL,NULL,NULL,Não,51497,2026-04-16,19:31:00,2026-04-15,"2026-08-17 13:39:44","2026-08-17 13:39:44",-2946.13,Sim,Não,Presente,547E66D062FC,NULL,NULL,1348,2026-04-16,"Bolo de milho com suco",4,"Lanche da Noite",05:00:00,19:50:00,1,"Campus Cedro",19381,2,NULL,1348,18.50,NULL,NULL,NULL,NULL,NULL,NULL
938,"Afonso Salazar",64382226,Sim,2027-05-11,Sim,Não,Não,Não,NULL,239,"Reprehenderit dolore et aliquam quis praesentium velit.",1,"Sistemas de Informação",SI,2,Tarde,1,"Campus Cedro",Não,Não,Não,Não,Não,Não,NULL,NULL,NULL,NULL,NULL,NULL,NULL,NULL,Não,51496,2026-04-15,12:05:00,2026-04-15,"2026-08-17 13:39:44","2026-08-17 13:39:44",-2977.57,Sim,Não,Presente,FB69871A3A61,NULL,NULL,1342,2026-04-15,"Arroz, feijão, frango ao curry, macarrão e salada",2,Almoço,05:00:00,11:20:00,1,"Campus Cedro",NULL,NULL,NULL,1342,115.15,NULL,NULL,NULL,NULL,NULL,NULL
938,"Afonso Salazar",64382226,Sim,2027-05-11,Sim,Não,Não,Não,NULL,239,"Reprehenderit dolore et aliquam quis praesentium velit.",1,"Sistemas de Informação",SI,2,Tarde,1,"Campus Cedro",Não,Não,Não,Não,Não,Não,NULL,NULL,NULL,NULL,NULL,NULL,NULL,NULL,Não,51495,2026-04-08,20:35:00,2026-04-08,"2026-08-17 13:39:44","2026-08-17 13:39:44",-3137.07,Sim,Não,Presente,85483A92F146,NULL,NULL,1324,2026-04-08,"Cuscuz com queijo e suco",4,"Lanche da Noite",05:00:00,19:50:00,1,"Campus Cedro",19380,4,NULL,1324,26.51,NULL,NULL,NULL,NULL,NULL,NULL
938,"Afonso Salazar",64382226,Sim,2027-05-11,Sim,Não,Não,Não,NULL,239,"Reprehenderit dolore et aliquam quis praesentium velit.",1,"Sistemas de Informação",SI,2,Tarde,1,"Campus Cedro",Não,Não,Não,Não,Não,Não,NULL,NULL,NULL,NULL,NULL,NULL,NULL,NULL,Não,51494,2026-03-30,12:12:00,2026-03-25,"2026-08-17 13:39:44","2026-08-17 13:39:44",-3361.45,Sim,Não,Presente,519038FA4BD9,NULL,NULL,1294,2026-03-30,"Arroz, feijão, peixe frito, pirão e salada",2,Almoço,05:00:00,11:20:00,1,"Campus Cedro",NULL,NULL,NULL,1294,152.42,NULL,NULL,NULL,NULL,NULL,NULL
938,"Afonso Salazar",64382226,Sim,2027-05-11,Sim,Não,Não,Não,NULL,239,"Reprehenderit dolore et aliquam quis praesentium velit.",1,"Sistemas de Informação",SI,2,Tarde,1,"Campus Cedro",Não,Não,Não,Não,Não,Não,NULL,NULL,NULL,NULL,NULL,NULL,NULL,NULL,Não,51493,2026-03-06,11:15:00,2026-03-05,"2026-08-17 13:39:44","2026-08-17 13:39:44",-3938.40,Sim,Não,Presente,864F87B55321,NULL,NULL,1230,2026-03-06,"Arroz, feijão, frango ao curry, macarrão e salada",2,Almoço,05:00:00,11:20:00,1,"Campus Cedro",NULL,NULL,NULL,1230,92.88,NULL,NULL,NULL,NULL,NULL,NULL
938,"Afonso Salazar",64382226,Sim,2027-05-11,Sim,Não,Não,Não,NULL,239,"Reprehenderit dolore et aliquam quis praesentium velit.",1,"Sistemas de Informação",SI,2,Tarde,1,"Campus Cedro",Não,Não,Não,Não,Não,Não,NULL,NULL,NULL,NULL,NULL,NULL,NULL,NULL,Não,51492,2026-03-04,21:10:00,2026-02-27,"2026-08-17 13:39:44","2026-08-17 13:39:44",-3976.48,Sim,Não,Presente,F8C7E9C89532,NULL,NULL,1224,2026-03-04,"Pão com frango desfiado e suco",4,"Lanche da Noite",05:00:00,19:50:00,1,"Campus Cedro",NULL,NULL,NULL,1224,21.22,NULL,NULL,NULL,NULL,NULL,NULL
938,"Afonso Salazar",64382226,Sim,2027-05-11,Sim,Não,Não,Não,NULL,239,"Reprehenderit dolore et aliquam quis praesentium velit.",1,"Sistemas de Informação",SI,2,Tarde,1,"Campus Cedro",Não,Não,Não,Não,Não,Não,NULL,NULL,NULL,NULL,NULL,NULL,NULL,NULL,Não,51491,2026-02-27,07:46:00,2026-02-24,"2026-08-17 13:39:44","2026-08-17 13:39:44",-4109.88,Não,Não,Ausente,C5BE99C4270B,"Problema de transporte",NULL,1209,2026-02-27,"Cuscuz com carne moída e suco",1,"Lanche da Manhã",05:00:00,08:00:00,1,"Campus Cedro",NULL,NULL,NULL,1209,9.81,NULL,NULL,NULL,NULL,NULL,NULL
938,"Afonso Salazar",64382226,Sim,2027-05-11,Sim,Não,Não,Não,NULL,239,"Reprehenderit dolore et aliquam quis praesentium velit.",1,"Sistemas de Informação",SI,2,Tarde,1,"Campus Cedro",Não,Não,Não,Não,Não,Não,NULL,NULL,NULL,NULL,NULL,NULL,NULL,NULL,Não,51490,2026-02-23,14:41:00,2026-02-19,"2026-08-17 13:39:44","2026-08-17 13:39:44",-4198.97,Sim,Não,Presente,08FA92B6957E,NULL,NULL,1195,2026-02-23,"Cuscuz com queijo e suco",3,"Lanche da Tarde",05:00:00,14:50:00,1,"Campus Cedro",NULL,NULL,NULL,1195,13.23,NULL,NULL,NULL,NULL,NULL,NULL
938,"Afonso Salazar",64382226,Sim,2027-05-11,Sim,Não,Não,Não,NULL,239,"Reprehenderit dolore et aliquam quis praesentium velit.",1,"Sistemas de Informação",SI,2,Tarde,1,"Campus Cedro",Não,Não,Não,Não,Não,Não,NULL,NULL,NULL,NULL,NULL,NULL,NULL,NULL,Não,51489,2026-02-05,08:07:00,2026-01-31,"2026-08-17 13:39:44","2026-08-17 13:39:44",-4637.53,Sim,Não,Presente,63307E015774,NULL,NULL,1145,2026-02-05,"Bolo de milho com suco de goiaba",1,"Lanche da Manhã",05:00:00,08:00:00,1,"Campus Cedro",19379,1,NULL,1145,8.12,NULL,NULL,NULL,NULL,NULL,NULL
938,"Afonso Salazar",64382226,Sim,2027-05-11,Sim,Não,Não,Não,NULL,239,"Reprehenderit dolore et aliquam quis praesentium velit.",1,"Sistemas de Informação",SI,2,Tarde,1,"Campus Cedro",Não,Não,Não,Não,Não,Não,NULL,NULL,NULL,NULL,NULL,NULL,NULL,NULL,Não,51488,2026-01-22,16:06:00,2026-01-17,"2026-08-17 13:39:44","2026-08-17 13:39:44",-4965.55,Sim,Não,Presente,A08EAB39E5F1,NULL,NULL,1107,2026-01-22,"Cuscuz com queijo e suco",3,"Lanche da Tarde",05:00:00,14:50:00,1,"Campus Cedro",NULL,NULL,NULL,1107,14.34,NULL,NULL,NULL,NULL,NULL,NULL
938,"Afonso Salazar",64382226,Sim,2027-05-11,Sim,Não,Não,Não,NULL,239,"Reprehenderit dolore et aliquam quis praesentium velit.",1,"Sistemas de Informação",SI,2,Tarde,1,"Campus Cedro",Não,Não,Não,Não,Não,Não,NULL,NULL,NULL,NULL,NULL,NULL,NULL,NULL,Não,51487,2026-01-16,15:55:00,2026-01-16,"2026-08-17 13:39:44","2026-08-17 13:39:44",-5109.73,Não,Não,Ausente,B4DF7EA7EFDC,"Problema de saúde",NULL,1091,2026-01-16,"Bolo de chocolate com suco",3,"Lanche da Tarde",05:00:00,14:50:00,1,"Campus Cedro",NULL,NULL,NULL,1091,12.79,NULL,NULL,NULL,NULL,NULL,NULL
938,"Afonso Salazar",64382226,Sim,2027-05-11,Sim,Não,Não,Não,NULL,239,"Reprehenderit dolore et aliquam quis praesentium velit.",1,"Sistemas de Informação",SI,2,Tarde,1,"Campus Cedro",Não,Não,Não,Não,Não,Não,NULL,NULL,NULL,NULL,NULL,NULL,NULL,NULL,Não,51485,2026-01-14,15:38:00,2026-01-09,"2026-08-17 13:39:44","2026-08-17 13:39:44",-5158.02,Não,Não,Ausente,680A31035BF1,"Problema de transporte",NULL,1083,2026-01-14,"Pão com frango desfiado e suco",3,"Lanche da Tarde",05:00:00,14:50:00,1,"Campus Cedro",NULL,NULL,NULL,1083,13.29,NULL,NULL,NULL,NULL,NULL,NULL
938,"Afonso Salazar",64382226,Sim,2027-05-11,Sim,Não,Não,Não,NULL,239,"Reprehenderit dolore et aliquam quis praesentium velit.",1,"Sistemas de Informação",SI,2,Tarde,1,"Campus Cedro",Não,Não,Não,Não,Não,Não,NULL,NULL,NULL,NULL,NULL,NULL,NULL,NULL,Não,51486,2026-01-14,21:28:00,2026-01-13,"2026-08-17 13:39:44","2026-08-17 13:39:44",-5152.18,Não,Não,Ausente,B572A50FAC31,"Ausência justificada pelo estudante",NULL,1084,2026-01-14,"Cuscuz com carne moída",4,"Lanche da Noite",05:00:00,19:50:00,1,"Campus Cedro",NULL,NULL,NULL,1084,20.17,NULL,NULL,NULL,NULL,NULL,NULL
938,"Afonso Salazar",64382226,Sim,2027-05-11,Sim,Não,Não,Não,NULL,239,"Reprehenderit dolore et aliquam quis praesentium velit.",1,"Sistemas de Informação",SI,2,Tarde,1,"Campus Cedro",Não,Não,Não,Não,Não,Não,NULL,NULL,NULL,NULL,NULL,NULL,NULL,NULL,Não,51484,2026-01-06,12:35:00,2026-01-03,"2026-08-17 13:39:44","2026-08-17 13:39:44",-5353.07,Sim,Não,Presente,18563F883C2C,NULL,NULL,1058,2026-01-06,"Arroz, feijão, peixe assado, pirão e salada",2,Almoço,05:00:00,11:20:00,1,"Campus Cedro",NULL,NULL,NULL,1058,119.42,NULL,NULL,NULL,NULL,NULL,NULL
938,"Afonso Salazar",64382226,Sim,2027-05-11,Sim,Não,Não,Não,NULL,239,"Reprehenderit dolore et aliquam quis praesentium velit.",1,"Sistemas de Informação",SI,2,Tarde,1,"Campus Cedro",Não,Não,Não,Não,Não,Não,NULL,NULL,NULL,NULL,NULL,NULL,NULL,NULL,Não,51482,2025-12-30,11:05:00,2025-12-26,"2026-08-17 13:39:44","2026-08-17 13:39:44",-5522.57,Sim,Não,Presente,03C8B0631E8F,NULL,NULL,1038,2025-12-30,"Arroz, feijão, carne cozida, macarrão e salada",2,Almoço,05:00:00,11:20:00,1,"Campus Cedro",19378,5,NULL,1038,117.47,NULL,NULL,NULL,NULL,NULL,NULL
938,"Afonso Salazar",64382226,Sim,2027-05-11,Sim,Não,Não,Não,NULL,239,"Reprehenderit dolore et aliquam quis praesentium velit.",1,"Sistemas de Informação",SI,2,Tarde,1,"Campus Cedro",Não,Não,Não,Não,Não,Não,NULL,NULL,NULL,NULL,NULL,NULL,NULL,NULL,Não,51483,2025-12-30,15:36:00,2025-12-29,"2026-08-17 13:39:44","2026-08-17 13:39:44",-5518.05,Sim,Não,Presente,2069D9EC95BD,NULL,NULL,1039,2025-12-30,"Risoto cremoso",3,"Lanche da Tarde",05:00:00,14:50:00,1,"Campus Cedro",NULL,NULL,NULL,1039,13.52,NULL,NULL,NULL,NULL,NULL,NULL
938,"Afonso Salazar",64382226,Sim,2027-05-11,Sim,Não,Não,Não,NULL,239,"Reprehenderit dolore et aliquam quis praesentium velit.",1,"Sistemas de Informação",SI,2,Tarde,1,"Campus Cedro",Não,Não,Não,Não,Não,Não,NULL,NULL,NULL,NULL,NULL,NULL,NULL,NULL,Não,51481,2025-12-11,07:31:00,2025-12-06,"2026-08-17 13:39:44","2026-08-17 13:39:44",-5982.13,Sim,Não,Presente,2704245C5B19,NULL,NULL,985,2025-12-11,"Cuscuz com queijo e suco",1,"Lanche da Manhã",05:00:00,08:00:00,1,"Campus Cedro",NULL,NULL,NULL,985,9.40,NULL,NULL,NULL,NULL,NULL,NULL
938,"Afonso Salazar",64382226,Sim,2027-05-11,Sim,Não,Não,Não,NULL,239,"Reprehenderit dolore et aliquam quis praesentium velit.",1,"Sistemas de Informação",SI,2,Tarde,1,"Campus Cedro",Não,Não,Não,Não,Não,Não,NULL,NULL,NULL,NULL,NULL,NULL,NULL,NULL,Não,51480,2025-12-02,15:46:00,2025-11-30,"2026-08-17 13:39:44","2026-08-17 13:39:44",-6189.88,Sim,Não,Presente,4BF0319517C9,NULL,NULL,959,2025-12-02,"Bolo de milho com suco de manga",3,"Lanche da Tarde",05:00:00,14:50:00,1,"Campus Cedro",NULL,NULL,NULL,959,14.03,NULL,NULL,NULL,NULL,NULL,NULL
938,"Afonso Salazar",64382226,Sim,2027-05-11,Sim,Não,Não,Não,NULL,239,"Reprehenderit dolore et aliquam quis praesentium velit.",1,"Sistemas de Informação",SI,2,Tarde,1,"Campus Cedro",Não,Não,Não,Não,Não,Não,NULL,NULL,NULL,NULL,NULL,NULL,NULL,NULL,Não,51479,2025-11-25,11:17:00,2025-11-23,"2026-08-17 13:39:44","2026-08-17 13:39:44",-6362.37,Sim,Não,Presente,87361178DD1D,NULL,NULL,938,2025-11-25,"Arroz, feijão, frango assado, farofa e salada",2,Almoço,05:00:00,11:20:00,1,"Campus Cedro",NULL,NULL,NULL,938,105.98,NULL,NULL,NULL,NULL,NULL,NULL
938,"Afonso Salazar",64382226,Sim,2027-05-11,Sim,Não,Não,Não,NULL,239,"Reprehenderit dolore et aliquam quis praesentium velit.",1,"Sistemas de Informação",SI,2,Tarde,1,"Campus Cedro",Não,Não,Não,Não,Não,Não,NULL,NULL,NULL,NULL,NULL,NULL,NULL,NULL,Não,51477,2025-11-19,14:48:00,2025-11-14,"2026-08-17 13:39:44","2026-08-17 13:39:44",-6502.85,Sim,Não,Presente,45798A80357C,NULL,NULL,923,2025-11-19,"Cuscuz de frango com suco de goiaba",3,"Lanche da Tarde",05:00:00,14:50:00,1,"Campus Cedro",NULL,NULL,NULL,923,15.16,NULL,NULL,NULL,NULL,NULL,NULL
938,"Afonso Salazar",64382226,Sim,2027-05-11,Sim,Não,Não,Não,NULL,239,"Reprehenderit dolore et aliquam quis praesentium velit.",1,"Sistemas de Informação",SI,2,Tarde,1,"Campus Cedro",Não,Não,Não,Não,Não,Não,NULL,NULL,NULL,NULL,NULL,NULL,NULL,NULL,Não,51478,2025-11-19,20:38:00,2025-11-16,"2026-08-17 13:39:44","2026-08-17 13:39:44",-6497.02,Sim,Não,Presente,B36CD3B8587E,NULL,NULL,924,2025-11-19,"Risoto cremoso",4,"Lanche da Noite",05:00:00,19:50:00,1,"Campus Cedro",NULL,NULL,NULL,924,21.14,NULL,NULL,NULL,NULL,NULL,NULL
938,"Afonso Salazar",64382226,Sim,2027-05-11,Sim,Não,Não,Não,NULL,239,"Reprehenderit dolore et aliquam quis praesentium velit.",1,"Sistemas de Informação",SI,2,Tarde,1,"Campus Cedro",Não,Não,Não,Não,Não,Não,NULL,NULL,NULL,NULL,NULL,NULL,NULL,NULL,Não,51476,2025-11-05,21:30:00,2025-11-04,"2026-08-17 13:39:44","2026-08-17 13:39:44",-6832.15,Sim,Não,Presente,DB324FDBF807,NULL,NULL,884,2025-11-05,"Pão com frango desfiado e suco",4,"Lanche da Noite",05:00:00,19:50:00,1,"Campus Cedro",19377,5,NULL,884,18.43,NULL,NULL,NULL,NULL,NULL,NULL
938,"Afonso Salazar",64382226,Sim,2027-05-11,Sim,Não,Não,Não,NULL,239,"Reprehenderit dolore et aliquam quis praesentium velit.",1,"Sistemas de Informação",SI,2,Tarde,1,"Campus Cedro",Não,Não,Não,Não,Não,Não,NULL,NULL,NULL,NULL,NULL,NULL,NULL,NULL,Não,51475,2025-10-30,12:09:00,2025-10-25,"2026-08-17 13:39:44","2026-08-17 13:39:44",-6985.50,Sim,Não,Presente,79F5906F7BCB,NULL,NULL,866,2025-10-30,"Arroz, feijão, carne cozida com batatas e salada",2,Almoço,05:00:00,11:20:00,1,"Campus Cedro",NULL,NULL,NULL,866,112.86,NULL,NULL,NULL,NULL,NULL,NULL
938,"Afonso Salazar",64382226,Sim,2027-05-11,Sim,Não,Não,Não,NULL,239,"Reprehenderit dolore et aliquam quis praesentium velit.",1,"Sistemas de Informação",SI,2,Tarde,1,"Campus Cedro",Não,Não,Não,Não,Não,Não,NULL,NULL,NULL,NULL,NULL,NULL,NULL,NULL,Não,51474,2025-10-23,11:00:00,2025-10-22,"2026-08-17 13:39:44","2026-08-17 13:39:44",-7154.65,Sim,Não,Presente,28233645EA10,NULL,NULL,846,2025-10-23,"Arroz, feijão, frango com legumes, macarrão e salada",2,Almoço,05:00:00,11:20:00,1,"Campus Cedro",19376,4,"Imprevisto pessoal",846,122.38,NULL,NULL,NULL,NULL,NULL,NULL
938,"Afonso Salazar",64382226,Sim,2027-05-11,Sim,Não,Não,Não,NULL,239,"Reprehenderit dolore et aliquam quis praesentium velit.",1,"Sistemas de Informação",SI,2,Tarde,1,"Campus Cedro",Não,Não,Não,Não,Não,Não,NULL,NULL,NULL,NULL,NULL,NULL,NULL,NULL,Não,51473,2025-10-22,14:48:00,2025-10-22,"2026-08-17 13:39:44","2026-08-17 13:39:44",-7174.85,Sim,Não,Presente,5EC0A22F3283,NULL,NULL,843,2025-10-22,"Cuscuz com carne moída e suco",3,"Lanche da Tarde",05:00:00,14:50:00,1,"Campus Cedro",19375,3,NULL,843,12.96,NULL,NULL,NULL,NULL,NULL,NULL
938,"Afonso Salazar",64382226,Sim,2027-05-11,Sim,Não,Não,Não,NULL,239,"Reprehenderit dolore et aliquam quis praesentium velit.",1,"Sistemas de Informação",SI,2,Tarde,1,"Campus Cedro",Não,Não,Não,Não,Não,Não,NULL,NULL,NULL,NULL,NULL,NULL,NULL,NULL,Não,51471,2025-10-20,12:07:00,2025-10-20,"2026-08-17 13:39:44","2026-08-17 13:39:44",-7225.53,Sim,Não,Presente,35C1147651D5,NULL,NULL,834,2025-10-20,"Arroz, feijão, carne suína, legumes e salada",2,Almoço,05:00:00,11:20:00,1,"Campus Cedro",NULL,NULL,NULL,834,129.26,NULL,NULL,NULL,NULL,NULL,NULL
938,"Afonso Salazar",64382226,Sim,2027-05-11,Sim,Não,Não,Não,NULL,239,"Reprehenderit dolore et aliquam quis praesentium velit.",1,"Sistemas de Informação",SI,2,Tarde,1,"Campus Cedro",Não,Não,Não,Não,Não,Não,NULL,NULL,NULL,NULL,NULL,NULL,NULL,NULL,Não,51472,2025-10-20,21:26:00,2025-10-15,"2026-08-17 13:39:44","2026-08-17 13:39:44",-7216.22,Sim,Não,Presente,0FC917A8E14C,NULL,NULL,836,2025-10-20,"Cuscuz com queijo e suco",4,"Lanche da Noite",05:00:00,19:50:00,1,"Campus Cedro",NULL,NULL,NULL,836,22.81,NULL,NULL,NULL,NULL,NULL,NULL
938,"Afonso Salazar",64382226,Sim,2027-05-11,Sim,Não,Não,Não,NULL,239,"Reprehenderit dolore et aliquam quis praesentium velit.",1,"Sistemas de Informação",SI,2,Tarde,1,"Campus Cedro",Não,Não,Não,Não,Não,Não,NULL,NULL,NULL,NULL,NULL,NULL,NULL,NULL,Não,51470,2025-10-07,21:01:00,2025-10-02,"2026-08-17 13:39:44","2026-08-17 13:39:44",-7528.63,Sim,Não,Presente,E49364F032B3,NULL,NULL,800,2025-10-07,"Tapioca com queijo e suco",4,"Lanche da Noite",05:00:00,19:50:00,1,"Campus Cedro",NULL,NULL,NULL,800,12.61,NULL,NULL,NULL,NULL,NULL,NULL
938,"Afonso Salazar",64382226,Sim,2027-05-11,Sim,Não,Não,Não,NULL,239,"Reprehenderit dolore et aliquam quis praesentium velit.",1,"Sistemas de Informação",SI,2,Tarde,1,"Campus Cedro",Não,Não,Não,Não,Não,Não,NULL,NULL,NULL,NULL,NULL,NULL,NULL,NULL,Não,51469,2025-09-25,19:04:00,2025-09-23,"2026-08-17 13:39:44","2026-08-17 13:39:44",-7818.58,Sim,Não,Presente,609203DC67C0,NULL,NULL,768,2025-09-25,"Canja de frango",4,"Lanche da Noite",05:00:00,19:50:00,1,"Campus Cedro",NULL,NULL,NULL,768,22.47,NULL,NULL,NULL,NULL,NULL,NULL
938,"Afonso Salazar",64382226,Sim,2027-05-11,Sim,Não,Não,Não,NULL,239,"Reprehenderit dolore et aliquam quis praesentium velit.",1,"Sistemas de Informação",SI,2,Tarde,1,"Campus Cedro",Não,Não,Não,Não,Não,Não,NULL,NULL,NULL,NULL,NULL,NULL,NULL,NULL,Não,51468,2025-09-22,21:40:00,2025-09-22,"2026-08-17 13:39:44","2026-08-17 13:39:44",-7887.98,Sim,Não,Presente,7576766EAB50,NULL,NULL,756,2025-09-22,"Cuscuz com queijo e suco",4,"Lanche da Noite",05:00:00,19:50:00,1,"Campus Cedro",19374,1,NULL,756,19.53,NULL,NULL,NULL,NULL,NULL,NULL
938,"Afonso Salazar",64382226,Sim,2027-05-11,Sim,Não,Não,Não,NULL,239,"Reprehenderit dolore et aliquam quis praesentium velit.",1,"Sistemas de Informação",SI,2,Tarde,1,"Campus Cedro",Não,Não,Não,Não,Não,Não,NULL,NULL,NULL,NULL,NULL,NULL,NULL,NULL,Não,51467,2025-09-18,08:14:00,2025-09-15,"2026-08-17 13:39:44","2026-08-17 13:39:44",-7997.42,Sim,Não,Presente,40A1C374A698,NULL,NULL,745,2025-09-18,"Cuscuz com queijo e suco",1,"Lanche da Manhã",05:00:00,08:00:00,1,"Campus Cedro",NULL,NULL,NULL,745,8.04,NULL,NULL,NULL,NULL,NULL,NULL
938,"Afonso Salazar",64382226,Sim,2027-05-11,Sim,Não,Não,Não,NULL,239,"Reprehenderit dolore et aliquam quis praesentium velit.",1,"Sistemas de Informação",SI,2,Tarde,1,"Campus Cedro",Não,Não,Não,Não,Não,Não,NULL,NULL,NULL,NULL,NULL,NULL,NULL,NULL,Não,51466,2025-09-16,08:06:00,2025-09-15,"2026-08-17 13:39:44","2026-08-17 13:39:44",-8045.55,Sim,Não,Presente,55C866D8296E,NULL,NULL,737,2025-09-16,"Risoto cremoso",1,"Lanche da Manhã",05:00:00,08:00:00,1,"Campus Cedro",NULL,NULL,NULL,737,10.24,NULL,NULL,NULL,NULL,NULL,NULL
938,"Afonso Salazar",64382226,Sim,2027-05-11,Sim,Não,Não,Não,NULL,239,"Reprehenderit dolore et aliquam quis praesentium velit.",1,"Sistemas de Informação",SI,2,Tarde,1,"Campus Cedro",Não,Não,Não,Não,Não,Não,NULL,NULL,NULL,NULL,NULL,NULL,NULL,NULL,Não,51465,2025-09-10,12:05:00,2025-09-06,"2026-08-17 13:39:44","2026-08-17 13:39:44",-8185.57,Não,Não,Ausente,03F71093B844,"Problema de saúde",NULL,722,2025-09-10,"Arroz, feijão, frango assado, macarrão e salada",2,Almoço,05:00:00,11:20:00,1,"Campus Cedro",NULL,NULL,NULL,722,121.80,NULL,NULL,NULL,NULL,NULL,NULL
938,"Afonso Salazar",64382226,Sim,2027-05-11,Sim,Não,Não,Não,NULL,239,"Reprehenderit dolore et aliquam quis praesentium velit.",1,"Sistemas de Informação",SI,2,Tarde,1,"Campus Cedro",Não,Não,Não,Não,Não,Não,NULL,NULL,NULL,NULL,NULL,NULL,NULL,NULL,Não,51464,2025-09-05,14:23:00,2025-09-04,"2026-08-17 13:39:44","2026-08-17 13:39:44",-8303.27,Sim,Não,Presente,1EFB01F7543E,NULL,NULL,711,2025-09-05,"Risoto cremoso",3,"Lanche da Tarde",05:00:00,14:50:00,1,"Campus Cedro",19373,4,NULL,711,12.65,NULL,NULL,NULL,NULL,NULL,NULL
938,"Afonso Salazar",64382226,Sim,2027-05-11,Sim,Não,Não,Não,NULL,239,"Reprehenderit dolore et aliquam quis praesentium velit.",1,"Sistemas de Informação",SI,2,Tarde,1,"Campus Cedro",Não,Não,Não,Não,Não,Não,NULL,NULL,NULL,NULL,NULL,NULL,NULL,NULL,Não,51463,2025-09-02,07:16:00,2025-09-02,"2026-08-17 13:39:44","2026-08-17 13:39:44",-8382.38,Sim,Não,Presente,2DAD014A15D6,NULL,NULL,697,2025-09-02,"Tapioca com frango e suco",1,"Lanche da Manhã",05:00:00,08:00:00,1,"Campus Cedro",NULL,NULL,NULL,697,9.34,NULL,NULL,NULL,NULL,NULL,NULL
938,"Afonso Salazar",64382226,Sim,2027-05-11,Sim,Não,Não,Não,NULL,239,"Reprehenderit dolore et aliquam quis praesentium velit.",1,"Sistemas de Informação",SI,2,Tarde,1,"Campus Cedro",Não,Não,Não,Não,Não,Não,NULL,NULL,NULL,NULL,NULL,NULL,NULL,NULL,Não,51462,2025-08-26,19:50:00,2025-08-26,"2026-08-17 13:39:44","2026-08-17 13:39:44",-8537.82,Sim,Não,Presente,6D3D668354D4,NULL,NULL,680,2025-08-26,"Tapioca com queijo e suco",4,"Lanche da Noite",05:00:00,19:50:00,1,"Campus Cedro",19372,4,NULL,680,16.71,NULL,NULL,NULL,NULL,NULL,NULL
938,"Afonso Salazar",64382226,Sim,2027-05-11,Sim,Não,Não,Não,NULL,239,"Reprehenderit dolore et aliquam quis praesentium velit.",1,"Sistemas de Informação",SI,2,Tarde,1,"Campus Cedro",Não,Não,Não,Não,Não,Não,NULL,NULL,NULL,NULL,NULL,NULL,NULL,NULL,Não,51461,2025-08-19,07:40:00,2025-08-17,"2026-08-17 13:39:44","2026-08-17 13:39:44",-8717.98,Sim,Não,Presente,AE8B5158F76E,NULL,NULL,657,2025-08-19,"Bolo de milho com suco de goiaba",1,"Lanche da Manhã",05:00:00,08:00:00,1,"Campus Cedro",19371,2,NULL,657,7.58,NULL,NULL,NULL,NULL,NULL,NULL
938,"Afonso Salazar",64382226,Sim,2027-05-11,Sim,Não,Não,Não,NULL,239,"Reprehenderit dolore et aliquam quis praesentium velit.",1,"Sistemas de Informação",SI,2,Tarde,1,"Campus Cedro",Não,Não,Não,Não,Não,Não,NULL,NULL,NULL,NULL,NULL,NULL,NULL,NULL,Não,51459,2025-08-11,12:10:00,2025-08-08,"2026-08-17 13:39:44","2026-08-17 13:39:44",-8905.48,Sim,Não,Presente,379B937533DF,NULL,NULL,634,2025-08-11,"Arroz, feijão, peixe ao molho, legumes e salada",2,Almoço,05:00:00,11:20:00,1,"Campus Cedro",19369,5,NULL,634,124.37,NULL,NULL,NULL,NULL,NULL,NULL
938,"Afonso Salazar",64382226,Sim,2027-05-11,Sim,Não,Não,Não,NULL,239,"Reprehenderit dolore et aliquam quis praesentium velit.",1,"Sistemas de Informação",SI,2,Tarde,1,"Campus Cedro",Não,Não,Não,Não,Não,Não,NULL,NULL,NULL,NULL,NULL,NULL,NULL,NULL,Não,51460,2025-08-11,21:31:00,2025-08-10,"2026-08-17 13:39:44","2026-08-17 13:39:44",-8896.13,Sim,Não,Presente,5BFC6B0CFD1E,NULL,NULL,636,2025-08-11,"Cuscuz com queijo e suco",4,"Lanche da Noite",05:00:00,19:50:00,1,"Campus Cedro",19370,4,NULL,636,19.00,NULL,NULL,NULL,NULL,NULL,NULL
938,"Afonso Salazar",64382226,Sim,2027-05-11,Sim,Não,Não,Não,NULL,239,"Reprehenderit dolore et aliquam quis praesentium velit.",1,"Sistemas de Informação",SI,2,Tarde,1,"Campus Cedro",Não,Não,Não,Não,Não,Não,NULL,NULL,NULL,NULL,NULL,NULL,NULL,NULL,Não,51458,2025-07-31,12:38:00,2025-07-28,"2026-08-17 13:39:44","2026-08-17 13:39:44",-9169.02,Não,Não,Ausente,941CE4DBF4B4,"Problema de saúde",NULL,606,2025-07-31,"Arroz, feijão, carne moída com legumes e salada",2,Almoço,05:00:00,11:20:00,1,"Campus Cedro",NULL,NULL,NULL,606,124.91,NULL,NULL,NULL,NULL,NULL,NULL
938,"Afonso Salazar",64382226,Sim,2027-05-11,Sim,Não,Não,Não,NULL,239,"Reprehenderit dolore et aliquam quis praesentium velit.",1,"Sistemas de Informação",SI,2,Tarde,1,"Campus Cedro",Não,Não,Não,Não,Não,Não,NULL,NULL,NULL,NULL,NULL,NULL,NULL,NULL,Não,51457,2025-07-15,20:41:00,2025-07-14,"2026-08-17 13:39:44","2026-08-17 13:39:44",-9544.97,Sim,Não,Presente,060D773DE888,NULL,NULL,560,2025-07-15,"Pão com frango desfiado e suco",4,"Lanche da Noite",05:00:00,19:50:00,1,"Campus Cedro",NULL,NULL,NULL,560,17.17,NULL,NULL,NULL,NULL,NULL,NULL
938,"Afonso Salazar",64382226,Sim,2027-05-11,Sim,Não,Não,Não,NULL,239,"Reprehenderit dolore et aliquam quis praesentium velit.",1,"Sistemas de Informação",SI,2,Tarde,1,"Campus Cedro",Não,Não,Não,Não,Não,Não,NULL,NULL,NULL,NULL,NULL,NULL,NULL,NULL,Não,51456,2025-07-09,20:35:00,2025-07-07,"2026-08-17 13:39:44","2026-08-17 13:39:44",-9689.07,Sim,Não,Presente,828CE44F6D98,NULL,NULL,544,2025-07-09,"Sanduíche de frango com suco",4,"Lanche da Noite",05:00:00,19:50:00,1,"Campus Cedro",NULL,NULL,NULL,544,18.72,NULL,NULL,NULL,NULL,NULL,NULL
938,"Afonso Salazar",64382226,Sim,2027-05-11,Sim,Não,Não,Não,NULL,239,"Reprehenderit dolore et aliquam quis praesentium velit.",1,"Sistemas de Informação",SI,2,Tarde,1,"Campus Cedro",Não,Não,Não,Não,Não,Não,NULL,NULL,NULL,NULL,NULL,NULL,NULL,NULL,Não,51455,2025-07-04,21:55:00,2025-06-29,"2026-08-17 13:39:44","2026-08-17 13:39:44",-9807.73,Não,Não,Ausente,DB245E0349BA,"Atividade acadêmica",NULL,532,2025-07-04,"Risoto cremoso",4,"Lanche da Noite",05:00:00,19:50:00,1,"Campus Cedro",NULL,NULL,NULL,532,23.73,NULL,NULL,NULL,NULL,NULL,NULL
938,"Afonso Salazar",64382226,Sim,2027-05-11,Sim,Não,Não,Não,NULL,239,"Reprehenderit dolore et aliquam quis praesentium velit.",1,"Sistemas de Informação",SI,2,Tarde,1,"Campus Cedro",Não,Não,Não,Não,Não,Não,NULL,NULL,NULL,NULL,NULL,NULL,NULL,NULL,Não,51454,2025-06-30,14:14:00,2025-06-30,"2026-08-17 13:39:44","2026-08-17 13:39:44",-9911.42,Sim,Não,Presente,6C9082C7D0CE,NULL,NULL,515,2025-06-30,"Cuscuz com queijo e suco",3,"Lanche da Tarde",05:00:00,14:50:00,1,"Campus Cedro",NULL,NULL,NULL,515,13.43,NULL,NULL,NULL,NULL,NULL,NULL
938,"Afonso Salazar",64382226,Sim,2027-05-11,Sim,Não,Não,Não,NULL,239,"Reprehenderit dolore et aliquam quis praesentium velit.",1,"Sistemas de Informação",SI,2,Tarde,1,"Campus Cedro",Não,Não,Não,Não,Não,Não,NULL,NULL,NULL,NULL,NULL,NULL,NULL,NULL,Não,51453,2025-06-26,08:57:00,2025-06-23,"2026-08-17 13:39:44","2026-08-17 13:39:44",-10012.70,Sim,Não,Presente,2101A08A4A3B,NULL,NULL,505,2025-06-26,"Sanduíche de frango com suco",1,"Lanche da Manhã",05:00:00,08:00:00,1,"Campus Cedro",19368,3,NULL,505,9.11,NULL,NULL,NULL,NULL,NULL,NULL
938,"Afonso Salazar",64382226,Sim,2027-05-11,Sim,Não,Não,Não,NULL,239,"Reprehenderit dolore et aliquam quis praesentium velit.",1,"Sistemas de Informação",SI,2,Tarde,1,"Campus Cedro",Não,Não,Não,Não,Não,Não,NULL,NULL,NULL,NULL,NULL,NULL,NULL,NULL,Não,51451,2025-05-23,07:55:00,2025-05-20,"2026-08-17 13:39:44","2026-08-17 13:39:44",-10829.73,Não,Não,Ausente,CBB723F5E131,"Problema de transporte",NULL,409,2025-05-23,"Pão com frango desfiado e suco",1,"Lanche da Manhã",05:00:00,08:00:00,1,"Campus Cedro",NULL,NULL,NULL,409,11.19,NULL,NULL,NULL,NULL,NULL,NULL
938,"Afonso Salazar",64382226,Sim,2027-05-11,Sim,Não,Não,Não,NULL,239,"Reprehenderit dolore et aliquam quis praesentium velit.",1,"Sistemas de Informação",SI,2,Tarde,1,"Campus Cedro",Não,Não,Não,Não,Não,Não,NULL,NULL,NULL,NULL,NULL,NULL,NULL,NULL,Não,51452,2025-05-23,12:51:00,2025-05-18,"2026-08-17 13:39:44","2026-08-17 13:39:44",-10824.80,Sim,Não,Presente,12725AAB9CAB,NULL,NULL,410,2025-05-23,"Arroz, feijão, almôndegas, macarrão e salada",2,Almoço,05:00:00,11:20:00,1,"Campus Cedro",NULL,NULL,NULL,410,119.80,NULL,NULL,NULL,NULL,NULL,NULL
938,"Afonso Salazar",64382226,Sim,2027-05-11,Sim,Não,Não,Não,NULL,239,"Reprehenderit dolore et aliquam quis praesentium velit.",1,"Sistemas de Informação",SI,2,Tarde,1,"Campus Cedro",Não,Não,Não,Não,Não,Não,NULL,NULL,NULL,NULL,NULL,NULL,NULL,NULL,Não,51450,2025-05-05,07:57:00,2025-05-04,"2026-08-17 13:39:44","2026-08-17 13:39:44",-11261.70,Sim,Não,Presente,908081792533,NULL,NULL,353,2025-05-05,"Bolo de macaxeira com café",1,"Lanche da Manhã",05:00:00,08:00:00,1,"Campus Cedro",19367,5,NULL,353,7.21,NULL,NULL,NULL,NULL,NULL,NULL
938,"Afonso Salazar",64382226,Sim,2027-05-11,Sim,Não,Não,Não,NULL,239,"Reprehenderit dolore et aliquam quis praesentium velit.",1,"Sistemas de Informação",SI,2,Tarde,1,"Campus Cedro",Não,Não,Não,Não,Não,Não,NULL,NULL,NULL,NULL,NULL,NULL,NULL,NULL,Não,51448,2025-04-23,15:21:00,2025-04-20,"2026-08-17 13:39:44","2026-08-17 13:39:44",-11542.30,Sim,Não,Presente,9C9B51244903,NULL,NULL,323,2025-04-23,"Cuscuz de frango com suco de goiaba",3,"Lanche da Tarde",05:00:00,14:50:00,1,"Campus Cedro",NULL,NULL,NULL,323,12.73,NULL,NULL,NULL,NULL,NULL,NULL
938,"Afonso Salazar",64382226,Sim,2027-05-11,Sim,Não,Não,Não,NULL,239,"Reprehenderit dolore et aliquam quis praesentium velit.",1,"Sistemas de Informação",SI,2,Tarde,1,"Campus Cedro",Não,Não,Não,Não,Não,Não,NULL,NULL,NULL,NULL,NULL,NULL,NULL,NULL,Não,51449,2025-04-23,20:32:00,2025-04-20,"2026-08-17 13:39:44","2026-08-17 13:39:44",-11537.12,Sim,Não,Presente,FF0A92A96849,NULL,NULL,324,2025-04-23,"Tapioca de frango com suco",4,"Lanche da Noite",05:00:00,19:50:00,1,"Campus Cedro",NULL,NULL,NULL,324,15.95,NULL,NULL,NULL,NULL,NULL,NULL
938,"Afonso Salazar",64382226,Sim,2027-05-11,Sim,Não,Não,Não,NULL,239,"Reprehenderit dolore et aliquam quis praesentium velit.",1,"Sistemas de Informação",SI,2,Tarde,1,"Campus Cedro",Não,Não,Não,Não,Não,Não,NULL,NULL,NULL,NULL,NULL,NULL,NULL,NULL,Não,51447,2025-04-17,19:34:00,2025-04-15,"2026-08-17 13:39:44","2026-08-17 13:39:44",-11682.08,Sim,Não,Presente,CBB7925AB649,NULL,NULL,308,2025-04-17,"Bolo de milho com suco",4,"Lanche da Noite",05:00:00,19:50:00,1,"Campus Cedro",19366,5,NULL,308,17.15,NULL,NULL,NULL,NULL,NULL,NULL
938,"Afonso Salazar",64382226,Sim,2027-05-11,Sim,Não,Não,Não,NULL,239,"Reprehenderit dolore et aliquam quis praesentium velit.",1,"Sistemas de Informação",SI,2,Tarde,1,"Campus Cedro",Não,Não,Não,Não,Não,Não,NULL,NULL,NULL,NULL,NULL,NULL,NULL,NULL,Não,51445,2025-04-15,11:42:00,2025-04-13,"2026-08-17 13:39:44","2026-08-17 13:39:44",-11737.95,Sim,Não,Presente,24B06DBE0DFD,NULL,NULL,298,2025-04-15,"Arroz, feijão, frango ensopado, farofa e salada",2,Almoço,05:00:00,11:20:00,1,"Campus Cedro",19364,5,NULL,298,105.46,NULL,NULL,NULL,NULL,NULL,NULL
938,"Afonso Salazar",64382226,Sim,2027-05-11,Sim,Não,Não,Não,NULL,239,"Reprehenderit dolore et aliquam quis praesentium velit.",1,"Sistemas de Informação",SI,2,Tarde,1,"Campus Cedro",Não,Não,Não,Não,Não,Não,NULL,NULL,NULL,NULL,NULL,NULL,NULL,NULL,Não,51446,2025-04-15,14:54:00,2025-04-11,"2026-08-17 13:39:44","2026-08-17 13:39:44",-11734.75,Sim,Não,Presente,5595FE2747F2,NULL,NULL,299,2025-04-15,"Bolo de chocolate com suco",3,"Lanche da Tarde",05:00:00,14:50:00,1,"Campus Cedro",19365,4,NULL,299,11.75,NULL,NULL,NULL,NULL,NULL,NULL
938,"Afonso Salazar",64382226,Sim,2027-05-11,Sim,Não,Não,Não,NULL,239,"Reprehenderit dolore et aliquam quis praesentium velit.",1,"Sistemas de Informação",SI,2,Tarde,1,"Campus Cedro",Não,Não,Não,Não,Não,Não,NULL,NULL,NULL,NULL,NULL,NULL,NULL,NULL,Não,51443,2025-04-14,12:37:00,2025-04-10,"2026-08-17 13:39:44","2026-08-17 13:39:44",-11761.03,Sim,Não,Presente,1E6FF9EEFC9B,NULL,NULL,294,2025-04-14,"Arroz, feijão, peixe assado, pirão e salada",2,Almoço,05:00:00,11:20:00,1,"Campus Cedro",19363,4,"Problema de transporte",294,148.67,NULL,NULL,NULL,NULL,NULL,NULL
938,"Afonso Salazar",64382226,Sim,2027-05-11,Sim,Não,Não,Não,NULL,239,"Reprehenderit dolore et aliquam quis praesentium velit.",1,"Sistemas de Informação",SI,2,Tarde,1,"Campus Cedro",Não,Não,Não,Não,Não,Não,NULL,NULL,NULL,NULL,NULL,NULL,NULL,NULL,Não,51444,2025-04-14,21:39:00,2025-04-12,"2026-08-17 13:39:44","2026-08-17 13:39:44",-11752.00,Não,Não,Ausente,DA04C7478D96,"Compromisso acadêmico",NULL,296,2025-04-14,"Bolo de milho com suco",4,"Lanche da Noite",05:00:00,19:50:00,1,"Campus Cedro",NULL,NULL,NULL,296,19.65,NULL,NULL,NULL,NULL,NULL,NULL
938,"Afonso Salazar",64382226,Sim,2027-05-11,Sim,Não,Não,Não,NULL,239,"Reprehenderit dolore et aliquam quis praesentium velit.",1,"Sistemas de Informação",SI,2,Tarde,1,"Campus Cedro",Não,Não,Não,Não,Não,Não,NULL,NULL,NULL,NULL,NULL,NULL,NULL,NULL,Não,51442,2025-04-07,16:01:00,2025-04-04,"2026-08-17 13:39:44","2026-08-17 13:39:44",-11925.63,Sim,Não,Presente,AEFA3043C874,NULL,NULL,275,2025-04-07,"Bolo de milho com suco de manga",3,"Lanche da Tarde",05:00:00,14:50:00,1,"Campus Cedro",NULL,NULL,NULL,275,12.68,NULL,NULL,NULL,NULL,NULL,NULL
938,"Afonso Salazar",64382226,Sim,2027-05-11,Sim,Não,Não,Não,NULL,239,"Reprehenderit dolore et aliquam quis praesentium velit.",1,"Sistemas de Informação",SI,2,Tarde,1,"Campus Cedro",Não,Não,Não,Não,Não,Não,NULL,NULL,NULL,NULL,NULL,NULL,NULL,NULL,Não,51441,2025-03-28,14:02:00,2025-03-24,"2026-08-17 13:39:44","2026-08-17 13:39:44",-12167.62,Sim,Não,Presente,D11F1EB0FDF1,NULL,NULL,251,2025-03-28,"Bolo de chocolate com suco",3,"Lanche da Tarde",05:00:00,14:50:00,1,"Campus Cedro",NULL,NULL,NULL,251,10.03,NULL,NULL,NULL,NULL,NULL,NULL
938,"Afonso Salazar",64382226,Sim,2027-05-11,Sim,Não,Não,Não,NULL,239,"Reprehenderit dolore et aliquam quis praesentium velit.",1,"Sistemas de Informação",SI,2,Tarde,1,"Campus Cedro",Não,Não,Não,Não,Não,Não,NULL,NULL,NULL,NULL,NULL,NULL,NULL,NULL,Não,51440,2025-03-27,07:36:00,2025-03-27,"2026-08-17 13:39:44","2026-08-17 13:39:44",-12198.05,Não,Sim,Cancelada,CC50DBF709B0,NULL,NULL,245,2025-03-27,"Pão com frango desfiado e suco",1,"Lanche da Manhã",05:00:00,08:00:00,1,"Campus Cedro",NULL,NULL,NULL,245,6.62,NULL,NULL,NULL,NULL,NULL,NULL
938,"Afonso Salazar",64382226,Sim,2027-05-11,Sim,Não,Não,Não,NULL,239,"Reprehenderit dolore et aliquam quis praesentium velit.",1,"Sistemas de Informação",SI,2,Tarde,1,"Campus Cedro",Não,Não,Não,Não,Não,Não,NULL,NULL,NULL,NULL,NULL,NULL,NULL,NULL,Não,51439,2025-03-20,08:54:00,2025-03-16,"2026-08-17 13:39:44","2026-08-17 13:39:44",-12364.75,Sim,Não,Presente,6A84250D9BE1,NULL,NULL,225,2025-03-20,"Cuscuz com queijo e suco",1,"Lanche da Manhã",05:00:00,08:00:00,1,"Campus Cedro",19362,3,NULL,225,9.32,NULL,NULL,NULL,NULL,NULL,NULL
938,"Afonso Salazar",64382226,Sim,2027-05-11,Sim,Não,Não,Não,NULL,239,"Reprehenderit dolore et aliquam quis praesentium velit.",1,"Sistemas de Informação",SI,2,Tarde,1,"Campus Cedro",Não,Não,Não,Não,Não,Não,NULL,NULL,NULL,NULL,NULL,NULL,NULL,NULL,Não,51438,2025-03-05,21:31:00,2025-03-02,"2026-08-17 13:39:44","2026-08-17 13:39:44",-12712.13,Não,Não,Ausente,29C6F69F06F7,"Imprevisto pessoal",NULL,184,2025-03-05,"Cuscuz com carne moída",4,"Lanche da Noite",05:00:00,19:50:00,1,"Campus Cedro",NULL,NULL,NULL,184,17.23,NULL,NULL,NULL,NULL,NULL,NULL
938,"Afonso Salazar",64382226,Sim,2027-05-11,Sim,Não,Não,Não,NULL,239,"Reprehenderit dolore et aliquam quis praesentium velit.",1,"Sistemas de Informação",SI,2,Tarde,1,"Campus Cedro",Não,Não,Não,Não,Não,Não,NULL,NULL,NULL,NULL,NULL,NULL,NULL,NULL,Não,51437,2025-02-28,21:40:00,2025-02-28,"2026-08-17 13:39:44","2026-08-17 13:39:44",-12831.98,Sim,Não,Presente,3B4728403432,NULL,NULL,172,2025-02-28,"Pão com frango desfiado e suco",4,"Lanche da Noite",05:00:00,19:50:00,1,"Campus Cedro",NULL,NULL,NULL,172,19.06,NULL,NULL,NULL,NULL,NULL,NULL
938,"Afonso Salazar",64382226,Sim,2027-05-11,Sim,Não,Não,Não,NULL,239,"Reprehenderit dolore et aliquam quis praesentium velit.",1,"Sistemas de Informação",SI,2,Tarde,1,"Campus Cedro",Não,Não,Não,Não,Não,Não,NULL,NULL,NULL,NULL,NULL,NULL,NULL,NULL,Não,51436,2025-02-11,16:55:00,2025-02-07,"2026-08-17 13:39:44","2026-08-17 13:39:44",-13244.73,Sim,Não,Presente,113B36C7021F,NULL,NULL,119,2025-02-11,"Risoto cremoso",3,"Lanche da Tarde",05:00:00,14:50:00,1,"Campus Cedro",19361,4,NULL,119,13.43,NULL,NULL,NULL,NULL,NULL,NULL
938,"Afonso Salazar",64382226,Sim,2027-05-11,Sim,Não,Não,Não,NULL,239,"Reprehenderit dolore et aliquam quis praesentium velit.",1,"Sistemas de Informação",SI,2,Tarde,1,"Campus Cedro",Não,Não,Não,Não,Não,Não,NULL,NULL,NULL,NULL,NULL,NULL,NULL,NULL,Não,51435,2025-01-29,08:14:00,2025-01-25,"2026-08-17 13:39:44","2026-08-17 13:39:44",-13565.42,Sim,Não,Presente,3A2A9239E40D,NULL,NULL,81,2025-01-29,"Bolo de milho com suco de goiaba",1,"Lanche da Manhã",05:00:00,08:00:00,1,"Campus Cedro",19360,4,NULL,81,9.98,NULL,NULL,NULL,NULL,NULL,NULL
938,"Afonso Salazar",64382226,Sim,2027-05-11,Sim,Não,Não,Não,NULL,239,"Reprehenderit dolore et aliquam quis praesentium velit.",1,"Sistemas de Informação",SI,2,Tarde,1,"Campus Cedro",Não,Não,Não,Não,Não,Não,NULL,NULL,NULL,NULL,NULL,NULL,NULL,NULL,Não,51434,2025-01-27,21:32:00,2025-01-23,"2026-08-17 13:39:44","2026-08-17 13:39:44",-13600.12,Sim,Não,Presente,B5FF4676FC0B,NULL,NULL,76,2025-01-27,"Pão com frango desfiado e suco",4,"Lanche da Noite",05:00:00,19:50:00,1,"Campus Cedro",19359,3,NULL,76,18.39,NULL,NULL,NULL,NULL,NULL,NULL
938,"Afonso Salazar",64382226,Sim,2027-05-11,Sim,Não,Não,Não,NULL,239,"Reprehenderit dolore et aliquam quis praesentium velit.",1,"Sistemas de Informação",SI,2,Tarde,1,"Campus Cedro",Não,Não,Não,Não,Não,Não,NULL,NULL,NULL,NULL,NULL,NULL,NULL,NULL,Não,51433,2025-01-15,07:03:00,2025-01-12,"2026-08-17 13:39:44","2026-08-17 13:39:44",-13902.60,Não,Não,Ausente,D089A44DA29B,"Imprevisto pessoal",NULL,41,2025-01-15,"Pão com ovo e suco de frutas",1,"Lanche da Manhã",05:00:00,08:00:00,1,"Campus Cedro",NULL,NULL,NULL,41,7.08,NULL,NULL,NULL,NULL,NULL,NULL
938,"Afonso Salazar",64382226,Sim,2027-05-11,Sim,Não,Não,Não,NULL,239,"Reprehenderit dolore et aliquam quis praesentium velit.",1,"Sistemas de Informação",SI,2,Tarde,1,"Campus Cedro",Não,Não,Não,Não,Não,Não,NULL,NULL,NULL,NULL,NULL,NULL,NULL,NULL,Não,51432,2025-01-02,16:48:00,2025-01-02,"2026-08-17 13:39:44","2026-08-17 13:39:44",-14204.85,Sim,Não,Presente,C9DB763397F1,NULL,NULL,7,2025-01-02,"Canja de frango",3,"Lanche da Tarde",05:00:00,14:50:00,1,"Campus Cedro",NULL,NULL,NULL,7,12.92,NULL,NULL,NULL,NULL,NULL,NULL
450,"Agatha Souza Sandoval Neto",29059051,Sim,2027-01-28,Não,Não,Não,Sim,NULL,241,"Dolor aliquid soluta illo similique.",3,"Engenharia Mecânica",MEC,3,Noite,1,"Campus Cedro",Não,Não,Não,Não,Não,Não,NULL,NULL,NULL,NULL,NULL,NULL,NULL,NULL,Não,24844,2026-06-22,12:09:00,2026-06-22,"2026-08-17 13:39:40","2026-08-17 13:39:40",-1345.50,Sim,Não,Presente,355578DFC6B8,NULL,NULL,1534,2026-06-22,"Arroz, feijão, frango ao curry, macarrão e salada",2,Almoço,05:00:00,11:20:00,1,"Campus Cedro",9295,3,NULL,1534,105.96,NULL,NULL,NULL,NULL,NULL,NULL
450,"Agatha Souza Sandoval Neto",29059051,Sim,2027-01-28,Não,Não,Não,Sim,NULL,241,"Dolor aliquid soluta illo similique.",3,"Engenharia Mecânica",MEC,3,Noite,1,"Campus Cedro",Não,Não,Não,Não,Não,Não,NULL,NULL,NULL,NULL,NULL,NULL,NULL,NULL,Não,24843,2026-06-19,19:19:00,2026-06-14,"2026-08-17 13:39:40","2026-08-17 13:39:40",-1410.33,Sim,Não,Presente,78663CC27E1B,NULL,NULL,1532,2026-06-19,"Risoto cremoso",4,"Lanche da Noite",05:00:00,19:50:00,1,"Campus Cedro",9294,5,NULL,1532,21.60,NULL,NULL,NULL,NULL,NULL,NULL
450,"Agatha Souza Sandoval Neto",29059051,Sim,2027-01-28,Não,Não,Não,Sim,NULL,241,"Dolor aliquid soluta illo similique.",3,"Engenharia Mecânica",MEC,3,Noite,1,"Campus Cedro",Não,Não,Não,Não,Não,Não,NULL,NULL,NULL,NULL,NULL,NULL,NULL,NULL,Não,24842,2026-06-11,07:40:00,2026-06-08,"2026-08-17 13:39:40","2026-08-17 13:39:40",-1613.98,Não,Não,Ausente,46D7C0FC5BF6,"Problema de transporte",NULL,1505,2026-06-11,"Pão com ovo e suco de frutas",1,"Lanche da Manhã",05:00:00,08:00:00,1,"Campus Cedro",NULL,NULL,NULL,1505,7.05,NULL,NULL,NULL,NULL,NULL,NULL
450,"Agatha Souza Sandoval Neto",29059051,Sim,2027-01-28,Não,Não,Não,Sim,NULL,241,"Dolor aliquid soluta illo similique.",3,"Engenharia Mecânica",MEC,3,Noite,1,"Campus Cedro",Não,Não,Não,Não,Não,Não,NULL,NULL,NULL,NULL,NULL,NULL,NULL,NULL,Não,24841,2026-06-01,12:04:00,2026-05-31,"2026-08-17 13:39:40","2026-08-17 13:39:40",-1849.58,Sim,Não,Presente,CF0743D2B593,NULL,NULL,1474,2026-06-01,"Arroz, feijão, carne cozida com batatas e salada",2,Almoço,05:00:00,11:20:00,1,"Campus Cedro",9293,3,NULL,1474,117.30,NULL,NULL,NULL,NULL,NULL,NULL
450,"Agatha Souza Sandoval Neto",29059051,Sim,2027-01-28,Não,Não,Não,Sim,NULL,241,"Dolor aliquid soluta illo similique.",3,"Engenharia Mecânica",MEC,3,Noite,1,"Campus Cedro",Não,Não,Não,Não,Não,Não,NULL,NULL,NULL,NULL,NULL,NULL,NULL,NULL,Não,24840,2026-05-01,12:30:00,2026-05-01,"2026-08-17 13:39:40","2026-08-17 13:39:40",-2593.15,Sim,Não,Presente,2B11BA13592E,NULL,NULL,1390,2026-05-01,"Arroz, feijão, frango ao molho, purê e legumes",2,Almoço,05:00:00,11:20:00,1,"Campus Cedro",9292,3,NULL,1390,118.13,NULL,NULL,NULL,NULL,NULL,NULL
450,"Agatha Souza Sandoval Neto",29059051,Sim,2027-01-28,Não,Não,Não,Sim,NULL,241,"Dolor aliquid soluta illo similique.",3,"Engenharia Mecânica",MEC,3,Noite,1,"Campus Cedro",Não,Não,Não,Não,Não,Não,NULL,NULL,NULL,NULL,NULL,NULL,NULL,NULL,Não,24839,2026-04-22,20:31:00,2026-04-18,"2026-08-17 13:39:40","2026-08-17 13:39:40",-2801.13,Sim,Não,Presente,FD73CE62D56A,NULL,NULL,1364,2026-04-22,"Tapioca de frango com suco",4,"Lanche da Noite",05:00:00,19:50:00,1,"Campus Cedro",NULL,NULL,NULL,1364,19.07,NULL,NULL,NULL,NULL,NULL,NULL
450,"Agatha Souza Sandoval Neto",29059051,Sim,2027-01-28,Não,Não,Não,Sim,NULL,241,"Dolor aliquid soluta illo similique.",3,"Engenharia Mecânica",MEC,3,Noite,1,"Campus Cedro",Não,Não,Não,Não,Não,Não,NULL,NULL,NULL,NULL,NULL,NULL,NULL,NULL,Não,24838,2026-04-16,14:03:00,2026-04-13,"2026-08-17 13:39:40","2026-08-17 13:39:40",-2951.60,Sim,Não,Presente,00B1ED3C1E4C,NULL,NULL,1347,2026-04-16,"Bolo de milho com suco de manga",3,"Lanche da Tarde",05:00:00,14:50:00,1,"Campus Cedro",NULL,NULL,NULL,1347,12.67,NULL,NULL,NULL,NULL,NULL,NULL
450,"Agatha Souza Sandoval Neto",29059051,Sim,2027-01-28,Não,Não,Não,Sim,NULL,241,"Dolor aliquid soluta illo similique.",3,"Engenharia Mecânica",MEC,3,Noite,1,"Campus Cedro",Não,Não,Não,Não,Não,Não,NULL,NULL,NULL,NULL,NULL,NULL,NULL,NULL,Não,24837,2026-03-31,19:03:00,2026-03-31,"2026-08-17 13:39:40","2026-08-17 13:39:40",-3330.60,Sim,Não,Presente,B131E3163E4C,NULL,NULL,1300,2026-03-31,"Tapioca com queijo e suco",4,"Lanche da Noite",05:00:00,19:50:00,1,"Campus Cedro",NULL,NULL,NULL,1300,19.16,NULL,NULL,NULL,NULL,NULL,NULL
450,"Agatha Souza Sandoval Neto",29059051,Sim,2027-01-28,Não,Não,Não,Sim,NULL,241,"Dolor aliquid soluta illo similique.",3,"Engenharia Mecânica",MEC,3,Noite,1,"Campus Cedro",Não,Não,Não,Não,Não,Não,NULL,NULL,NULL,NULL,NULL,NULL,NULL,NULL,Não,24836,2026-03-30,08:04:00,2026-03-26,"2026-08-17 13:39:40","2026-08-17 13:39:40",-3365.58,Sim,Não,Presente,C721F067A6C6,NULL,NULL,1293,2026-03-30,"Bolo de macaxeira com café",1,"Lanche da Manhã",05:00:00,08:00:00,1,"Campus Cedro",NULL,NULL,NULL,1293,5.10,NULL,NULL,NULL,NULL,NULL,NULL
450,"Agatha Souza Sandoval Neto",29059051,Sim,2027-01-28,Não,Não,Não,Sim,NULL,241,"Dolor aliquid soluta illo similique.",3,"Engenharia Mecânica",MEC,3,Noite,1,"Campus Cedro",Não,Não,Não,Não,Não,Não,NULL,NULL,NULL,NULL,NULL,NULL,NULL,NULL,Não,24835,2026-03-10,21:08:00,2026-03-06,"2026-08-17 13:39:40","2026-08-17 13:39:40",-3832.52,Sim,Não,Presente,E18E39328CB3,NULL,NULL,1240,2026-03-10,"Cuscuz de frango com suco de manga",4,"Lanche da Noite",05:00:00,19:50:00,1,"Campus Cedro",NULL,NULL,NULL,1240,21.87,NULL,NULL,NULL,NULL,NULL,NULL
450,"Agatha Souza Sandoval Neto",29059051,Sim,2027-01-28,Não,Não,Não,Sim,NULL,241,"Dolor aliquid soluta illo similique.",3,"Engenharia Mecânica",MEC,3,Noite,1,"Campus Cedro",Não,Não,Não,Não,Não,Não,NULL,NULL,NULL,NULL,NULL,NULL,NULL,NULL,Não,24834,2026-02-26,08:22:00,2026-02-25,"2026-08-17 13:39:40","2026-08-17 13:39:40",-4133.28,Não,Sim,Cancelada,E7B34347FFB1,NULL,NULL,1205,2026-02-26,"Cuscuz com frango e suco de manga",1,"Lanche da Manhã",05:00:00,08:00:00,1,"Campus Cedro",NULL,NULL,NULL,1205,7.25,NULL,NULL,NULL,NULL,NULL,NULL
450,"Agatha Souza Sandoval Neto",29059051,Sim,2027-01-28,Não,Não,Não,Sim,NULL,241,"Dolor aliquid soluta illo similique.",3,"Engenharia Mecânica",MEC,3,Noite,1,"Campus Cedro",Não,Não,Não,Não,Não,Não,NULL,NULL,NULL,NULL,NULL,NULL,NULL,NULL,Não,24833,2026-02-13,07:04:00,2026-02-09,"2026-08-17 13:39:40","2026-08-17 13:39:40",-4446.58,Sim,Não,Presente,5A577008F7CA,NULL,NULL,1169,2026-02-13,"Sanduíche de frango com suco",1,"Lanche da Manhã",05:00:00,08:00:00,1,"Campus Cedro",NULL,NULL,NULL,1169,10.92,NULL,NULL,NULL,NULL,NULL,NULL
450,"Agatha Souza Sandoval Neto",29059051,Sim,2027-01-28,Não,Não,Não,Sim,NULL,241,"Dolor aliquid soluta illo similique.",3,"Engenharia Mecânica",MEC,3,Noite,1,"Campus Cedro",Não,Não,Não,Não,Não,Não,NULL,NULL,NULL,NULL,NULL,NULL,NULL,NULL,Não,24832,2026-02-12,16:24:00,2026-02-11,"2026-08-17 13:39:40","2026-08-17 13:39:40",-4461.25,Sim,Não,Presente,762BD18580CC,NULL,NULL,1167,2026-02-12,"Cuscuz de frango com suco de goiaba",3,"Lanche da Tarde",05:00:00,14:50:00,1,"Campus Cedro",NULL,NULL,NULL,1167,15.43,NULL,NULL,NULL,NULL,NULL,NULL
450,"Agatha Souza Sandoval Neto",29059051,Sim,2027-01-28,Não,Não,Não,Sim,NULL,241,"Dolor aliquid soluta illo similique.",3,"Engenharia Mecânica",MEC,3,Noite,1,"Campus Cedro",Não,Não,Não,Não,Não,Não,NULL,NULL,NULL,NULL,NULL,NULL,NULL,NULL,Não,24831,2025-12-30,15:12:00,2025-12-30,"2026-08-17 13:39:40","2026-08-17 13:39:40",-5518.45,Sim,Não,Presente,96D4C43CC99D,NULL,NULL,1039,2025-12-30,"Risoto cremoso",3,"Lanche da Tarde",05:00:00,14:50:00,1,"Campus Cedro",NULL,NULL,NULL,1039,13.52,NULL,NULL,NULL,NULL,NULL,NULL
450,"Agatha Souza Sandoval Neto",29059051,Sim,2027-01-28,Não,Não,Não,Sim,NULL,241,"Dolor aliquid soluta illo similique.",3,"Engenharia Mecânica",MEC,3,Noite,1,"Campus Cedro",Não,Não,Não,Não,Não,Não,NULL,NULL,NULL,NULL,NULL,NULL,NULL,NULL,Não,24830,2025-10-23,21:00:00,2025-10-20,"2026-08-17 13:39:40","2026-08-17 13:39:40",-7144.65,Sim,Não,Presente,E3D56CFDEA92,NULL,NULL,848,2025-10-23,"Sanduíche de frango com suco",4,"Lanche da Noite",05:00:00,19:50:00,1,"Campus Cedro",NULL,NULL,NULL,848,18.45,NULL,NULL,NULL,NULL,NULL,NULL
450,"Agatha Souza Sandoval Neto",29059051,Sim,2027-01-28,Não,Não,Não,Sim,NULL,241,"Dolor aliquid soluta illo similique.",3,"Engenharia Mecânica",MEC,3,Noite,1,"Campus Cedro",Não,Não,Não,Não,Não,Não,NULL,NULL,NULL,NULL,NULL,NULL,NULL,NULL,Não,24829,2025-10-17,08:19:00,2025-10-14,"2026-08-17 13:39:40","2026-08-17 13:39:40",-7301.33,Sim,Não,Presente,055D4ADFD4F3,NULL,NULL,829,2025-10-17,"Bolo de macaxeira com café",1,"Lanche da Manhã",05:00:00,08:00:00,1,"Campus Cedro",NULL,NULL,NULL,829,8.88,NULL,NULL,NULL,NULL,NULL,NULL
450,"Agatha Souza Sandoval Neto",29059051,Sim,2027-01-28,Não,Não,Não,Sim,NULL,241,"Dolor aliquid soluta illo similique.",3,"Engenharia Mecânica",MEC,3,Noite,1,"Campus Cedro",Não,Não,Não,Não,Não,Não,NULL,NULL,NULL,NULL,NULL,NULL,NULL,NULL,Não,24828,2025-10-01,16:05:00,2025-10-01,"2026-08-17 13:39:40","2026-08-17 13:39:40",-7677.57,Não,Não,Ausente,355A45CBC7D8,"Ausência justificada pelo estudante",NULL,783,2025-10-01,"Tapioca com queijo e suco",3,"Lanche da Tarde",05:00:00,14:50:00,1,"Campus Cedro",NULL,NULL,NULL,783,9.17,NULL,NULL,NULL,NULL,NULL,NULL
450,"Agatha Souza Sandoval Neto",29059051,Sim,2027-01-28,Não,Não,Não,Sim,NULL,241,"Dolor aliquid soluta illo similique.",3,"Engenharia Mecânica",MEC,3,Noite,1,"Campus Cedro",Não,Não,Não,Não,Não,Não,NULL,NULL,NULL,NULL,NULL,NULL,NULL,NULL,Não,24827,2025-09-24,12:59:00,2025-09-24,"2026-08-17 13:39:40","2026-08-17 13:39:40",-7848.67,Sim,Não,Presente,D65B9DA9BAB5,NULL,NULL,762,2025-09-24,"Arroz, feijão, frango ensopado, farofa e salada",2,Almoço,05:00:00,11:20:00,1,"Campus Cedro",NULL,NULL,NULL,762,119.63,NULL,NULL,NULL,NULL,NULL,NULL
450,"Agatha Souza Sandoval Neto",29059051,Sim,2027-01-28,Não,Não,Não,Sim,NULL,241,"Dolor aliquid soluta illo similique.",3,"Engenharia Mecânica",MEC,3,Noite,1,"Campus Cedro",Não,Não,Não,Não,Não,Não,NULL,NULL,NULL,NULL,NULL,NULL,NULL,NULL,Não,24826,2025-09-09,16:55:00,2025-09-06,"2026-08-17 13:39:40","2026-08-17 13:39:40",-8204.73,Sim,Não,Presente,AC06EDFBE8DD,NULL,NULL,719,2025-09-09,"Cuscuz com carne moída e suco",3,"Lanche da Tarde",05:00:00,14:50:00,1,"Campus Cedro",NULL,NULL,NULL,719,14.13,NULL,NULL,NULL,NULL,NULL,NULL
450,"Agatha Souza Sandoval Neto",29059051,Sim,2027-01-28,Não,Não,Não,Sim,NULL,241,"Dolor aliquid soluta illo similique.",3,"Engenharia Mecânica",MEC,3,Noite,1,"Campus Cedro",Não,Não,Não,Não,Não,Não,NULL,NULL,NULL,NULL,NULL,NULL,NULL,NULL,Não,24825,2025-08-20,20:23:00,2025-08-17,"2026-08-17 13:39:40","2026-08-17 13:39:40",-8681.27,Sim,Não,Presente,C6083B691DC8,NULL,NULL,664,2025-08-20,"Sanduíche de frango com suco",4,"Lanche da Noite",05:00:00,19:50:00,1,"Campus Cedro",9291,3,NULL,664,23.59,NULL,NULL,NULL,NULL,NULL,NULL
450,"Agatha Souza Sandoval Neto",29059051,Sim,2027-01-28,Não,Não,Não,Sim,NULL,241,"Dolor aliquid soluta illo similique.",3,"Engenharia Mecânica",MEC,3,Noite,1,"Campus Cedro",Não,Não,Não,Não,Não,Não,NULL,NULL,NULL,NULL,NULL,NULL,NULL,NULL,Não,24824,2025-08-12,20:12:00,2025-08-11,"2026-08-17 13:39:40","2026-08-17 13:39:40",-8873.45,Sim,Não,Presente,5D765DD3BE70,NULL,NULL,640,2025-08-12,"Pão com frango desfiado e suco",4,"Lanche da Noite",05:00:00,19:50:00,1,"Campus Cedro",9290,3,NULL,640,14.58,NULL,NULL,NULL,NULL,NULL,NULL
450,"Agatha Souza Sandoval Neto",29059051,Sim,2027-01-28,Não,Não,Não,Sim,NULL,241,"Dolor aliquid soluta illo similique.",3,"Engenharia Mecânica",MEC,3,Noite,1,"Campus Cedro",Não,Não,Não,Não,Não,Não,NULL,NULL,NULL,NULL,NULL,NULL,NULL,NULL,Não,24823,2025-07-29,08:44:00,2025-07-29,"2026-08-17 13:39:40","2026-08-17 13:39:40",-9220.92,Sim,Não,Presente,3410A4D732F0,NULL,NULL,597,2025-07-29,"Pão com frango desfiado e suco",1,"Lanche da Manhã",05:00:00,08:00:00,1,"Campus Cedro",9289,5,NULL,597,7.54,NULL,NULL,NULL,NULL,NULL,NULL
450,"Agatha Souza Sandoval Neto",29059051,Sim,2027-01-28,Não,Não,Não,Sim,NULL,241,"Dolor aliquid soluta illo similique.",3,"Engenharia Mecânica",MEC,3,Noite,1,"Campus Cedro",Não,Não,Não,Não,Não,Não,NULL,NULL,NULL,NULL,NULL,NULL,NULL,NULL,Não,24822,2025-07-28,08:15:00,2025-07-25,"2026-08-17 13:39:40","2026-08-17 13:39:40",-9245.40,Não,Sim,Cancelada,DC72CE6D9951,NULL,NULL,593,2025-07-28,"Canja de frango",1,"Lanche da Manhã",05:00:00,08:00:00,1,"Campus Cedro",NULL,NULL,NULL,593,10.37,NULL,NULL,NULL,NULL,NULL,NULL
450,"Agatha Souza Sandoval Neto",29059051,Sim,2027-01-28,Não,Não,Não,Sim,NULL,241,"Dolor aliquid soluta illo similique.",3,"Engenharia Mecânica",MEC,3,Noite,1,"Campus Cedro",Não,Não,Não,Não,Não,Não,NULL,NULL,NULL,NULL,NULL,NULL,NULL,NULL,Não,24821,2025-07-15,20:03:00,2025-07-11,"2026-08-17 13:39:40","2026-08-17 13:39:40",-9545.60,Sim,Não,Presente,2BAE73C2F77A,NULL,NULL,560,2025-07-15,"Pão com frango desfiado e suco",4,"Lanche da Noite",05:00:00,19:50:00,1,"Campus Cedro",9288,5,NULL,560,17.17,NULL,NULL,NULL,NULL,NULL,NULL
450,"Agatha Souza Sandoval Neto",29059051,Sim,2027-01-28,Não,Não,Não,Sim,NULL,241,"Dolor aliquid soluta illo similique.",3,"Engenharia Mecânica",MEC,3,Noite,1,"Campus Cedro",Não,Não,Não,Não,Não,Não,NULL,NULL,NULL,NULL,NULL,NULL,NULL,NULL,Não,24820,2025-07-11,16:20:00,2025-07-10,"2026-08-17 13:39:40","2026-08-17 13:39:40",-9645.32,Sim,Não,Presente,FEF28C85C7DF,NULL,NULL,551,2025-07-11,"Canja de frango",3,"Lanche da Tarde",05:00:00,14:50:00,1,"Campus Cedro",9287,2,NULL,551,12.92,NULL,NULL,NULL,NULL,NULL,NULL
450,"Agatha Souza Sandoval Neto",29059051,Sim,2027-01-28,Não,Não,Não,Sim,NULL,241,"Dolor aliquid soluta illo similique.",3,"Engenharia Mecânica",MEC,3,Noite,1,"Campus Cedro",Não,Não,Não,Não,Não,Não,NULL,NULL,NULL,NULL,NULL,NULL,NULL,NULL,Não,24819,2025-06-12,20:20:00,2025-06-07,"2026-08-17 13:39:40","2026-08-17 13:39:40",-10337.32,Não,Não,Ausente,1927817C789D,"Atividade acadêmica",NULL,468,2025-06-12,"Tapioca de frango com suco",4,"Lanche da Noite",05:00:00,19:50:00,1,"Campus Cedro",NULL,NULL,NULL,468,17.27,NULL,NULL,NULL,NULL,NULL,NULL
450,"Agatha Souza Sandoval Neto",29059051,Sim,2027-01-28,Não,Não,Não,Sim,NULL,241,"Dolor aliquid soluta illo similique.",3,"Engenharia Mecânica",MEC,3,Noite,1,"Campus Cedro",Não,Não,Não,Não,Não,Não,NULL,NULL,NULL,NULL,NULL,NULL,NULL,NULL,Não,24818,2025-05-30,12:30:00,2025-05-29,"2026-08-17 13:39:40","2026-08-17 13:39:40",-10657.15,Sim,Não,Presente,C3F505B48EBD,NULL,NULL,430,2025-05-30,"Arroz, feijão, peixe ao molho, legumes e salada",2,Almoço,05:00:00,11:20:00,1,"Campus Cedro",NULL,NULL,NULL,430,132.83,NULL,NULL,NULL,NULL,NULL,NULL
450,"Agatha Souza Sandoval Neto",29059051,Sim,2027-01-28,Não,Não,Não,Sim,NULL,241,"Dolor aliquid soluta illo similique.",3,"Engenharia Mecânica",MEC,3,Noite,1,"Campus Cedro",Não,Não,Não,Não,Não,Não,NULL,NULL,NULL,NULL,NULL,NULL,NULL,NULL,Não,24817,2025-05-23,21:11:00,2025-05-21,"2026-08-17 13:39:40","2026-08-17 13:39:40",-10816.47,Sim,Não,Presente,B6C05A102204,NULL,NULL,412,2025-05-23,"Cuscuz com queijo e suco",4,"Lanche da Noite",05:00:00,19:50:00,1,"Campus Cedro",9286,4,"Atividade acadêmica",412,22.61,NULL,NULL,NULL,NULL,NULL,NULL
450,"Agatha Souza Sandoval Neto",29059051,Sim,2027-01-28,Não,Não,Não,Sim,NULL,241,"Dolor aliquid soluta illo similique.",3,"Engenharia Mecânica",MEC,3,Noite,1,"Campus Cedro",Não,Não,Não,Não,Não,Não,NULL,NULL,NULL,NULL,NULL,NULL,NULL,NULL,Não,24816,2025-05-21,08:22:00,2025-05-18,"2026-08-17 13:39:40","2026-08-17 13:39:40",-10877.28,Sim,Não,Presente,0008A376482B,NULL,NULL,401,2025-05-21,"Cuscuz com queijo e suco",1,"Lanche da Manhã",05:00:00,08:00:00,1,"Campus Cedro",NULL,NULL,NULL,401,9.63,NULL,NULL,NULL,NULL,NULL,NULL
450,"Agatha Souza Sandoval Neto",29059051,Sim,2027-01-28,Não,Não,Não,Sim,NULL,241,"Dolor aliquid soluta illo similique.",3,"Engenharia Mecânica",MEC,3,Noite,1,"Campus Cedro",Não,Não,Não,Não,Não,Não,NULL,NULL,NULL,NULL,NULL,NULL,NULL,NULL,Não,24815,2025-05-09,11:00:00,2025-05-08,"2026-08-17 13:39:40","2026-08-17 13:39:40",-11162.65,Sim,Não,Presente,790CCAEE84A8,NULL,NULL,370,2025-05-09,"Arroz, feijão, carne moída com legumes e salada",2,Almoço,05:00:00,11:20:00,1,"Campus Cedro",9285,3,"Problema de saúde",370,91.25,NULL,NULL,NULL,NULL,NULL,NULL
450,"Agatha Souza Sandoval Neto",29059051,Sim,2027-01-28,Não,Não,Não,Sim,NULL,241,"Dolor aliquid soluta illo similique.",3,"Engenharia Mecânica",MEC,3,Noite,1,"Campus Cedro",Não,Não,Não,Não,Não,Não,NULL,NULL,NULL,NULL,NULL,NULL,NULL,NULL,Não,24814,2025-04-29,07:08:00,2025-04-29,"2026-08-17 13:39:40","2026-08-17 13:39:40",-11406.52,Sim,Não,Presente,6A3C00BBF2D0,NULL,NULL,337,2025-04-29,"Cuscuz com carne moída e suco",1,"Lanche da Manhã",05:00:00,08:00:00,1,"Campus Cedro",NULL,NULL,NULL,337,9.35,NULL,NULL,NULL,NULL,NULL,NULL
450,"Agatha Souza Sandoval Neto",29059051,Sim,2027-01-28,Não,Não,Não,Sim,NULL,241,"Dolor aliquid soluta illo similique.",3,"Engenharia Mecânica",MEC,3,Noite,1,"Campus Cedro",Não,Não,Não,Não,Não,Não,NULL,NULL,NULL,NULL,NULL,NULL,NULL,NULL,Não,24813,2025-04-25,20:19:00,2025-04-23,"2026-08-17 13:39:40","2026-08-17 13:39:40",-11489.33,Não,Não,Ausente,A69B5282A8FE,"Ausência justificada pelo estudante",NULL,332,2025-04-25,"Cuscuz com queijo e suco",4,"Lanche da Noite",05:00:00,19:50:00,1,"Campus Cedro",NULL,NULL,NULL,332,20.83,NULL,NULL,NULL,NULL,NULL,NULL
450,"Agatha Souza Sandoval Neto",29059051,Sim,2027-01-28,Não,Não,Não,Sim,NULL,241,"Dolor aliquid soluta illo similique.",3,"Engenharia Mecânica",MEC,3,Noite,1,"Campus Cedro",Não,Não,Não,Não,Não,Não,NULL,NULL,NULL,NULL,NULL,NULL,NULL,NULL,Não,24812,2025-04-01,08:36:00,2025-03-28,"2026-08-17 13:39:40","2026-08-17 13:39:40",-12077.05,Sim,Não,Presente,C1F41443CD8B,NULL,NULL,257,2025-04-01,"Pão com ovo e suco de frutas",1,"Lanche da Manhã",05:00:00,08:00:00,1,"Campus Cedro",NULL,NULL,NULL,257,9.30,NULL,NULL,NULL,NULL,NULL,NULL
450,"Agatha Souza Sandoval Neto",29059051,Sim,2027-01-28,Não,Não,Não,Sim,NULL,241,"Dolor aliquid soluta illo similique.",3,"Engenharia Mecânica",MEC,3,Noite,1,"Campus Cedro",Não,Não,Não,Não,Não,Não,NULL,NULL,NULL,NULL,NULL,NULL,NULL,NULL,Não,24810,2025-03-17,08:24:00,2025-03-17,"2026-08-17 13:39:40","2026-08-17 13:39:40",-12437.25,Sim,Não,Presente,309D6D3688EA,NULL,NULL,213,2025-03-17,"Cuscuz com carne moída e suco",1,"Lanche da Manhã",05:00:00,08:00:00,1,"Campus Cedro",NULL,NULL,NULL,213,7.21,NULL,NULL,NULL,NULL,NULL,NULL
450,"Agatha Souza Sandoval Neto",29059051,Sim,2027-01-28,Não,Não,Não,Sim,NULL,241,"Dolor aliquid soluta illo similique.",3,"Engenharia Mecânica",MEC,3,Noite,1,"Campus Cedro",Não,Não,Não,Não,Não,Não,NULL,NULL,NULL,NULL,NULL,NULL,NULL,NULL,Não,24811,2025-03-17,15:30:00,2025-03-17,"2026-08-17 13:39:40","2026-08-17 13:39:40",-12430.15,Sim,Não,Presente,118D0DF008D9,NULL,NULL,215,2025-03-17,"Canja de frango",3,"Lanche da Tarde",05:00:00,14:50:00,1,"Campus Cedro",9284,3,NULL,215,14.78,NULL,NULL,NULL,NULL,NULL,NULL
450,"Agatha Souza Sandoval Neto",29059051,Sim,2027-01-28,Não,Não,Não,Sim,NULL,241,"Dolor aliquid soluta illo similique.",3,"Engenharia Mecânica",MEC,3,Noite,1,"Campus Cedro",Não,Não,Não,Não,Não,Não,NULL,NULL,NULL,NULL,NULL,NULL,NULL,NULL,Não,24809,2025-03-11,08:02:00,2025-03-07,"2026-08-17 13:39:40","2026-08-17 13:39:40",-12581.62,Sim,Não,Presente,FAAE87CCFF69,NULL,NULL,197,2025-03-11,"Bolo de macaxeira com café",1,"Lanche da Manhã",05:00:00,08:00:00,1,"Campus Cedro",NULL,NULL,NULL,197,7.25,NULL,NULL,NULL,NULL,NULL,NULL
450,"Agatha Souza Sandoval Neto",29059051,Sim,2027-01-28,Não,Não,Não,Sim,NULL,241,"Dolor aliquid soluta illo similique.",3,"Engenharia Mecânica",MEC,3,Noite,1,"Campus Cedro",Não,Não,Não,Não,Não,Não,NULL,NULL,NULL,NULL,NULL,NULL,NULL,NULL,Não,24808,2025-02-10,11:04:00,2025-02-08,"2026-08-17 13:39:40","2026-08-17 13:39:40",-13274.58,Sim,Não,Presente,895CB4357388,NULL,NULL,114,2025-02-10,"Arroz, feijão, almôndegas, macarrão e salada",2,Almoço,05:00:00,11:20:00,1,"Campus Cedro",NULL,NULL,NULL,114,123.25,NULL,NULL,NULL,NULL,NULL,NULL
450,"Agatha Souza Sandoval Neto",29059051,Sim,2027-01-28,Não,Não,Não,Sim,NULL,241,"Dolor aliquid soluta illo similique.",3,"Engenharia Mecânica",MEC,3,Noite,1,"Campus Cedro",Não,Não,Não,Não,Não,Não,NULL,NULL,NULL,NULL,NULL,NULL,NULL,NULL,Não,24807,2025-01-13,19:57:00,2025-01-09,"2026-08-17 13:39:40","2026-08-17 13:39:40",-13937.70,Sim,Não,Presente,017C808062E9,NULL,NULL,36,2025-01-13,"Canja de frango",4,"Lanche da Noite",05:00:00,19:50:00,1,"Campus Cedro",9283,5,NULL,36,22.43,NULL,NULL,NULL,NULL,NULL,NULL
69,"Agostinho Fabiano Delatorre",82398360,Sim,2027-09-06,Não,Não,Não,Não,NULL,177,"Quaerat est laudantium repellendus tempore.",3,"Engenharia Mecânica",MEC,1,Manhã,1,"Campus Cedro",Não,Não,Não,Não,Não,Não,NULL,NULL,NULL,NULL,NULL,NULL,NULL,NULL,Não,3918,2026-06-24,07:29:00,2026-06-20,"2026-08-17 13:39:37","2026-08-17 13:39:37",-1302.17,Não,Não,Ausente,700AFEC2DB80,"Atividade acadêmica",NULL,1541,2026-06-24,"Tapioca com frango e suco",1,"Lanche da Manhã",05:00:00,08:00:00,1,"Campus Cedro",NULL,NULL,NULL,1541,7.02,NULL,NULL,NULL,NULL,NULL,NULL
69,"Agostinho Fabiano Delatorre",82398360,Sim,2027-09-06,Não,Não,Não,Não,NULL,177,"Quaerat est laudantium repellendus tempore.",3,"Engenharia Mecânica",MEC,1,Manhã,1,"Campus Cedro",Não,Não,Não,Não,Não,Não,NULL,NULL,NULL,NULL,NULL,NULL,NULL,NULL,Não,3917,2026-06-16,12:45:00,2026-06-15,"2026-08-17 13:39:37","2026-08-17 13:39:37",-1488.90,Sim,Não,Presente,AFAA1059422B,NULL,NULL,1518,2026-06-16,"Arroz, feijão, frango ensopado, farofa e salada",2,Almoço,05:00:00,11:20:00,1,"Campus Cedro",NULL,NULL,NULL,1518,103.60,NULL,NULL,NULL,NULL,NULL,NULL
69,"Agostinho Fabiano Delatorre",82398360,Sim,2027-09-06,Não,Não,Não,Não,NULL,177,"Quaerat est laudantium repellendus tempore.",3,"Engenharia Mecânica",MEC,1,Manhã,1,"Campus Cedro",Não,Não,Não,Não,Não,Não,NULL,NULL,NULL,NULL,NULL,NULL,NULL,NULL,Não,3916,2026-06-03,08:55:00,2026-06-02,"2026-08-17 13:39:37","2026-08-17 13:39:37",-1804.73,Sim,Não,Presente,2EFFC5A1A0FF,NULL,NULL,1481,2026-06-03,"Sanduíche de frango com suco",1,"Lanche da Manhã",05:00:00,08:00:00,1,"Campus Cedro",1464,4,NULL,1481,7.88,NULL,NULL,NULL,NULL,NULL,NULL
69,"Agostinho Fabiano Delatorre",82398360,Sim,2027-09-06,Não,Não,Não,Não,NULL,177,"Quaerat est laudantium repellendus tempore.",3,"Engenharia Mecânica",MEC,1,Manhã,1,"Campus Cedro",Não,Não,Não,Não,Não,Não,NULL,NULL,NULL,NULL,NULL,NULL,NULL,NULL,Não,3915,2026-05-12,16:28:00,2026-05-07,"2026-08-17 13:39:37","2026-08-17 13:39:37",-2325.18,Sim,Não,Presente,401C4B2ECC3A,NULL,NULL,1419,2026-05-12,"Bolo de macaxeira com suco",3,"Lanche da Tarde",05:00:00,14:50:00,1,"Campus Cedro",NULL,NULL,NULL,1419,14.52,NULL,NULL,NULL,NULL,NULL,NULL
69,"Agostinho Fabiano Delatorre",82398360,Sim,2027-09-06,Não,Não,Não,Não,NULL,177,"Quaerat est laudantium repellendus tempore.",3,"Engenharia Mecânica",MEC,1,Manhã,1,"Campus Cedro",Não,Não,Não,Não,Não,Não,NULL,NULL,NULL,NULL,NULL,NULL,NULL,NULL,Não,3914,2026-04-21,07:00:00,2026-04-20,"2026-08-17 13:39:37","2026-08-17 13:39:37",-2838.65,Sim,Não,Presente,1163446D8EEB,NULL,NULL,1357,2026-04-21,"Cuscuz com carne moída e suco",1,"Lanche da Manhã",05:00:00,08:00:00,1,"Campus Cedro",1463,4,"Atividade acadêmica",1357,9.33,NULL,NULL,NULL,NULL,NULL,NULL
69,"Agostinho Fabiano Delatorre",82398360,Sim,2027-09-06,Não,Não,Não,Não,NULL,177,"Quaerat est laudantium repellendus tempore.",3,"Engenharia Mecânica",MEC,1,Manhã,1,"Campus Cedro",Não,Não,Não,Não,Não,Não,NULL,NULL,NULL,NULL,NULL,NULL,NULL,NULL,Não,3913,2026-04-17,07:23:00,2026-04-17,"2026-08-17 13:39:37","2026-08-17 13:39:37",-2934.27,Sim,Não,Presente,000B237E291A,NULL,NULL,1349,2026-04-17,"Cuscuz com queijo e suco",1,"Lanche da Manhã",05:00:00,08:00:00,1,"Campus Cedro",1462,1,NULL,1349,7.80,NULL,NULL,NULL,NULL,NULL,NULL
69,"Agostinho Fabiano Delatorre",82398360,Sim,2027-09-06,Não,Não,Não,Não,NULL,177,"Quaerat est laudantium repellendus tempore.",3,"Engenharia Mecânica",MEC,1,Manhã,1,"Campus Cedro",Não,Não,Não,Não,Não,Não,NULL,NULL,NULL,NULL,NULL,NULL,NULL,NULL,Não,3912,2026-04-13,07:41:00,2026-04-13,"2026-08-17 13:39:37","2026-08-17 13:39:37",-3029.97,Sim,Não,Presente,45516C44E201,NULL,NULL,1333,2026-04-13,"Tapioca com queijo e suco",1,"Lanche da Manhã",05:00:00,08:00:00,1,"Campus Cedro",1461,4,NULL,1333,8.20,NULL,NULL,NULL,NULL,NULL,NULL
69,"Agostinho Fabiano Delatorre",82398360,Sim,2027-09-06,Não,Não,Não,Não,NULL,177,"Quaerat est laudantium repellendus tempore.",3,"Engenharia Mecânica",MEC,1,Manhã,1,"Campus Cedro",Não,Não,Não,Não,Não,Não,NULL,NULL,NULL,NULL,NULL,NULL,NULL,NULL,Não,3911,2026-04-10,08:09:00,2026-04-06,"2026-08-17 13:39:37","2026-08-17 13:39:37",-3101.50,Sim,Não,Presente,5BB7196FEFD9,NULL,NULL,1329,2026-04-10,"Bolo de milho com suco de goiaba",1,"Lanche da Manhã",05:00:00,08:00:00,1,"Campus Cedro",NULL,NULL,NULL,1329,7.49,NULL,NULL,NULL,NULL,NULL,NULL
69,"Agostinho Fabiano Delatorre",82398360,Sim,2027-09-06,Não,Não,Não,Não,NULL,177,"Quaerat est laudantium repellendus tempore.",3,"Engenharia Mecânica",MEC,1,Manhã,1,"Campus Cedro",Não,Não,Não,Não,Não,Não,NULL,NULL,NULL,NULL,NULL,NULL,NULL,NULL,Não,3910,2026-04-08,12:01:00,2026-04-07,"2026-08-17 13:39:37","2026-08-17 13:39:37",-3145.63,Não,Não,Ausente,2D7B70A472C9,"Problema de transporte",NULL,1322,2026-04-08,"Arroz, feijão, frango ao molho, purê e legumes",2,Almoço,05:00:00,11:20:00,1,"Campus Cedro",NULL,NULL,NULL,1322,98.57,NULL,NULL,NULL,NULL,NULL,NULL
69,"Agostinho Fabiano Delatorre",82398360,Sim,2027-09-06,Não,Não,Não,Não,NULL,177,"Quaerat est laudantium repellendus tempore.",3,"Engenharia Mecânica",MEC,1,Manhã,1,"Campus Cedro",Não,Não,Não,Não,Não,Não,NULL,NULL,NULL,NULL,NULL,NULL,NULL,NULL,Não,3909,2026-04-01,12:15:00,2026-03-27,"2026-08-17 13:39:37","2026-08-17 13:39:37",-3313.40,Sim,Não,Presente,955071B71D3F,NULL,NULL,1302,2026-04-01,"Arroz, feijão, frango ao curry, macarrão e salada",2,Almoço,05:00:00,11:20:00,1,"Campus Cedro",1460,4,"Compromisso acadêmico",1302,92.75,NULL,NULL,NULL,NULL,NULL,NULL
69,"Agostinho Fabiano Delatorre",82398360,Sim,2027-09-06,Não,Não,Não,Não,NULL,177,"Quaerat est laudantium repellendus tempore.",3,"Engenharia Mecânica",MEC,1,Manhã,1,"Campus Cedro",Não,Não,Não,Não,Não,Não,NULL,NULL,NULL,NULL,NULL,NULL,NULL,NULL,Não,3908,2026-03-17,21:38:00,2026-03-16,"2026-08-17 13:39:37","2026-08-17 13:39:37",-3664.02,Sim,Não,Presente,48AF3257998E,NULL,NULL,1260,2026-03-17,"Tapioca com queijo e suco",4,"Lanche da Noite",05:00:00,19:50:00,1,"Campus Cedro",NULL,NULL,NULL,1260,17.53,NULL,NULL,NULL,NULL,NULL,NULL
69,"Agostinho Fabiano Delatorre",82398360,Sim,2027-09-06,Não,Não,Não,Não,NULL,177,"Quaerat est laudantium repellendus tempore.",3,"Engenharia Mecânica",MEC,1,Manhã,1,"Campus Cedro",Não,Não,Não,Não,Não,Não,NULL,NULL,NULL,NULL,NULL,NULL,NULL,NULL,Não,3907,2026-03-02,19:39:00,2026-02-26,"2026-08-17 13:39:37","2026-08-17 13:39:37",-4026.00,Sim,Não,Presente,90C1F87C43BF,NULL,NULL,1216,2026-03-02,"Cuscuz com carne moída",4,"Lanche da Noite",05:00:00,19:50:00,1,"Campus Cedro",1459,3,NULL,1216,18.83,NULL,NULL,NULL,NULL,NULL,NULL
69,"Agostinho Fabiano Delatorre",82398360,Sim,2027-09-06,Não,Não,Não,Não,NULL,177,"Quaerat est laudantium repellendus tempore.",3,"Engenharia Mecânica",MEC,1,Manhã,1,"Campus Cedro",Não,Não,Não,Não,Não,Não,NULL,NULL,NULL,NULL,NULL,NULL,NULL,NULL,Não,3906,2026-02-10,15:37:00,2026-02-08,"2026-08-17 13:39:37","2026-08-17 13:39:37",-4510.03,Sim,Não,Presente,C55B23AC3AFA,NULL,NULL,1159,2026-02-10,"Canja de frango",3,"Lanche da Tarde",05:00:00,14:50:00,1,"Campus Cedro",NULL,NULL,NULL,1159,13.49,NULL,NULL,NULL,NULL,NULL,NULL
69,"Agostinho Fabiano Delatorre",82398360,Sim,2027-09-06,Não,Não,Não,Não,NULL,177,"Quaerat est laudantium repellendus tempore.",3,"Engenharia Mecânica",MEC,1,Manhã,1,"Campus Cedro",Não,Não,Não,Não,Não,Não,NULL,NULL,NULL,NULL,NULL,NULL,NULL,NULL,Não,3905,2026-02-05,16:43:00,2026-02-04,"2026-08-17 13:39:37","2026-08-17 13:39:37",-4628.93,Não,Não,Ausente,62FA5BA987D5,"Atividade acadêmica",NULL,1147,2026-02-05,"Bolo de chocolate com suco",3,"Lanche da Tarde",05:00:00,14:50:00,1,"Campus Cedro",NULL,NULL,NULL,1147,12.28,NULL,NULL,NULL,NULL,NULL,NULL
69,"Agostinho Fabiano Delatorre",82398360,Sim,2027-09-06,Não,Não,Não,Não,NULL,177,"Quaerat est laudantium repellendus tempore.",3,"Engenharia Mecânica",MEC,1,Manhã,1,"Campus Cedro",Não,Não,Não,Não,Não,Não,NULL,NULL,NULL,NULL,NULL,NULL,NULL,NULL,Não,3904,2026-02-03,07:38:00,2026-02-03,"2026-08-17 13:39:37","2026-08-17 13:39:37",-4686.02,Sim,Não,Presente,2190514D37B7,NULL,NULL,1137,2026-02-03,"Cuscuz com carne moída e suco",1,"Lanche da Manhã",05:00:00,08:00:00,1,"Campus Cedro",1458,4,NULL,1137,7.44,NULL,NULL,NULL,NULL,NULL,NULL
69,"Agostinho Fabiano Delatorre",82398360,Sim,2027-09-06,Não,Não,Não,Não,NULL,177,"Quaerat est laudantium repellendus tempore.",3,"Engenharia Mecânica",MEC,1,Manhã,1,"Campus Cedro",Não,Não,Não,Não,Não,Não,NULL,NULL,NULL,NULL,NULL,NULL,NULL,NULL,Não,3903,2026-01-26,19:40:00,2026-01-26,"2026-08-17 13:39:37","2026-08-17 13:39:37",-4865.98,Sim,Não,Presente,A4D7AFDC4D18,NULL,NULL,1116,2026-01-26,"Cuscuz com carne moída",4,"Lanche da Noite",05:00:00,19:50:00,1,"Campus Cedro",1457,3,NULL,1116,23.18,NULL,NULL,NULL,NULL,NULL,NULL
69,"Agostinho Fabiano Delatorre",82398360,Sim,2027-09-06,Não,Não,Não,Não,NULL,177,"Quaerat est laudantium repellendus tempore.",3,"Engenharia Mecânica",MEC,1,Manhã,1,"Campus Cedro",Não,Não,Não,Não,Não,Não,NULL,NULL,NULL,NULL,NULL,NULL,NULL,NULL,Não,3902,2026-01-22,12:47:00,2026-01-20,"2026-08-17 13:39:37","2026-08-17 13:39:37",-4968.87,Sim,Não,Presente,2FFF2DF347F9,NULL,NULL,1106,2026-01-22,"Arroz, feijão, carne cozida com batatas e salada",2,Almoço,05:00:00,11:20:00,1,"Campus Cedro",1456,4,"Problema de transporte",1106,113.33,NULL,NULL,NULL,NULL,NULL,NULL
69,"Agostinho Fabiano Delatorre",82398360,Sim,2027-09-06,Não,Não,Não,Não,NULL,177,"Quaerat est laudantium repellendus tempore.",3,"Engenharia Mecânica",MEC,1,Manhã,1,"Campus Cedro",Não,Não,Não,Não,Não,Não,NULL,NULL,NULL,NULL,NULL,NULL,NULL,NULL,Não,3901,2026-01-13,07:44:00,2026-01-09,"2026-08-17 13:39:37","2026-08-17 13:39:37",-5189.92,Sim,Não,Presente,412EA26A3954,NULL,NULL,1077,2026-01-13,"Risoto cremoso",1,"Lanche da Manhã",05:00:00,08:00:00,1,"Campus Cedro",NULL,NULL,NULL,1077,10.71,NULL,NULL,NULL,NULL,NULL,NULL
69,"Agostinho Fabiano Delatorre",82398360,Sim,2027-09-06,Não,Não,Não,Não,NULL,177,"Quaerat est laudantium repellendus tempore.",3,"Engenharia Mecânica",MEC,1,Manhã,1,"Campus Cedro",Não,Não,Não,Não,Não,Não,NULL,NULL,NULL,NULL,NULL,NULL,NULL,NULL,Não,3900,2026-01-07,12:48:00,2026-01-07,"2026-08-17 13:39:37","2026-08-17 13:39:37",-5328.85,Sim,Não,Presente,B2E0F706C564,NULL,NULL,1062,2026-01-07,"Arroz, feijão, frango com legumes, macarrão e salada",2,Almoço,05:00:00,11:20:00,1,"Campus Cedro",NULL,NULL,NULL,1062,128.95,NULL,NULL,NULL,NULL,NULL,NULL
69,"Agostinho Fabiano Delatorre",82398360,Sim,2027-09-06,Não,Não,Não,Não,NULL,177,"Quaerat est laudantium repellendus tempore.",3,"Engenharia Mecânica",MEC,1,Manhã,1,"Campus Cedro",Não,Não,Não,Não,Não,Não,NULL,NULL,NULL,NULL,NULL,NULL,NULL,NULL,Não,3899,2026-01-05,16:10:00,2026-01-01,"2026-08-17 13:39:37","2026-08-17 13:39:37",-5373.48,Sim,Não,Presente,BE849014D290,NULL,NULL,1055,2026-01-05,"Bolo de macaxeira com suco",3,"Lanche da Tarde",05:00:00,14:50:00,1,"Campus Cedro",1455,2,NULL,1055,13.49,NULL,NULL,NULL,NULL,NULL,NULL
69,"Agostinho Fabiano Delatorre",82398360,Sim,2027-09-06,Não,Não,Não,Não,NULL,177,"Quaerat est laudantium repellendus tempore.",3,"Engenharia Mecânica",MEC,1,Manhã,1,"Campus Cedro",Não,Não,Não,Não,Não,Não,NULL,NULL,NULL,NULL,NULL,NULL,NULL,NULL,Não,3898,2025-12-26,20:40:00,2025-12-23,"2026-08-17 13:39:37","2026-08-17 13:39:37",-5608.98,Sim,Não,Presente,6F2582288D4D,NULL,NULL,1032,2025-12-26,"Cuscuz com carne moída",4,"Lanche da Noite",05:00:00,19:50:00,1,"Campus Cedro",NULL,NULL,NULL,1032,18.49,NULL,NULL,NULL,NULL,NULL,NULL
69,"Agostinho Fabiano Delatorre",82398360,Sim,2027-09-06,Não,Não,Não,Não,NULL,177,"Quaerat est laudantium repellendus tempore.",3,"Engenharia Mecânica",MEC,1,Manhã,1,"Campus Cedro",Não,Não,Não,Não,Não,Não,NULL,NULL,NULL,NULL,NULL,NULL,NULL,NULL,Não,3897,2025-12-23,16:32:00,2025-12-22,"2026-08-17 13:39:37","2026-08-17 13:39:37",-5685.12,Sim,Não,Presente,5A4D36321A69,NULL,NULL,1019,2025-12-23,"Pão com frango desfiado e suco",3,"Lanche da Tarde",05:00:00,14:50:00,1,"Campus Cedro",1454,4,NULL,1019,11.36,NULL,NULL,NULL,NULL,NULL,NULL
69,"Agostinho Fabiano Delatorre",82398360,Sim,2027-09-06,Não,Não,Não,Não,NULL,177,"Quaerat est laudantium repellendus tempore.",3,"Engenharia Mecânica",MEC,1,Manhã,1,"Campus Cedro",Não,Não,Não,Não,Não,Não,NULL,NULL,NULL,NULL,NULL,NULL,NULL,NULL,Não,3896,2025-12-09,08:30:00,2025-12-06,"2026-08-17 13:39:37","2026-08-17 13:39:37",-6029.15,Sim,Não,Presente,118E16C27AE5,NULL,NULL,977,2025-12-09,"Risoto cremoso",1,"Lanche da Manhã",05:00:00,08:00:00,1,"Campus Cedro",NULL,NULL,NULL,977,9.33,NULL,NULL,NULL,NULL,NULL,NULL
69,"Agostinho Fabiano Delatorre",82398360,Sim,2027-09-06,Não,Não,Não,Não,NULL,177,"Quaerat est laudantium repellendus tempore.",3,"Engenharia Mecânica",MEC,1,Manhã,1,"Campus Cedro",Não,Não,Não,Não,Não,Não,NULL,NULL,NULL,NULL,NULL,NULL,NULL,NULL,Não,3895,2025-12-03,11:53:00,2025-12-03,"2026-08-17 13:39:37","2026-08-17 13:39:37",-6169.77,Sim,Não,Presente,ADFE5FF31F7D,NULL,NULL,962,2025-12-03,"Arroz, feijão, frango assado, macarrão e salada",2,Almoço,05:00:00,11:20:00,1,"Campus Cedro",NULL,NULL,NULL,962,95.49,NULL,NULL,NULL,NULL,NULL,NULL
69,"Agostinho Fabiano Delatorre",82398360,Sim,2027-09-06,Não,Não,Não,Não,NULL,177,"Quaerat est laudantium repellendus tempore.",3,"Engenharia Mecânica",MEC,1,Manhã,1,"Campus Cedro",Não,Não,Não,Não,Não,Não,NULL,NULL,NULL,NULL,NULL,NULL,NULL,NULL,Não,3894,2025-11-21,12:47:00,2025-11-19,"2026-08-17 13:39:37","2026-08-17 13:39:37",-6456.87,Sim,Não,Presente,B4985177A080,NULL,NULL,930,2025-11-21,"Arroz, feijão, carne cozida, macarrão e salada",2,Almoço,05:00:00,11:20:00,1,"Campus Cedro",NULL,NULL,NULL,930,113.37,NULL,NULL,NULL,NULL,NULL,NULL
69,"Agostinho Fabiano Delatorre",82398360,Sim,2027-09-06,Não,Não,Não,Não,NULL,177,"Quaerat est laudantium repellendus tempore.",3,"Engenharia Mecânica",MEC,1,Manhã,1,"Campus Cedro",Não,Não,Não,Não,Não,Não,NULL,NULL,NULL,NULL,NULL,NULL,NULL,NULL,Não,3892,2025-11-14,08:56:00,2025-11-12,"2026-08-17 13:39:37","2026-08-17 13:39:37",-6628.72,Sim,Não,Presente,D3667EEF3BE3,NULL,NULL,909,2025-11-14,"Pão com frango desfiado e suco",1,"Lanche da Manhã",05:00:00,08:00:00,1,"Campus Cedro",1453,4,"Ausência justificada pelo estudante",909,8.40,NULL,NULL,NULL,NULL,NULL,NULL
69,"Agostinho Fabiano Delatorre",82398360,Sim,2027-09-06,Não,Não,Não,Não,NULL,177,"Quaerat est laudantium repellendus tempore.",3,"Engenharia Mecânica",MEC,1,Manhã,1,"Campus Cedro",Não,Não,Não,Não,Não,Não,NULL,NULL,NULL,NULL,NULL,NULL,NULL,NULL,Não,3893,2025-11-14,14:18:00,2025-11-11,"2026-08-17 13:39:37","2026-08-17 13:39:37",-6623.35,Sim,Não,Presente,E7DE6F67959C,NULL,NULL,911,2025-11-14,"Cuscuz de frango com suco de goiaba",3,"Lanche da Tarde",05:00:00,14:50:00,1,"Campus Cedro",NULL,NULL,NULL,911,12.61,NULL,NULL,NULL,NULL,NULL,NULL
69,"Agostinho Fabiano Delatorre",82398360,Sim,2027-09-06,Não,Não,Não,Não,NULL,177,"Quaerat est laudantium repellendus tempore.",3,"Engenharia Mecânica",MEC,1,Manhã,1,"Campus Cedro",Não,Não,Não,Não,Não,Não,NULL,NULL,NULL,NULL,NULL,NULL,NULL,NULL,Não,3891,2025-11-12,14:27:00,2025-11-11,"2026-08-17 13:39:37","2026-08-17 13:39:37",-6671.20,Sim,Não,Presente,B104C1239A65,NULL,NULL,903,2025-11-12,"Bolo de macaxeira com suco",3,"Lanche da Tarde",05:00:00,14:50:00,1,"Campus Cedro",1452,3,NULL,903,11.72,NULL,NULL,NULL,NULL,NULL,NULL
69,"Agostinho Fabiano Delatorre",82398360,Sim,2027-09-06,Não,Não,Não,Não,NULL,177,"Quaerat est laudantium repellendus tempore.",3,"Engenharia Mecânica",MEC,1,Manhã,1,"Campus Cedro",Não,Não,Não,Não,Não,Não,NULL,NULL,NULL,NULL,NULL,NULL,NULL,NULL,Não,3890,2025-11-06,14:39:00,2025-11-05,"2026-08-17 13:39:37","2026-08-17 13:39:37",-6815.00,Não,Não,Ausente,5010A4D03B8E,"Ausência justificada pelo estudante",NULL,887,2025-11-06,"Sanduíche de frango com suco",3,"Lanche da Tarde",05:00:00,14:50:00,1,"Campus Cedro",NULL,NULL,NULL,887,13.21,NULL,NULL,NULL,NULL,NULL,NULL
69,"Agostinho Fabiano Delatorre",82398360,Sim,2027-09-06,Não,Não,Não,Não,NULL,177,"Quaerat est laudantium repellendus tempore.",3,"Engenharia Mecânica",MEC,1,Manhã,1,"Campus Cedro",Não,Não,Não,Não,Não,Não,NULL,NULL,NULL,NULL,NULL,NULL,NULL,NULL,Não,3889,2025-11-05,20:09:00,2025-11-05,"2026-08-17 13:39:37","2026-08-17 13:39:37",-6833.50,Sim,Não,Presente,B39B638A5987,NULL,NULL,884,2025-11-05,"Pão com frango desfiado e suco",4,"Lanche da Noite",05:00:00,19:50:00,1,"Campus Cedro",NULL,NULL,NULL,884,18.43,NULL,NULL,NULL,NULL,NULL,NULL
69,"Agostinho Fabiano Delatorre",82398360,Sim,2027-09-06,Não,Não,Não,Não,NULL,177,"Quaerat est laudantium repellendus tempore.",3,"Engenharia Mecânica",MEC,1,Manhã,1,"Campus Cedro",Não,Não,Não,Não,Não,Não,NULL,NULL,NULL,NULL,NULL,NULL,NULL,NULL,Não,3888,2025-10-24,11:57:00,2025-10-21,"2026-08-17 13:39:37","2026-08-17 13:39:37",-7129.70,Sim,Não,Presente,75C9A6EA78C8,NULL,NULL,850,2025-10-24,"Arroz, feijão, frango com legumes, macarrão e salada",2,Almoço,05:00:00,11:20:00,1,"Campus Cedro",NULL,NULL,NULL,850,88.02,NULL,NULL,NULL,NULL,NULL,NULL
69,"Agostinho Fabiano Delatorre",82398360,Sim,2027-09-06,Não,Não,Não,Não,NULL,177,"Quaerat est laudantium repellendus tempore.",3,"Engenharia Mecânica",MEC,1,Manhã,1,"Campus Cedro",Não,Não,Não,Não,Não,Não,NULL,NULL,NULL,NULL,NULL,NULL,NULL,NULL,Não,3887,2025-10-15,19:47:00,2025-10-14,"2026-08-17 13:39:37","2026-08-17 13:39:37",-7337.87,Sim,Não,Presente,A44C90417490,NULL,NULL,824,2025-10-15,"Sanduíche de frango com suco",4,"Lanche da Noite",05:00:00,19:50:00,1,"Campus Cedro",NULL,NULL,NULL,824,17.63,NULL,NULL,NULL,NULL,NULL,NULL
69,"Agostinho Fabiano Delatorre",82398360,Sim,2027-09-06,Não,Não,Não,Não,NULL,177,"Quaerat est laudantium repellendus tempore.",3,"Engenharia Mecânica",MEC,1,Manhã,1,"Campus Cedro",Não,Não,Não,Não,Não,Não,NULL,NULL,NULL,NULL,NULL,NULL,NULL,NULL,Não,3886,2025-10-07,08:43:00,2025-10-06,"2026-08-17 13:39:37","2026-08-17 13:39:37",-7540.93,Sim,Não,Presente,DF9651110AE6,NULL,NULL,797,2025-10-07,"Tapioca com frango e suco",1,"Lanche da Manhã",05:00:00,08:00:00,1,"Campus Cedro",NULL,NULL,NULL,797,6.08,NULL,NULL,NULL,NULL,NULL,NULL
69,"Agostinho Fabiano Delatorre",82398360,Sim,2027-09-06,Não,Não,Não,Não,NULL,177,"Quaerat est laudantium repellendus tempore.",3,"Engenharia Mecânica",MEC,1,Manhã,1,"Campus Cedro",Não,Não,Não,Não,Não,Não,NULL,NULL,NULL,NULL,NULL,NULL,NULL,NULL,Não,3885,2025-10-02,20:26:00,2025-10-02,"2026-08-17 13:39:37","2026-08-17 13:39:37",-7649.22,Sim,Não,Presente,425E9B65E0D9,NULL,NULL,788,2025-10-02,"Tapioca com queijo e suco",4,"Lanche da Noite",05:00:00,19:50:00,1,"Campus Cedro",1451,5,NULL,788,16.90,NULL,NULL,NULL,NULL,NULL,NULL
69,"Agostinho Fabiano Delatorre",82398360,Sim,2027-09-06,Não,Não,Não,Não,NULL,177,"Quaerat est laudantium repellendus tempore.",3,"Engenharia Mecânica",MEC,1,Manhã,1,"Campus Cedro",Não,Não,Não,Não,Não,Não,NULL,NULL,NULL,NULL,NULL,NULL,NULL,NULL,Não,3884,2025-09-29,14:26:00,2025-09-26,"2026-08-17 13:39:37","2026-08-17 13:39:37",-7727.22,Sim,Não,Presente,6573A85A4751,NULL,NULL,775,2025-09-29,"Canja de frango",3,"Lanche da Tarde",05:00:00,14:50:00,1,"Campus Cedro",1450,3,NULL,775,15.37,NULL,NULL,NULL,NULL,NULL,NULL
69,"Agostinho Fabiano Delatorre",82398360,Sim,2027-09-06,Não,Não,Não,Não,NULL,177,"Quaerat est laudantium repellendus tempore.",3,"Engenharia Mecânica",MEC,1,Manhã,1,"Campus Cedro",Não,Não,Não,Não,Não,Não,NULL,NULL,NULL,NULL,NULL,NULL,NULL,NULL,Não,3883,2025-09-19,14:33:00,2025-09-15,"2026-08-17 13:39:37","2026-08-17 13:39:37",-7967.10,Não,Sim,Cancelada,CC9C31BA438F,NULL,NULL,751,2025-09-19,"Bolo de macaxeira com suco",3,"Lanche da Tarde",05:00:00,14:50:00,1,"Campus Cedro",NULL,NULL,NULL,751,10.92,NULL,NULL,NULL,NULL,NULL,NULL
69,"Agostinho Fabiano Delatorre",82398360,Sim,2027-09-06,Não,Não,Não,Não,NULL,177,"Quaerat est laudantium repellendus tempore.",3,"Engenharia Mecânica",MEC,1,Manhã,1,"Campus Cedro",Não,Não,Não,Não,Não,Não,NULL,NULL,NULL,NULL,NULL,NULL,NULL,NULL,Não,3882,2025-09-18,16:32:00,2025-09-16,"2026-08-17 13:39:37","2026-08-17 13:39:37",-7989.12,Sim,Não,Presente,85B3F8E38A22,NULL,NULL,747,2025-09-18,"Bolo de macaxeira com suco",3,"Lanche da Tarde",05:00:00,14:50:00,1,"Campus Cedro",1449,4,NULL,747,10.62,NULL,NULL,NULL,NULL,NULL,NULL
69,"Agostinho Fabiano Delatorre",82398360,Sim,2027-09-06,Não,Não,Não,Não,NULL,177,"Quaerat est laudantium repellendus tempore.",3,"Engenharia Mecânica",MEC,1,Manhã,1,"Campus Cedro",Não,Não,Não,Não,Não,Não,NULL,NULL,NULL,NULL,NULL,NULL,NULL,NULL,Não,3881,2025-09-15,12:39:00,2025-09-10,"2026-08-17 13:39:37","2026-08-17 13:39:37",-8065.00,Sim,Não,Presente,24A67C82A60F,NULL,NULL,734,2025-09-15,"Arroz, feijão, carne cozida com batatas e salada",2,Almoço,05:00:00,11:20:00,1,"Campus Cedro",NULL,NULL,NULL,734,116.33,NULL,NULL,NULL,NULL,NULL,NULL
69,"Agostinho Fabiano Delatorre",82398360,Sim,2027-09-06,Não,Não,Não,Não,NULL,177,"Quaerat est laudantium repellendus tempore.",3,"Engenharia Mecânica",MEC,1,Manhã,1,"Campus Cedro",Não,Não,Não,Não,Não,Não,NULL,NULL,NULL,NULL,NULL,NULL,NULL,NULL,Não,3880,2025-09-10,08:14:00,2025-09-05,"2026-08-17 13:39:37","2026-08-17 13:39:37",-8189.42,Não,Não,Ausente,1C08958BF540,"Ausência justificada pelo estudante",NULL,721,2025-09-10,"Cuscuz com frango e suco de manga",1,"Lanche da Manhã",05:00:00,08:00:00,1,"Campus Cedro",NULL,NULL,NULL,721,8.94,NULL,NULL,NULL,NULL,NULL,NULL
69,"Agostinho Fabiano Delatorre",82398360,Sim,2027-09-06,Não,Não,Não,Não,NULL,177,"Quaerat est laudantium repellendus tempore.",3,"Engenharia Mecânica",MEC,1,Manhã,1,"Campus Cedro",Não,Não,Não,Não,Não,Não,NULL,NULL,NULL,NULL,NULL,NULL,NULL,NULL,Não,3879,2025-08-21,15:14:00,2025-08-21,"2026-08-17 13:39:37","2026-08-17 13:39:37",-8662.42,Sim,Não,Presente,086D42A66A7E,NULL,NULL,667,2025-08-21,"Bolo de chocolate com suco",3,"Lanche da Tarde",05:00:00,14:50:00,1,"Campus Cedro",NULL,NULL,NULL,667,12.33,NULL,NULL,NULL,NULL,NULL,NULL
69,"Agostinho Fabiano Delatorre",82398360,Sim,2027-09-06,Não,Não,Não,Não,NULL,177,"Quaerat est laudantium repellendus tempore.",3,"Engenharia Mecânica",MEC,1,Manhã,1,"Campus Cedro",Não,Não,Não,Não,Não,Não,NULL,NULL,NULL,NULL,NULL,NULL,NULL,NULL,Não,3878,2025-08-18,11:42:00,2025-08-16,"2026-08-17 13:39:37","2026-08-17 13:39:37",-8737.95,Sim,Não,Presente,FBE06E03EC93,NULL,NULL,654,2025-08-18,"Arroz, feijão, frango assado, macarrão e salada",2,Almoço,05:00:00,11:20:00,1,"Campus Cedro",1448,5,NULL,654,119.77,NULL,NULL,NULL,NULL,NULL,NULL
69,"Agostinho Fabiano Delatorre",82398360,Sim,2027-09-06,Não,Não,Não,Não,NULL,177,"Quaerat est laudantium repellendus tempore.",3,"Engenharia Mecânica",MEC,1,Manhã,1,"Campus Cedro",Não,Não,Não,Não,Não,Não,NULL,NULL,NULL,NULL,NULL,NULL,NULL,NULL,Não,3877,2025-08-06,12:33:00,2025-08-04,"2026-08-17 13:39:37","2026-08-17 13:39:37",-9025.10,Sim,Não,Presente,643729A9C21E,NULL,NULL,622,2025-08-06,"Arroz, feijão, carne cozida com batatas e salada",2,Almoço,05:00:00,11:20:00,1,"Campus Cedro",NULL,NULL,NULL,622,153.49,NULL,NULL,NULL,NULL,NULL,NULL
69,"Agostinho Fabiano Delatorre",82398360,Sim,2027-09-06,Não,Não,Não,Não,NULL,177,"Quaerat est laudantium repellendus tempore.",3,"Engenharia Mecânica",MEC,1,Manhã,1,"Campus Cedro",Não,Não,Não,Não,Não,Não,NULL,NULL,NULL,NULL,NULL,NULL,NULL,NULL,Não,3876,2025-07-22,19:58:00,2025-07-19,"2026-08-17 13:39:37","2026-08-17 13:39:37",-9377.68,Sim,Não,Presente,BA199FD3B7ED,NULL,NULL,580,2025-07-22,"Bolo de milho com suco",4,"Lanche da Noite",05:00:00,19:50:00,1,"Campus Cedro",1447,5,NULL,580,18.38,NULL,NULL,NULL,NULL,NULL,NULL
69,"Agostinho Fabiano Delatorre",82398360,Sim,2027-09-06,Não,Não,Não,Não,NULL,177,"Quaerat est laudantium repellendus tempore.",3,"Engenharia Mecânica",MEC,1,Manhã,1,"Campus Cedro",Não,Não,Não,Não,Não,Não,NULL,NULL,NULL,NULL,NULL,NULL,NULL,NULL,Não,3875,2025-07-21,07:48:00,2025-07-18,"2026-08-17 13:39:37","2026-08-17 13:39:37",-9413.85,Sim,Não,Presente,7C595BD00C3B,NULL,NULL,573,2025-07-21,"Tapioca com frango e suco",1,"Lanche da Manhã",05:00:00,08:00:00,1,"Campus Cedro",NULL,NULL,NULL,573,8.78,NULL,NULL,NULL,NULL,NULL,NULL
69,"Agostinho Fabiano Delatorre",82398360,Sim,2027-09-06,Não,Não,Não,Não,NULL,177,"Quaerat est laudantium repellendus tempore.",3,"Engenharia Mecânica",MEC,1,Manhã,1,"Campus Cedro",Não,Não,Não,Não,Não,Não,NULL,NULL,NULL,NULL,NULL,NULL,NULL,NULL,Não,3874,2025-07-08,19:32:00,2025-07-08,"2026-08-17 13:39:37","2026-08-17 13:39:37",-9714.12,Sim,Não,Presente,DDA5870EE08D,NULL,NULL,540,2025-07-08,"Risoto cremoso",4,"Lanche da Noite",05:00:00,19:50:00,1,"Campus Cedro",1446,5,"Problema de transporte",540,19.31,NULL,NULL,NULL,NULL,NULL,NULL
69,"Agostinho Fabiano Delatorre",82398360,Sim,2027-09-06,Não,Não,Não,Não,NULL,177,"Quaerat est laudantium repellendus tempore.",3,"Engenharia Mecânica",MEC,1,Manhã,1,"Campus Cedro",Não,Não,Não,Não,Não,Não,NULL,NULL,NULL,NULL,NULL,NULL,NULL,NULL,Não,3873,2025-06-24,14:36:00,2025-06-20,"2026-08-17 13:39:37","2026-08-17 13:39:37",-10055.05,Não,Não,Ausente,F547167942FB,"Problema de transporte",NULL,499,2025-06-24,"Bolo de milho com suco de manga",3,"Lanche da Tarde",05:00:00,14:50:00,1,"Campus Cedro",NULL,NULL,NULL,499,11.34,NULL,NULL,NULL,NULL,NULL,NULL
69,"Agostinho Fabiano Delatorre",82398360,Sim,2027-09-06,Não,Não,Não,Não,NULL,177,"Quaerat est laudantium repellendus tempore.",3,"Engenharia Mecânica",MEC,1,Manhã,1,"Campus Cedro",Não,Não,Não,Não,Não,Não,NULL,NULL,NULL,NULL,NULL,NULL,NULL,NULL,Não,3872,2025-06-20,15:17:00,2025-06-15,"2026-08-17 13:39:37","2026-08-17 13:39:37",-10150.37,Sim,Não,Presente,349FA2BDCC30,NULL,NULL,491,2025-06-20,"Cuscuz de frango com suco de goiaba",3,"Lanche da Tarde",05:00:00,14:50:00,1,"Campus Cedro",NULL,NULL,NULL,491,12.18,NULL,NULL,NULL,NULL,NULL,NULL
69,"Agostinho Fabiano Delatorre",82398360,Sim,2027-09-06,Não,Não,Não,Não,NULL,177,"Quaerat est laudantium repellendus tempore.",3,"Engenharia Mecânica",MEC,1,Manhã,1,"Campus Cedro",Não,Não,Não,Não,Não,Não,NULL,NULL,NULL,NULL,NULL,NULL,NULL,NULL,Não,3871,2025-06-12,08:34:00,2025-06-07,"2026-08-17 13:39:37","2026-08-17 13:39:37",-10349.08,Sim,Não,Presente,F585DE620850,NULL,NULL,465,2025-06-12,"Sanduíche de frango com suco",1,"Lanche da Manhã",05:00:00,08:00:00,1,"Campus Cedro",NULL,NULL,NULL,465,8.64,NULL,NULL,NULL,NULL,NULL,NULL
69,"Agostinho Fabiano Delatorre",82398360,Sim,2027-09-06,Não,Não,Não,Não,NULL,177,"Quaerat est laudantium repellendus tempore.",3,"Engenharia Mecânica",MEC,1,Manhã,1,"Campus Cedro",Não,Não,Não,Não,Não,Não,NULL,NULL,NULL,NULL,NULL,NULL,NULL,NULL,Não,3870,2025-06-10,20:29:00,2025-06-09,"2026-08-17 13:39:37","2026-08-17 13:39:37",-10385.17,Sim,Não,Presente,205EECD1A429,NULL,NULL,460,2025-06-10,"Bolo de macaxeira com suco",4,"Lanche da Noite",05:00:00,19:50:00,1,"Campus Cedro",1445,4,NULL,460,19.45,NULL,NULL,NULL,NULL,NULL,NULL
69,"Agostinho Fabiano Delatorre",82398360,Sim,2027-09-06,Não,Não,Não,Não,NULL,177,"Quaerat est laudantium repellendus tempore.",3,"Engenharia Mecânica",MEC,1,Manhã,1,"Campus Cedro",Não,Não,Não,Não,Não,Não,NULL,NULL,NULL,NULL,NULL,NULL,NULL,NULL,Não,3869,2025-05-30,20:02:00,2025-05-28,"2026-08-17 13:39:37","2026-08-17 13:39:37",-10649.62,Sim,Não,Presente,EBD20FAE76B6,NULL,NULL,432,2025-05-30,"Tapioca de frango com suco",4,"Lanche da Noite",05:00:00,19:50:00,1,"Campus Cedro",NULL,NULL,NULL,432,14.48,NULL,NULL,NULL,NULL,NULL,NULL
69,"Agostinho Fabiano Delatorre",82398360,Sim,2027-09-06,Não,Não,Não,Não,NULL,177,"Quaerat est laudantium repellendus tempore.",3,"Engenharia Mecânica",MEC,1,Manhã,1,"Campus Cedro",Não,Não,Não,Não,Não,Não,NULL,NULL,NULL,NULL,NULL,NULL,NULL,NULL,Não,3868,2025-05-07,07:22:00,2025-05-07,"2026-08-17 13:39:37","2026-08-17 13:39:37",-11214.28,Sim,Não,Presente,79E0E5DA62C9,NULL,NULL,361,2025-05-07,"Bolo de macaxeira com café",1,"Lanche da Manhã",05:00:00,08:00:00,1,"Campus Cedro",NULL,NULL,NULL,361,7.89,NULL,NULL,NULL,NULL,NULL,NULL
69,"Agostinho Fabiano Delatorre",82398360,Sim,2027-09-06,Não,Não,Não,Não,NULL,177,"Quaerat est laudantium repellendus tempore.",3,"Engenharia Mecânica",MEC,1,Manhã,1,"Campus Cedro",Não,Não,Não,Não,Não,Não,NULL,NULL,NULL,NULL,NULL,NULL,NULL,NULL,Não,3867,2025-05-06,15:55:00,2025-05-02,"2026-08-17 13:39:37","2026-08-17 13:39:37",-11229.73,Não,Não,Ausente,2908A6BFB1F3,"Atividade acadêmica",NULL,359,2025-05-06,"Risoto cremoso",3,"Lanche da Tarde",05:00:00,14:50:00,1,"Campus Cedro",NULL,NULL,NULL,359,17.32,NULL,NULL,NULL,NULL,NULL,NULL
69,"Agostinho Fabiano Delatorre",82398360,Sim,2027-09-06,Não,Não,Não,Não,NULL,177,"Quaerat est laudantium repellendus tempore.",3,"Engenharia Mecânica",MEC,1,Manhã,1,"Campus Cedro",Não,Não,Não,Não,Não,Não,NULL,NULL,NULL,NULL,NULL,NULL,NULL,NULL,Não,3866,2025-04-28,11:48:00,2025-04-25,"2026-08-17 13:39:37","2026-08-17 13:39:37",-11425.85,Sim,Não,Presente,1DEF1E3151FC,NULL,NULL,334,2025-04-28,"Arroz, feijão, almôndegas, macarrão e salada",2,Almoço,05:00:00,11:20:00,1,"Campus Cedro",NULL,NULL,NULL,334,115.21,NULL,NULL,NULL,NULL,NULL,NULL
69,"Agostinho Fabiano Delatorre",82398360,Sim,2027-09-06,Não,Não,Não,Não,NULL,177,"Quaerat est laudantium repellendus tempore.",3,"Engenharia Mecânica",MEC,1,Manhã,1,"Campus Cedro",Não,Não,Não,Não,Não,Não,NULL,NULL,NULL,NULL,NULL,NULL,NULL,NULL,Não,3865,2025-04-22,11:22:00,2025-04-19,"2026-08-17 13:39:37","2026-08-17 13:39:37",-11570.28,Sim,Não,Presente,0E5FA5CD1AD3,NULL,NULL,318,2025-04-22,"Arroz, feijão, carne moída com legumes e salada",2,Almoço,05:00:00,11:20:00,1,"Campus Cedro",1444,4,NULL,318,120.76,NULL,NULL,NULL,NULL,NULL,NULL
69,"Agostinho Fabiano Delatorre",82398360,Sim,2027-09-06,Não,Não,Não,Não,NULL,177,"Quaerat est laudantium repellendus tempore.",3,"Engenharia Mecânica",MEC,1,Manhã,1,"Campus Cedro",Não,Não,Não,Não,Não,Não,NULL,NULL,NULL,NULL,NULL,NULL,NULL,NULL,Não,3864,2025-04-15,19:23:00,2025-04-14,"2026-08-17 13:39:37","2026-08-17 13:39:37",-11730.27,Não,Não,Ausente,3F3474B7654D,"Problema de saúde",NULL,300,2025-04-15,"Risoto cremoso",4,"Lanche da Noite",05:00:00,19:50:00,1,"Campus Cedro",NULL,NULL,NULL,300,27.24,NULL,NULL,NULL,NULL,NULL,NULL
69,"Agostinho Fabiano Delatorre",82398360,Sim,2027-09-06,Não,Não,Não,Não,NULL,177,"Quaerat est laudantium repellendus tempore.",3,"Engenharia Mecânica",MEC,1,Manhã,1,"Campus Cedro",Não,Não,Não,Não,Não,Não,NULL,NULL,NULL,NULL,NULL,NULL,NULL,NULL,Não,3863,2025-04-14,11:57:00,2025-04-10,"2026-08-17 13:39:37","2026-08-17 13:39:37",-11761.70,Sim,Não,Presente,984112FE3603,NULL,NULL,294,2025-04-14,"Arroz, feijão, peixe assado, pirão e salada",2,Almoço,05:00:00,11:20:00,1,"Campus Cedro",1443,3,"Compromisso acadêmico",294,148.67,NULL,NULL,NULL,NULL,NULL,NULL
69,"Agostinho Fabiano Delatorre",82398360,Sim,2027-09-06,Não,Não,Não,Não,NULL,177,"Quaerat est laudantium repellendus tempore.",3,"Engenharia Mecânica",MEC,1,Manhã,1,"Campus Cedro",Não,Não,Não,Não,Não,Não,NULL,NULL,NULL,NULL,NULL,NULL,NULL,NULL,Não,3862,2025-04-11,15:42:00,2025-04-11,"2026-08-17 13:39:37","2026-08-17 13:39:37",-11829.95,Sim,Não,Presente,A0ED8BE7D799,NULL,NULL,291,2025-04-11,"Bolo de macaxeira com suco",3,"Lanche da Tarde",05:00:00,14:50:00,1,"Campus Cedro",1442,3,NULL,291,10.15,NULL,NULL,NULL,NULL,NULL,NULL
69,"Agostinho Fabiano Delatorre",82398360,Sim,2027-09-06,Não,Não,Não,Não,NULL,177,"Quaerat est laudantium repellendus tempore.",3,"Engenharia Mecânica",MEC,1,Manhã,1,"Campus Cedro",Não,Não,Não,Não,Não,Não,NULL,NULL,NULL,NULL,NULL,NULL,NULL,NULL,Não,3860,2025-04-09,08:28:00,2025-04-05,"2026-08-17 13:39:37","2026-08-17 13:39:37",-11885.18,Sim,Não,Presente,D9E32178A445,NULL,NULL,281,2025-04-09,"Risoto cremoso",1,"Lanche da Manhã",05:00:00,08:00:00,1,"Campus Cedro",1441,4,NULL,281,8.69,NULL,NULL,NULL,NULL,NULL,NULL
69,"Agostinho Fabiano Delatorre",82398360,Sim,2027-09-06,Não,Não,Não,Não,NULL,177,"Quaerat est laudantium repellendus tempore.",3,"Engenharia Mecânica",MEC,1,Manhã,1,"Campus Cedro",Não,Não,Não,Não,Não,Não,NULL,NULL,NULL,NULL,NULL,NULL,NULL,NULL,Não,3861,2025-04-09,21:48:00,2025-04-05,"2026-08-17 13:39:37","2026-08-17 13:39:37",-11871.85,Sim,Não,Presente,0BC99FE56E83,NULL,NULL,284,2025-04-09,"Cuscuz de frango com suco de manga",4,"Lanche da Noite",05:00:00,19:50:00,1,"Campus Cedro",NULL,NULL,NULL,284,19.61,NULL,NULL,NULL,NULL,NULL,NULL
69,"Agostinho Fabiano Delatorre",82398360,Sim,2027-09-06,Não,Não,Não,Não,NULL,177,"Quaerat est laudantium repellendus tempore.",3,"Engenharia Mecânica",MEC,1,Manhã,1,"Campus Cedro",Não,Não,Não,Não,Não,Não,NULL,NULL,NULL,NULL,NULL,NULL,NULL,NULL,Não,3858,2025-04-02,11:17:00,2025-03-30,"2026-08-17 13:39:37","2026-08-17 13:39:37",-12050.37,Sim,Não,Presente,D01E5F51C1D3,NULL,NULL,262,2025-04-02,"Arroz, feijão, peixe assado, pirão e salada",2,Almoço,05:00:00,11:20:00,1,"Campus Cedro",1440,4,"Problema de transporte",262,88.53,NULL,NULL,NULL,NULL,NULL,NULL
69,"Agostinho Fabiano Delatorre",82398360,Sim,2027-09-06,Não,Não,Não,Não,NULL,177,"Quaerat est laudantium repellendus tempore.",3,"Engenharia Mecânica",MEC,1,Manhã,1,"Campus Cedro",Não,Não,Não,Não,Não,Não,NULL,NULL,NULL,NULL,NULL,NULL,NULL,NULL,Não,3859,2025-04-02,16:39:00,2025-04-02,"2026-08-17 13:39:37","2026-08-17 13:39:37",-12045.00,Sim,Não,Presente,D89BB7ED5A0F,NULL,NULL,263,2025-04-02,"Cuscuz com carne moída e suco",3,"Lanche da Tarde",05:00:00,14:50:00,1,"Campus Cedro",NULL,NULL,NULL,263,10.89,NULL,NULL,NULL,NULL,NULL,NULL
69,"Agostinho Fabiano Delatorre",82398360,Sim,2027-09-06,Não,Não,Não,Não,NULL,177,"Quaerat est laudantium repellendus tempore.",3,"Engenharia Mecânica",MEC,1,Manhã,1,"Campus Cedro",Não,Não,Não,Não,Não,Não,NULL,NULL,NULL,NULL,NULL,NULL,NULL,NULL,Não,3857,2025-03-25,19:11:00,2025-03-25,"2026-08-17 13:39:37","2026-08-17 13:39:37",-12234.47,Não,Sim,Cancelada,69003B8A406F,NULL,NULL,240,2025-03-25,"Risoto cremoso",4,"Lanche da Noite",05:00:00,19:50:00,1,"Campus Cedro",NULL,NULL,NULL,240,22.90,NULL,NULL,NULL,NULL,NULL,NULL
69,"Agostinho Fabiano Delatorre",82398360,Sim,2027-09-06,Não,Não,Não,Não,NULL,177,"Quaerat est laudantium repellendus tempore.",3,"Engenharia Mecânica",MEC,1,Manhã,1,"Campus Cedro",Não,Não,Não,Não,Não,Não,NULL,NULL,NULL,NULL,NULL,NULL,NULL,NULL,Não,3856,2025-03-19,20:16:00,2025-03-18,"2026-08-17 13:39:37","2026-08-17 13:39:37",-12377.38,Não,Não,Ausente,0A74ACB45561,"Compromisso acadêmico",NULL,224,2025-03-19,"Cuscuz com queijo e suco",4,"Lanche da Noite",05:00:00,19:50:00,1,"Campus Cedro",NULL,NULL,NULL,224,18.76,NULL,NULL,NULL,NULL,NULL,NULL
69,"Agostinho Fabiano Delatorre",82398360,Sim,2027-09-06,Não,Não,Não,Não,NULL,177,"Quaerat est laudantium repellendus tempore.",3,"Engenharia Mecânica",MEC,1,Manhã,1,"Campus Cedro",Não,Não,Não,Não,Não,Não,NULL,NULL,NULL,NULL,NULL,NULL,NULL,NULL,Não,3855,2025-03-10,21:00:00,2025-03-06,"2026-08-17 13:39:37","2026-08-17 13:39:37",-12592.65,Sim,Não,Presente,17B896677D44,NULL,NULL,196,2025-03-10,"Sanduíche de frango com suco",4,"Lanche da Noite",05:00:00,19:50:00,1,"Campus Cedro",1439,4,NULL,196,16.65,NULL,NULL,NULL,NULL,NULL,NULL
69,"Agostinho Fabiano Delatorre",82398360,Sim,2027-09-06,Não,Não,Não,Não,NULL,177,"Quaerat est laudantium repellendus tempore.",3,"Engenharia Mecânica",MEC,1,Manhã,1,"Campus Cedro",Não,Não,Não,Não,Não,Não,NULL,NULL,NULL,NULL,NULL,NULL,NULL,NULL,Não,3854,2025-02-25,19:42:00,2025-02-23,"2026-08-17 13:39:37","2026-08-17 13:39:37",-12905.95,Sim,Não,Presente,02E5D804617F,NULL,NULL,160,2025-02-25,"Canja de frango",4,"Lanche da Noite",05:00:00,19:50:00,1,"Campus Cedro",1438,5,NULL,160,17.66,NULL,NULL,NULL,NULL,NULL,NULL
69,"Agostinho Fabiano Delatorre",82398360,Sim,2027-09-06,Não,Não,Não,Não,NULL,177,"Quaerat est laudantium repellendus tempore.",3,"Engenharia Mecânica",MEC,1,Manhã,1,"Campus Cedro",Não,Não,Não,Não,Não,Não,NULL,NULL,NULL,NULL,NULL,NULL,NULL,NULL,Não,3853,2025-02-18,19:23:00,2025-02-17,"2026-08-17 13:39:37","2026-08-17 13:39:37",-13074.27,Não,Não,Ausente,0835A011C385,"Atividade acadêmica",NULL,140,2025-02-18,"Bolo de macaxeira com suco",4,"Lanche da Noite",05:00:00,19:50:00,1,"Campus Cedro",NULL,NULL,NULL,140,18.75,NULL,NULL,NULL,NULL,NULL,NULL
69,"Agostinho Fabiano Delatorre",82398360,Sim,2027-09-06,Não,Não,Não,Não,NULL,177,"Quaerat est laudantium repellendus tempore.",3,"Engenharia Mecânica",MEC,1,Manhã,1,"Campus Cedro",Não,Não,Não,Não,Não,Não,NULL,NULL,NULL,NULL,NULL,NULL,NULL,NULL,Não,3852,2025-01-31,21:13:00,2025-01-28,"2026-08-17 13:39:37","2026-08-17 13:39:37",-13504.43,Não,Não,Ausente,2F80A7D29004,"Ausência justificada pelo estudante",NULL,92,2025-01-31,"Sanduíche de frango com suco",4,"Lanche da Noite",05:00:00,19:50:00,1,"Campus Cedro",NULL,NULL,NULL,92,19.30,NULL,NULL,NULL,NULL,NULL,NULL
69,"Agostinho Fabiano Delatorre",82398360,Sim,2027-09-06,Não,Não,Não,Não,NULL,177,"Quaerat est laudantium repellendus tempore.",3,"Engenharia Mecânica",MEC,1,Manhã,1,"Campus Cedro",Não,Não,Não,Não,Não,Não,NULL,NULL,NULL,NULL,NULL,NULL,NULL,NULL,Não,3851,2025-01-28,15:45:00,2025-01-28,"2026-08-17 13:39:37","2026-08-17 13:39:37",-13581.90,Não,Sim,Cancelada,A38B74CCABC1,NULL,NULL,79,2025-01-28,"Canja de frango",3,"Lanche da Tarde",05:00:00,14:50:00,1,"Campus Cedro",NULL,NULL,NULL,79,9.10,NULL,NULL,NULL,NULL,NULL,NULL
69,"Agostinho Fabiano Delatorre",82398360,Sim,2027-09-06,Não,Não,Não,Não,NULL,177,"Quaerat est laudantium repellendus tempore.",3,"Engenharia Mecânica",MEC,1,Manhã,1,"Campus Cedro",Não,Não,Não,Não,Não,Não,NULL,NULL,NULL,NULL,NULL,NULL,NULL,NULL,Não,3850,2025-01-27,15:22:00,2025-01-23,"2026-08-17 13:39:37","2026-08-17 13:39:37",-13606.28,Sim,Não,Presente,00995218C754,NULL,NULL,75,2025-01-27,"Bolo de macaxeira com suco",3,"Lanche da Tarde",05:00:00,14:50:00,1,"Campus Cedro",NULL,NULL,NULL,75,12.41,NULL,NULL,NULL,NULL,NULL,NULL
819,"Agostinho Faro da Rosa",58484176,Sim,2028-01-20,Não,Não,Não,Sim,NULL,51,"Perferendis nostrum sit nobis similique.",2,"Engenharia de Elétrica",EE,3,Noite,1,"Campus Cedro",Não,Não,Não,Não,Não,Não,NULL,NULL,NULL,NULL,NULL,NULL,NULL,NULL,Não,45259,2026-06-23,11:48:00,2026-06-20,"2026-08-17 13:39:43","2026-08-17 13:39:43",-1321.85,Não,Não,Ausente,C2D1012CDF2F,"Problema de transporte",NULL,1538,2026-06-23,"Arroz, feijão, carne suína, legumes e salada",2,Almoço,05:00:00,11:20:00,1,"Campus Cedro",NULL,NULL,NULL,1538,107.74,NULL,NULL,NULL,NULL,NULL,NULL
819,"Agostinho Faro da Rosa",58484176,Sim,2028-01-20,Não,Não,Não,Sim,NULL,51,"Perferendis nostrum sit nobis similique.",2,"Engenharia de Elétrica",EE,3,Noite,1,"Campus Cedro",Não,Não,Não,Não,Não,Não,NULL,NULL,NULL,NULL,NULL,NULL,NULL,NULL,Não,45258,2026-06-09,14:00:00,2026-06-06,"2026-08-17 13:39:43","2026-08-17 13:39:43",-1655.65,Sim,Não,Presente,D54105A2F2CA,NULL,NULL,1499,2026-06-09,"Tapioca com queijo e suco",3,"Lanche da Tarde",05:00:00,14:50:00,1,"Campus Cedro",17028,5,NULL,1499,11.98,NULL,NULL,NULL,NULL,NULL,NULL
819,"Agostinho Faro da Rosa",58484176,Sim,2028-01-20,Não,Não,Não,Sim,NULL,51,"Perferendis nostrum sit nobis similique.",2,"Engenharia de Elétrica",EE,3,Noite,1,"Campus Cedro",Não,Não,Não,Não,Não,Não,NULL,NULL,NULL,NULL,NULL,NULL,NULL,NULL,Não,45257,2026-06-01,11:57:00,2026-06-01,"2026-08-17 13:39:43","2026-08-17 13:39:43",-1849.70,Sim,Não,Presente,77B92BCB3409,NULL,NULL,1474,2026-06-01,"Arroz, feijão, carne cozida com batatas e salada",2,Almoço,05:00:00,11:20:00,1,"Campus Cedro",17027,1,NULL,1474,117.30,NULL,NULL,NULL,NULL,NULL,NULL
819,"Agostinho Faro da Rosa",58484176,Sim,2028-01-20,Não,Não,Não,Sim,NULL,51,"Perferendis nostrum sit nobis similique.",2,"Engenharia de Elétrica",EE,3,Noite,1,"Campus Cedro",Não,Não,Não,Não,Não,Não,NULL,NULL,NULL,NULL,NULL,NULL,NULL,NULL,Não,45256,2026-05-07,14:20:00,2026-05-06,"2026-08-17 13:39:43","2026-08-17 13:39:43",-2447.32,Sim,Não,Presente,D18E6D88BF51,NULL,NULL,1407,2026-05-07,"Risoto cremoso",3,"Lanche da Tarde",05:00:00,14:50:00,1,"Campus Cedro",17026,4,NULL,1407,12.60,NULL,NULL,NULL,NULL,NULL,NULL
819,"Agostinho Faro da Rosa",58484176,Sim,2028-01-20,Não,Não,Não,Sim,NULL,51,"Perferendis nostrum sit nobis similique.",2,"Engenharia de Elétrica",EE,3,Noite,1,"Campus Cedro",Não,Não,Não,Não,Não,Não,NULL,NULL,NULL,NULL,NULL,NULL,NULL,NULL,Não,45255,2026-05-01,21:08:00,2026-04-29,"2026-08-17 13:39:43","2026-08-17 13:39:43",-2584.52,Sim,Não,Presente,E223A58E6537,NULL,NULL,1392,2026-05-01,"Risoto cremoso",4,"Lanche da Noite",05:00:00,19:50:00,1,"Campus Cedro",NULL,NULL,NULL,1392,20.68,NULL,NULL,NULL,NULL,NULL,NULL
819,"Agostinho Faro da Rosa",58484176,Sim,2028-01-20,Não,Não,Não,Sim,NULL,51,"Perferendis nostrum sit nobis similique.",2,"Engenharia de Elétrica",EE,3,Noite,1,"Campus Cedro",Não,Não,Não,Não,Não,Não,NULL,NULL,NULL,NULL,NULL,NULL,NULL,NULL,Não,45254,2026-04-21,15:50:00,2026-04-21,"2026-08-17 13:39:43","2026-08-17 13:39:43",-2829.82,Sim,Não,Presente,9068281D3B2E,NULL,NULL,1359,2026-04-21,"Bolo de chocolate com suco",3,"Lanche da Tarde",05:00:00,14:50:00,1,"Campus Cedro",17025,3,"Compromisso acadêmico",1359,9.99,NULL,NULL,NULL,NULL,NULL,NULL
819,"Agostinho Faro da Rosa",58484176,Sim,2028-01-20,Não,Não,Não,Sim,NULL,51,"Perferendis nostrum sit nobis similique.",2,"Engenharia de Elétrica",EE,3,Noite,1,"Campus Cedro",Não,Não,Não,Não,Não,Não,NULL,NULL,NULL,NULL,NULL,NULL,NULL,NULL,Não,45253,2026-04-20,16:27:00,2026-04-18,"2026-08-17 13:39:43","2026-08-17 13:39:43",-2853.20,Sim,Não,Presente,04E480C67111,NULL,NULL,1355,2026-04-20,"Tapioca de frango com suco",3,"Lanche da Tarde",05:00:00,14:50:00,1,"Campus Cedro",17024,5,NULL,1355,12.83,NULL,NULL,NULL,NULL,NULL,NULL
819,"Agostinho Faro da Rosa",58484176,Sim,2028-01-20,Não,Não,Não,Sim,NULL,51,"Perferendis nostrum sit nobis similique.",2,"Engenharia de Elétrica",EE,3,Noite,1,"Campus Cedro",Não,Não,Não,Não,Não,Não,NULL,NULL,NULL,NULL,NULL,NULL,NULL,NULL,Não,45252,2026-04-08,12:35:00,2026-04-07,"2026-08-17 13:39:43","2026-08-17 13:39:43",-3145.07,Sim,Não,Presente,1553CFCEC69F,NULL,NULL,1322,2026-04-08,"Arroz, feijão, frango ao molho, purê e legumes",2,Almoço,05:00:00,11:20:00,1,"Campus Cedro",17023,2,NULL,1322,98.57,NULL,NULL,NULL,NULL,NULL,NULL
819,"Agostinho Faro da Rosa",58484176,Sim,2028-01-20,Não,Não,Não,Sim,NULL,51,"Perferendis nostrum sit nobis similique.",2,"Engenharia de Elétrica",EE,3,Noite,1,"Campus Cedro",Não,Não,Não,Não,Não,Não,NULL,NULL,NULL,NULL,NULL,NULL,NULL,NULL,Não,45251,2026-04-07,07:25:00,2026-04-06,"2026-08-17 13:39:43","2026-08-17 13:39:43",-3174.23,Não,Sim,Cancelada,B8C1302B42F8,NULL,NULL,1317,2026-04-07,"Canja de frango",1,"Lanche da Manhã",05:00:00,08:00:00,1,"Campus Cedro",NULL,NULL,NULL,1317,10.15,NULL,NULL,NULL,NULL,NULL,NULL
819,"Agostinho Faro da Rosa",58484176,Sim,2028-01-20,Não,Não,Não,Sim,NULL,51,"Perferendis nostrum sit nobis similique.",2,"Engenharia de Elétrica",EE,3,Noite,1,"Campus Cedro",Não,Não,Não,Não,Não,Não,NULL,NULL,NULL,NULL,NULL,NULL,NULL,NULL,Não,45250,2026-03-17,07:15:00,2026-03-15,"2026-08-17 13:39:43","2026-08-17 13:39:43",-3678.40,Sim,Não,Presente,7A07B1F3C269,NULL,NULL,1257,2026-03-17,"Pão com ovo e suco de frutas",1,"Lanche da Manhã",05:00:00,08:00:00,1,"Campus Cedro",NULL,NULL,NULL,1257,9.36,NULL,NULL,NULL,NULL,NULL,NULL
819,"Agostinho Faro da Rosa",58484176,Sim,2028-01-20,Não,Não,Não,Sim,NULL,51,"Perferendis nostrum sit nobis similique.",2,"Engenharia de Elétrica",EE,3,Noite,1,"Campus Cedro",Não,Não,Não,Não,Não,Não,NULL,NULL,NULL,NULL,NULL,NULL,NULL,NULL,Não,45249,2026-03-03,07:29:00,2026-02-26,"2026-08-17 13:39:43","2026-08-17 13:39:43",-4014.17,Sim,Não,Presente,E73C99A83B30,NULL,NULL,1217,2026-03-03,"Risoto cremoso",1,"Lanche da Manhã",05:00:00,08:00:00,1,"Campus Cedro",17022,5,NULL,1217,9.70,NULL,NULL,NULL,NULL,NULL,NULL
819,"Agostinho Faro da Rosa",58484176,Sim,2028-01-20,Não,Não,Não,Sim,NULL,51,"Perferendis nostrum sit nobis similique.",2,"Engenharia de Elétrica",EE,3,Noite,1,"Campus Cedro",Não,Não,Não,Não,Não,Não,NULL,NULL,NULL,NULL,NULL,NULL,NULL,NULL,Não,45248,2026-02-16,08:42:00,2026-02-14,"2026-08-17 13:39:43","2026-08-17 13:39:43",-4372.95,Sim,Não,Presente,71C0F90272F1,NULL,NULL,1173,2026-02-16,"Pão com frango desfiado e suco",1,"Lanche da Manhã",05:00:00,08:00:00,1,"Campus Cedro",17021,4,NULL,1173,7.31,NULL,NULL,NULL,NULL,NULL,NULL
819,"Agostinho Faro da Rosa",58484176,Sim,2028-01-20,Não,Não,Não,Sim,NULL,51,"Perferendis nostrum sit nobis similique.",2,"Engenharia de Elétrica",EE,3,Noite,1,"Campus Cedro",Não,Não,Não,Não,Não,Não,NULL,NULL,NULL,NULL,NULL,NULL,NULL,NULL,Não,45247,2026-02-12,20:51:00,2026-02-12,"2026-08-17 13:39:43","2026-08-17 13:39:43",-4456.80,Sim,Não,Presente,805B049AF5C0,NULL,NULL,1168,2026-02-12,"Canja de frango",4,"Lanche da Noite",05:00:00,19:50:00,1,"Campus Cedro",NULL,NULL,NULL,1168,18.65,NULL,NULL,NULL,NULL,NULL,NULL
819,"Agostinho Faro da Rosa",58484176,Sim,2028-01-20,Não,Não,Não,Sim,NULL,51,"Perferendis nostrum sit nobis similique.",2,"Engenharia de Elétrica",EE,3,Noite,1,"Campus Cedro",Não,Não,Não,Não,Não,Não,NULL,NULL,NULL,NULL,NULL,NULL,NULL,NULL,Não,45246,2026-01-23,16:53:00,2026-01-20,"2026-08-17 13:39:43","2026-08-17 13:39:43",-4940.77,Sim,Não,Presente,82FD901DF9E0,NULL,NULL,1111,2026-01-23,"Pão com frango desfiado e suco",3,"Lanche da Tarde",05:00:00,14:50:00,1,"Campus Cedro",17020,4,"Problema de saúde",1111,14.64,NULL,NULL,NULL,NULL,NULL,NULL
819,"Agostinho Faro da Rosa",58484176,Sim,2028-01-20,Não,Não,Não,Sim,NULL,51,"Perferendis nostrum sit nobis similique.",2,"Engenharia de Elétrica",EE,3,Noite,1,"Campus Cedro",Não,Não,Não,Não,Não,Não,NULL,NULL,NULL,NULL,NULL,NULL,NULL,NULL,Não,45245,2026-01-14,19:05:00,2026-01-10,"2026-08-17 13:39:43","2026-08-17 13:39:43",-5154.57,Sim,Não,Presente,4A8C462CF822,NULL,NULL,1084,2026-01-14,"Cuscuz com carne moída",4,"Lanche da Noite",05:00:00,19:50:00,1,"Campus Cedro",17019,3,NULL,1084,20.17,NULL,NULL,NULL,NULL,NULL,NULL
819,"Agostinho Faro da Rosa",58484176,Sim,2028-01-20,Não,Não,Não,Sim,NULL,51,"Perferendis nostrum sit nobis similique.",2,"Engenharia de Elétrica",EE,3,Noite,1,"Campus Cedro",Não,Não,Não,Não,Não,Não,NULL,NULL,NULL,NULL,NULL,NULL,NULL,NULL,Não,45244,2025-12-17,16:47:00,2025-12-12,"2026-08-17 13:39:43","2026-08-17 13:39:43",-5828.87,Sim,Não,Presente,4BECD2BB6168,NULL,NULL,1003,2025-12-17,"Bolo de milho com suco de manga",3,"Lanche da Tarde",05:00:00,14:50:00,1,"Campus Cedro",17018,4,"Imprevisto pessoal",1003,11.73,NULL,NULL,NULL,NULL,NULL,NULL
819,"Agostinho Faro da Rosa",58484176,Sim,2028-01-20,Não,Não,Não,Sim,NULL,51,"Perferendis nostrum sit nobis similique.",2,"Engenharia de Elétrica",EE,3,Noite,1,"Campus Cedro",Não,Não,Não,Não,Não,Não,NULL,NULL,NULL,NULL,NULL,NULL,NULL,NULL,Não,45243,2025-11-13,16:02:00,2025-11-11,"2026-08-17 13:39:43","2026-08-17 13:39:43",-6645.62,Sim,Não,Presente,F110E34E97AA,NULL,NULL,907,2025-11-13,"Pão com frango desfiado e suco",3,"Lanche da Tarde",05:00:00,14:50:00,1,"Campus Cedro",NULL,NULL,NULL,907,13.24,NULL,NULL,NULL,NULL,NULL,NULL
819,"Agostinho Faro da Rosa",58484176,Sim,2028-01-20,Não,Não,Não,Sim,NULL,51,"Perferendis nostrum sit nobis similique.",2,"Engenharia de Elétrica",EE,3,Noite,1,"Campus Cedro",Não,Não,Não,Não,Não,Não,NULL,NULL,NULL,NULL,NULL,NULL,NULL,NULL,Não,45242,2025-10-21,15:45:00,2025-10-17,"2026-08-17 13:39:43","2026-08-17 13:39:43",-7197.90,Não,Não,Ausente,F271E7BF8108,"Compromisso acadêmico",NULL,839,2025-10-21,"Cuscuz de frango com suco de goiaba",3,"Lanche da Tarde",05:00:00,14:50:00,1,"Campus Cedro",NULL,NULL,NULL,839,14.12,NULL,NULL,NULL,NULL,NULL,NULL
819,"Agostinho Faro da Rosa",58484176,Sim,2028-01-20,Não,Não,Não,Sim,NULL,51,"Perferendis nostrum sit nobis similique.",2,"Engenharia de Elétrica",EE,3,Noite,1,"Campus Cedro",Não,Não,Não,Não,Não,Não,NULL,NULL,NULL,NULL,NULL,NULL,NULL,NULL,Não,45241,2025-10-17,07:42:00,2025-10-12,"2026-08-17 13:39:43","2026-08-17 13:39:43",-7301.95,Sim,Não,Presente,8BEA0EA9C16A,NULL,NULL,829,2025-10-17,"Bolo de macaxeira com café",1,"Lanche da Manhã",05:00:00,08:00:00,1,"Campus Cedro",17017,5,NULL,829,8.88,NULL,NULL,NULL,NULL,NULL,NULL
819,"Agostinho Faro da Rosa",58484176,Sim,2028-01-20,Não,Não,Não,Sim,NULL,51,"Perferendis nostrum sit nobis similique.",2,"Engenharia de Elétrica",EE,3,Noite,1,"Campus Cedro",Não,Não,Não,Não,Não,Não,NULL,NULL,NULL,NULL,NULL,NULL,NULL,NULL,Não,45240,2025-10-15,11:48:00,2025-10-15,"2026-08-17 13:39:43","2026-08-17 13:39:43",-7345.85,Sim,Não,Presente,6049059D9F55,NULL,NULL,822,2025-10-15,"Arroz, feijão, frango com legumes, macarrão e salada",2,Almoço,05:00:00,11:20:00,1,"Campus Cedro",NULL,NULL,NULL,822,92.39,NULL,NULL,NULL,NULL,NULL,NULL
819,"Agostinho Faro da Rosa",58484176,Sim,2028-01-20,Não,Não,Não,Sim,NULL,51,"Perferendis nostrum sit nobis similique.",2,"Engenharia de Elétrica",EE,3,Noite,1,"Campus Cedro",Não,Não,Não,Não,Não,Não,NULL,NULL,NULL,NULL,NULL,NULL,NULL,NULL,Não,45239,2025-10-09,08:30:00,2025-10-06,"2026-08-17 13:39:43","2026-08-17 13:39:43",-7493.15,Sim,Não,Presente,879DCADFC9CE,NULL,NULL,805,2025-10-09,"Sanduíche de frango com suco",1,"Lanche da Manhã",05:00:00,08:00:00,1,"Campus Cedro",17016,5,NULL,805,8.57,NULL,NULL,NULL,NULL,NULL,NULL
819,"Agostinho Faro da Rosa",58484176,Sim,2028-01-20,Não,Não,Não,Sim,NULL,51,"Perferendis nostrum sit nobis similique.",2,"Engenharia de Elétrica",EE,3,Noite,1,"Campus Cedro",Não,Não,Não,Não,Não,Não,NULL,NULL,NULL,NULL,NULL,NULL,NULL,NULL,Não,45238,2025-09-25,19:10:00,2025-09-21,"2026-08-17 13:39:43","2026-08-17 13:39:43",-7818.48,Sim,Não,Presente,BF640E18EC5B,NULL,NULL,768,2025-09-25,"Canja de frango",4,"Lanche da Noite",05:00:00,19:50:00,1,"Campus Cedro",NULL,NULL,NULL,768,22.47,NULL,NULL,NULL,NULL,NULL,NULL
819,"Agostinho Faro da Rosa",58484176,Sim,2028-01-20,Não,Não,Não,Sim,NULL,51,"Perferendis nostrum sit nobis similique.",2,"Engenharia de Elétrica",EE,3,Noite,1,"Campus Cedro",Não,Não,Não,Não,Não,Não,NULL,NULL,NULL,NULL,NULL,NULL,NULL,NULL,Não,45237,2025-09-23,15:14:00,2025-09-19,"2026-08-17 13:39:43","2026-08-17 13:39:43",-7870.42,Sim,Não,Presente,9BC2A4D9B172,NULL,NULL,759,2025-09-23,"Sanduíche de frango com suco",3,"Lanche da Tarde",05:00:00,14:50:00,1,"Campus Cedro",NULL,NULL,NULL,759,12.82,NULL,NULL,NULL,NULL,NULL,NULL
819,"Agostinho Faro da Rosa",58484176,Sim,2028-01-20,Não,Não,Não,Sim,NULL,51,"Perferendis nostrum sit nobis similique.",2,"Engenharia de Elétrica",EE,3,Noite,1,"Campus Cedro",Não,Não,Não,Não,Não,Não,NULL,NULL,NULL,NULL,NULL,NULL,NULL,NULL,Não,45236,2025-08-22,19:30:00,2025-08-20,"2026-08-17 13:39:43","2026-08-17 13:39:43",-8634.15,Sim,Não,Presente,A75292268EE8,NULL,NULL,672,2025-08-22,"Bolo de milho com suco",4,"Lanche da Noite",05:00:00,19:50:00,1,"Campus Cedro",NULL,NULL,NULL,672,19.35,NULL,NULL,NULL,NULL,NULL,NULL
819,"Agostinho Faro da Rosa",58484176,Sim,2028-01-20,Não,Não,Não,Sim,NULL,51,"Perferendis nostrum sit nobis similique.",2,"Engenharia de Elétrica",EE,3,Noite,1,"Campus Cedro",Não,Não,Não,Não,Não,Não,NULL,NULL,NULL,NULL,NULL,NULL,NULL,NULL,Não,45235,2025-08-11,12:36:00,2025-08-06,"2026-08-17 13:39:43","2026-08-17 13:39:43",-8905.05,Sim,Não,Presente,38F5DECFABDA,NULL,NULL,634,2025-08-11,"Arroz, feijão, peixe ao molho, legumes e salada",2,Almoço,05:00:00,11:20:00,1,"Campus Cedro",NULL,NULL,NULL,634,124.37,NULL,NULL,NULL,NULL,NULL,NULL
819,"Agostinho Faro da Rosa",58484176,Sim,2028-01-20,Não,Não,Não,Sim,NULL,51,"Perferendis nostrum sit nobis similique.",2,"Engenharia de Elétrica",EE,3,Noite,1,"Campus Cedro",Não,Não,Não,Não,Não,Não,NULL,NULL,NULL,NULL,NULL,NULL,NULL,NULL,Não,45234,2025-07-24,07:29:00,2025-07-19,"2026-08-17 13:39:43","2026-08-17 13:39:43",-9342.17,Sim,Não,Presente,8DEA28BBB9F8,NULL,NULL,585,2025-07-24,"Pão com ovo e suco de frutas",1,"Lanche da Manhã",05:00:00,08:00:00,1,"Campus Cedro",17015,4,NULL,585,8.40,NULL,NULL,NULL,NULL,NULL,NULL
819,"Agostinho Faro da Rosa",58484176,Sim,2028-01-20,Não,Não,Não,Sim,NULL,51,"Perferendis nostrum sit nobis similique.",2,"Engenharia de Elétrica",EE,3,Noite,1,"Campus Cedro",Não,Não,Não,Não,Não,Não,NULL,NULL,NULL,NULL,NULL,NULL,NULL,NULL,Não,45233,2025-07-10,19:07:00,2025-07-06,"2026-08-17 13:39:43","2026-08-17 13:39:43",-9666.53,Não,Não,Ausente,D3A4B09C3AB5,"Problema de saúde",NULL,548,2025-07-10,"Bolo de macaxeira com suco",4,"Lanche da Noite",05:00:00,19:50:00,1,"Campus Cedro",NULL,NULL,NULL,548,17.09,NULL,NULL,NULL,NULL,NULL,NULL
819,"Agostinho Faro da Rosa",58484176,Sim,2028-01-20,Não,Não,Não,Sim,NULL,51,"Perferendis nostrum sit nobis similique.",2,"Engenharia de Elétrica",EE,3,Noite,1,"Campus Cedro",Não,Não,Não,Não,Não,Não,NULL,NULL,NULL,NULL,NULL,NULL,NULL,NULL,Não,45232,2025-07-07,14:40:00,2025-07-03,"2026-08-17 13:39:43","2026-08-17 13:39:43",-9742.98,Sim,Não,Presente,F4EDD35C56CB,NULL,NULL,535,2025-07-07,"Pão com frango desfiado e suco",3,"Lanche da Tarde",05:00:00,14:50:00,1,"Campus Cedro",17014,3,"Compromisso acadêmico",535,11.69,NULL,NULL,NULL,NULL,NULL,NULL
819,"Agostinho Faro da Rosa",58484176,Sim,2028-01-20,Não,Não,Não,Sim,NULL,51,"Perferendis nostrum sit nobis similique.",2,"Engenharia de Elétrica",EE,3,Noite,1,"Campus Cedro",Não,Não,Não,Não,Não,Não,NULL,NULL,NULL,NULL,NULL,NULL,NULL,NULL,Não,45231,2025-07-02,15:08:00,2025-06-27,"2026-08-17 13:39:43","2026-08-17 13:39:43",-9862.52,Sim,Não,Presente,4448C1FDF55B,NULL,NULL,523,2025-07-02,"Bolo de macaxeira com suco",3,"Lanche da Tarde",05:00:00,14:50:00,1,"Campus Cedro",NULL,NULL,NULL,523,12.05,NULL,NULL,NULL,NULL,NULL,NULL
819,"Agostinho Faro da Rosa",58484176,Sim,2028-01-20,Não,Não,Não,Sim,NULL,51,"Perferendis nostrum sit nobis similique.",2,"Engenharia de Elétrica",EE,3,Noite,1,"Campus Cedro",Não,Não,Não,Não,Não,Não,NULL,NULL,NULL,NULL,NULL,NULL,NULL,NULL,Não,45230,2025-06-18,11:48:00,2025-06-14,"2026-08-17 13:39:43","2026-08-17 13:39:43",-10201.85,Sim,Não,Presente,D4E12CA1FD74,NULL,NULL,482,2025-06-18,"Arroz, feijão, carne de panela, purê e salada",2,Almoço,05:00:00,11:20:00,1,"Campus Cedro",NULL,NULL,NULL,482,110.72,NULL,NULL,NULL,NULL,NULL,NULL
819,"Agostinho Faro da Rosa",58484176,Sim,2028-01-20,Não,Não,Não,Sim,NULL,51,"Perferendis nostrum sit nobis similique.",2,"Engenharia de Elétrica",EE,3,Noite,1,"Campus Cedro",Não,Não,Não,Não,Não,Não,NULL,NULL,NULL,NULL,NULL,NULL,NULL,NULL,Não,45229,2025-06-10,15:44:00,2025-06-08,"2026-08-17 13:39:43","2026-08-17 13:39:43",-10389.92,Sim,Não,Presente,B9A52EFFA372,NULL,NULL,459,2025-06-10,"Pão com frango desfiado e suco",3,"Lanche da Tarde",05:00:00,14:50:00,1,"Campus Cedro",NULL,NULL,NULL,459,15.00,NULL,NULL,NULL,NULL,NULL,NULL
819,"Agostinho Faro da Rosa",58484176,Sim,2028-01-20,Não,Não,Não,Sim,NULL,51,"Perferendis nostrum sit nobis similique.",2,"Engenharia de Elétrica",EE,3,Noite,1,"Campus Cedro",Não,Não,Não,Não,Não,Não,NULL,NULL,NULL,NULL,NULL,NULL,NULL,NULL,Não,45228,2025-06-05,14:15:00,2025-06-01,"2026-08-17 13:39:43","2026-08-17 13:39:43",-10511.40,Não,Sim,Cancelada,D41D7AD91454,NULL,NULL,447,2025-06-05,"Bolo de macaxeira com suco",3,"Lanche da Tarde",05:00:00,14:50:00,1,"Campus Cedro",NULL,NULL,NULL,447,13.25,NULL,NULL,NULL,NULL,NULL,NULL
819,"Agostinho Faro da Rosa",58484176,Sim,2028-01-20,Não,Não,Não,Sim,NULL,51,"Perferendis nostrum sit nobis similique.",2,"Engenharia de Elétrica",EE,3,Noite,1,"Campus Cedro",Não,Não,Não,Não,Não,Não,NULL,NULL,NULL,NULL,NULL,NULL,NULL,NULL,Não,45227,2025-05-22,08:50:00,2025-05-18,"2026-08-17 13:39:43","2026-08-17 13:39:43",-10852.82,Sim,Não,Presente,92F3A619EA34,NULL,NULL,405,2025-05-22,"Bolo de milho com suco de goiaba",1,"Lanche da Manhã",05:00:00,08:00:00,1,"Campus Cedro",NULL,NULL,NULL,405,8.57,NULL,NULL,NULL,NULL,NULL,NULL
819,"Agostinho Faro da Rosa",58484176,Sim,2028-01-20,Não,Não,Não,Sim,NULL,51,"Perferendis nostrum sit nobis similique.",2,"Engenharia de Elétrica",EE,3,Noite,1,"Campus Cedro",Não,Não,Não,Não,Não,Não,NULL,NULL,NULL,NULL,NULL,NULL,NULL,NULL,Não,45226,2025-05-15,11:37:00,2025-05-10,"2026-08-17 13:39:43","2026-08-17 13:39:43",-11018.03,Sim,Não,Presente,47C49D7C7878,NULL,NULL,386,2025-05-15,"Arroz, feijão, peixe assado, pirão e salada",2,Almoço,05:00:00,11:20:00,1,"Campus Cedro",NULL,NULL,NULL,386,112.39,NULL,NULL,NULL,NULL,NULL,NULL
819,"Agostinho Faro da Rosa",58484176,Sim,2028-01-20,Não,Não,Não,Sim,NULL,51,"Perferendis nostrum sit nobis similique.",2,"Engenharia de Elétrica",EE,3,Noite,1,"Campus Cedro",Não,Não,Não,Não,Não,Não,NULL,NULL,NULL,NULL,NULL,NULL,NULL,NULL,Não,45225,2025-05-14,12:20:00,2025-05-09,"2026-08-17 13:39:43","2026-08-17 13:39:43",-11041.32,Sim,Não,Presente,12BB7401DDB2,NULL,NULL,382,2025-05-14,"Arroz, feijão, carne cozida com batatas e salada",2,Almoço,05:00:00,11:20:00,1,"Campus Cedro",NULL,NULL,NULL,382,81.38,NULL,NULL,NULL,NULL,NULL,NULL
819,"Agostinho Faro da Rosa",58484176,Sim,2028-01-20,Não,Não,Não,Sim,NULL,51,"Perferendis nostrum sit nobis similique.",2,"Engenharia de Elétrica",EE,3,Noite,1,"Campus Cedro",Não,Não,Não,Não,Não,Não,NULL,NULL,NULL,NULL,NULL,NULL,NULL,NULL,Não,45224,2025-05-12,19:15:00,2025-05-08,"2026-08-17 13:39:43","2026-08-17 13:39:43",-11082.40,Sim,Não,Presente,2C9C70B0968B,NULL,NULL,376,2025-05-12,"Pão com frango desfiado e suco",4,"Lanche da Noite",05:00:00,19:50:00,1,"Campus Cedro",17013,3,NULL,376,20.51,NULL,NULL,NULL,NULL,NULL,NULL
819,"Agostinho Faro da Rosa",58484176,Sim,2028-01-20,Não,Não,Não,Sim,NULL,51,"Perferendis nostrum sit nobis similique.",2,"Engenharia de Elétrica",EE,3,Noite,1,"Campus Cedro",Não,Não,Não,Não,Não,Não,NULL,NULL,NULL,NULL,NULL,NULL,NULL,NULL,Não,45223,2025-05-06,12:33:00,2025-05-06,"2026-08-17 13:39:43","2026-08-17 13:39:43",-11233.10,Não,Não,Ausente,FD3C95C02B99,"Atividade acadêmica",NULL,358,2025-05-06,"Arroz, feijão, carne cozida, macarrão e salada",2,Almoço,05:00:00,11:20:00,1,"Campus Cedro",NULL,NULL,NULL,358,93.75,NULL,NULL,NULL,NULL,NULL,NULL
819,"Agostinho Faro da Rosa",58484176,Sim,2028-01-20,Não,Não,Não,Sim,NULL,51,"Perferendis nostrum sit nobis similique.",2,"Engenharia de Elétrica",EE,3,Noite,1,"Campus Cedro",Não,Não,Não,Não,Não,Não,NULL,NULL,NULL,NULL,NULL,NULL,NULL,NULL,Não,45222,2025-04-29,11:31:00,2025-04-27,"2026-08-17 13:39:43","2026-08-17 13:39:43",-11402.13,Sim,Não,Presente,FD590D4B82A4,NULL,NULL,338,2025-04-29,"Arroz, feijão, carne de panela, purê e salada",2,Almoço,05:00:00,11:20:00,1,"Campus Cedro",17012,4,NULL,338,106.94,NULL,NULL,NULL,NULL,NULL,NULL
819,"Agostinho Faro da Rosa",58484176,Sim,2028-01-20,Não,Não,Não,Sim,NULL,51,"Perferendis nostrum sit nobis similique.",2,"Engenharia de Elétrica",EE,3,Noite,1,"Campus Cedro",Não,Não,Não,Não,Não,Não,NULL,NULL,NULL,NULL,NULL,NULL,NULL,NULL,Não,45221,2025-04-25,07:18:00,2025-04-20,"2026-08-17 13:39:43","2026-08-17 13:39:43",-11502.35,Não,Não,Ausente,254CF8CB90A6,"Compromisso acadêmico",NULL,329,2025-04-25,"Tapioca com queijo e suco",1,"Lanche da Manhã",05:00:00,08:00:00,1,"Campus Cedro",NULL,NULL,NULL,329,9.22,NULL,NULL,NULL,NULL,NULL,NULL
819,"Agostinho Faro da Rosa",58484176,Sim,2028-01-20,Não,Não,Não,Sim,NULL,51,"Perferendis nostrum sit nobis similique.",2,"Engenharia de Elétrica",EE,3,Noite,1,"Campus Cedro",Não,Não,Não,Não,Não,Não,NULL,NULL,NULL,NULL,NULL,NULL,NULL,NULL,Não,45220,2025-04-24,11:14:00,2025-04-23,"2026-08-17 13:39:43","2026-08-17 13:39:43",-11522.42,Sim,Não,Presente,9862D7A723D1,NULL,NULL,326,2025-04-24,"Arroz, feijão, carne cozida com batatas e salada",2,Almoço,05:00:00,11:20:00,1,"Campus Cedro",NULL,NULL,NULL,326,92.08,NULL,NULL,NULL,NULL,NULL,NULL
819,"Agostinho Faro da Rosa",58484176,Sim,2028-01-20,Não,Não,Não,Sim,NULL,51,"Perferendis nostrum sit nobis similique.",2,"Engenharia de Elétrica",EE,3,Noite,1,"Campus Cedro",Não,Não,Não,Não,Não,Não,NULL,NULL,NULL,NULL,NULL,NULL,NULL,NULL,Não,45219,2025-04-18,11:51:00,2025-04-14,"2026-08-17 13:39:43","2026-08-17 13:39:43",-11665.80,Sim,Não,Presente,FAAFA5FB73B8,NULL,NULL,310,2025-04-18,"Arroz, feijão, frango assado, farofa e salada",2,Almoço,05:00:00,11:20:00,1,"Campus Cedro",NULL,NULL,NULL,310,131.44,NULL,NULL,NULL,NULL,NULL,NULL
819,"Agostinho Faro da Rosa",58484176,Sim,2028-01-20,Não,Não,Não,Sim,NULL,51,"Perferendis nostrum sit nobis similique.",2,"Engenharia de Elétrica",EE,3,Noite,1,"Campus Cedro",Não,Não,Não,Não,Não,Não,NULL,NULL,NULL,NULL,NULL,NULL,NULL,NULL,Não,45218,2025-04-08,07:30:00,2025-04-07,"2026-08-17 13:39:43","2026-08-17 13:39:43",-11910.15,Sim,Não,Presente,5EA177B93C41,NULL,NULL,277,2025-04-08,"Bolo de milho com suco de goiaba",1,"Lanche da Manhã",05:00:00,08:00:00,1,"Campus Cedro",17011,5,NULL,277,7.17,NULL,NULL,NULL,NULL,NULL,NULL
819,"Agostinho Faro da Rosa",58484176,Sim,2028-01-20,Não,Não,Não,Sim,NULL,51,"Perferendis nostrum sit nobis similique.",2,"Engenharia de Elétrica",EE,3,Noite,1,"Campus Cedro",Não,Não,Não,Não,Não,Não,NULL,NULL,NULL,NULL,NULL,NULL,NULL,NULL,Não,45217,2025-04-07,12:44:00,2025-04-04,"2026-08-17 13:39:43","2026-08-17 13:39:43",-11928.92,Sim,Não,Presente,5BD6D4328BD2,NULL,NULL,274,2025-04-07,"Arroz, feijão, peixe assado, pirão e salada",2,Almoço,05:00:00,11:20:00,1,"Campus Cedro",NULL,NULL,NULL,274,109.76,NULL,NULL,NULL,NULL,NULL,NULL
819,"Agostinho Faro da Rosa",58484176,Sim,2028-01-20,Não,Não,Não,Sim,NULL,51,"Perferendis nostrum sit nobis similique.",2,"Engenharia de Elétrica",EE,3,Noite,1,"Campus Cedro",Não,Não,Não,Não,Não,Não,NULL,NULL,NULL,NULL,NULL,NULL,NULL,NULL,Não,45215,2025-03-19,08:30:00,2025-03-15,"2026-08-17 13:39:43","2026-08-17 13:39:43",-12389.15,Sim,Não,Presente,C082EC6EDFDF,NULL,NULL,221,2025-03-19,"Tapioca com frango e suco",1,"Lanche da Manhã",05:00:00,08:00:00,1,"Campus Cedro",NULL,NULL,NULL,221,9.43,NULL,NULL,NULL,NULL,NULL,NULL
819,"Agostinho Faro da Rosa",58484176,Sim,2028-01-20,Não,Não,Não,Sim,NULL,51,"Perferendis nostrum sit nobis similique.",2,"Engenharia de Elétrica",EE,3,Noite,1,"Campus Cedro",Não,Não,Não,Não,Não,Não,NULL,NULL,NULL,NULL,NULL,NULL,NULL,NULL,Não,45216,2025-03-19,19:00:00,2025-03-15,"2026-08-17 13:39:43","2026-08-17 13:39:43",-12378.65,Sim,Não,Presente,B4A21DF94898,NULL,NULL,224,2025-03-19,"Cuscuz com queijo e suco",4,"Lanche da Noite",05:00:00,19:50:00,1,"Campus Cedro",NULL,NULL,NULL,224,18.76,NULL,NULL,NULL,NULL,NULL,NULL
819,"Agostinho Faro da Rosa",58484176,Sim,2028-01-20,Não,Não,Não,Sim,NULL,51,"Perferendis nostrum sit nobis similique.",2,"Engenharia de Elétrica",EE,3,Noite,1,"Campus Cedro",Não,Não,Não,Não,Não,Não,NULL,NULL,NULL,NULL,NULL,NULL,NULL,NULL,Não,45214,2025-03-11,07:38:00,2025-03-08,"2026-08-17 13:39:43","2026-08-17 13:39:43",-12582.02,Não,Não,Ausente,1F0DF2FE8260,"Problema de saúde",NULL,197,2025-03-11,"Bolo de macaxeira com café",1,"Lanche da Manhã",05:00:00,08:00:00,1,"Campus Cedro",NULL,NULL,NULL,197,7.25,NULL,NULL,NULL,NULL,NULL,NULL
819,"Agostinho Faro da Rosa",58484176,Sim,2028-01-20,Não,Não,Não,Sim,NULL,51,"Perferendis nostrum sit nobis similique.",2,"Engenharia de Elétrica",EE,3,Noite,1,"Campus Cedro",Não,Não,Não,Não,Não,Não,NULL,NULL,NULL,NULL,NULL,NULL,NULL,NULL,Não,45213,2025-03-03,11:54:00,2025-02-26,"2026-08-17 13:39:43","2026-08-17 13:39:43",-12769.75,Sim,Não,Presente,A697078B9A9A,NULL,NULL,174,2025-03-03,"Arroz, feijão, almôndegas, macarrão e salada",2,Almoço,05:00:00,11:20:00,1,"Campus Cedro",17010,5,NULL,174,113.35,NULL,NULL,NULL,NULL,NULL,NULL
819,"Agostinho Faro da Rosa",58484176,Sim,2028-01-20,Não,Não,Não,Sim,NULL,51,"Perferendis nostrum sit nobis similique.",2,"Engenharia de Elétrica",EE,3,Noite,1,"Campus Cedro",Não,Não,Não,Não,Não,Não,NULL,NULL,NULL,NULL,NULL,NULL,NULL,NULL,Não,45212,2025-02-28,19:15:00,2025-02-23,"2026-08-17 13:39:43","2026-08-17 13:39:43",-12834.40,Não,Não,Ausente,2DE9709313B1,"Imprevisto pessoal",NULL,172,2025-02-28,"Pão com frango desfiado e suco",4,"Lanche da Noite",05:00:00,19:50:00,1,"Campus Cedro",NULL,NULL,NULL,172,19.06,NULL,NULL,NULL,NULL,NULL,NULL
819,"Agostinho Faro da Rosa",58484176,Sim,2028-01-20,Não,Não,Não,Sim,NULL,51,"Perferendis nostrum sit nobis similique.",2,"Engenharia de Elétrica",EE,3,Noite,1,"Campus Cedro",Não,Não,Não,Não,Não,Não,NULL,NULL,NULL,NULL,NULL,NULL,NULL,NULL,Não,45211,2025-02-25,16:00:00,2025-02-20,"2026-08-17 13:39:43","2026-08-17 13:39:43",-12909.65,Sim,Não,Presente,F23BE6F061AD,NULL,NULL,159,2025-02-25,"Sanduíche de frango com suco",3,"Lanche da Tarde",05:00:00,14:50:00,1,"Campus Cedro",17009,4,NULL,159,14.43,NULL,NULL,NULL,NULL,NULL,NULL
819,"Agostinho Faro da Rosa",58484176,Sim,2028-01-20,Não,Não,Não,Sim,NULL,51,"Perferendis nostrum sit nobis similique.",2,"Engenharia de Elétrica",EE,3,Noite,1,"Campus Cedro",Não,Não,Não,Não,Não,Não,NULL,NULL,NULL,NULL,NULL,NULL,NULL,NULL,Não,45210,2025-02-21,11:20:00,2025-02-20,"2026-08-17 13:39:43","2026-08-17 13:39:43",-13010.32,Sim,Não,Presente,37E0A23421C2,NULL,NULL,150,2025-02-21,"Arroz, feijão, carne suína, legumes e salada",2,Almoço,05:00:00,11:20:00,1,"Campus Cedro",NULL,NULL,NULL,150,141.99,NULL,NULL,NULL,NULL,NULL,NULL
819,"Agostinho Faro da Rosa",58484176,Sim,2028-01-20,Não,Não,Não,Sim,NULL,51,"Perferendis nostrum sit nobis similique.",2,"Engenharia de Elétrica",EE,3,Noite,1,"Campus Cedro",Não,Não,Não,Não,Não,Não,NULL,NULL,NULL,NULL,NULL,NULL,NULL,NULL,Não,45209,2025-02-13,16:12:00,2025-02-09,"2026-08-17 13:39:43","2026-08-17 13:39:43",-13197.45,Sim,Não,Presente,7C63C2F8F785,NULL,NULL,127,2025-02-13,"Bolo de macaxeira com suco",3,"Lanche da Tarde",05:00:00,14:50:00,1,"Campus Cedro",17008,5,"Atividade acadêmica",127,9.89,NULL,NULL,NULL,NULL,NULL,NULL
819,"Agostinho Faro da Rosa",58484176,Sim,2028-01-20,Não,Não,Não,Sim,NULL,51,"Perferendis nostrum sit nobis similique.",2,"Engenharia de Elétrica",EE,3,Noite,1,"Campus Cedro",Não,Não,Não,Não,Não,Não,NULL,NULL,NULL,NULL,NULL,NULL,NULL,NULL,Não,45208,2025-02-11,11:50:00,2025-02-09,"2026-08-17 13:39:43","2026-08-17 13:39:43",-13249.82,Sim,Não,Presente,FB6311B4B352,NULL,NULL,118,2025-02-11,"Arroz, feijão, frango assado, macarrão e salada",2,Almoço,05:00:00,11:20:00,1,"Campus Cedro",NULL,NULL,NULL,118,106.45,NULL,NULL,NULL,NULL,NULL,NULL
819,"Agostinho Faro da Rosa",58484176,Sim,2028-01-20,Não,Não,Não,Sim,NULL,51,"Perferendis nostrum sit nobis similique.",2,"Engenharia de Elétrica",EE,3,Noite,1,"Campus Cedro",Não,Não,Não,Não,Não,Não,NULL,NULL,NULL,NULL,NULL,NULL,NULL,NULL,Não,45207,2025-01-10,08:00:00,2025-01-06,"2026-08-17 13:39:43","2026-08-17 13:39:43",-14021.65,Não,Não,Ausente,33A0F8F414AD,"Ausência justificada pelo estudante",NULL,29,2025-01-10,"Cuscuz com carne moída e suco",1,"Lanche da Manhã",05:00:00,08:00:00,1,"Campus Cedro",NULL,NULL,NULL,29,6.55,NULL,NULL,NULL,NULL,NULL,NULL
1099,"Agostinho Fernandes",48358562,Sim,2028-03-02,Sim,Sim,Não,Não,47,NULL,NULL,5,"Licenciatura em Física",FIS,1,Manhã,1,"Campus Cedro",Não,Não,Não,Não,Não,Não,NULL,91,"República Estudantil de Cedro91","R. Galindo, 46",Cedro,Divisão,"Yuri Corona Salazar",637.11,Sim,60142,2026-06-30,12:13:00,2026-06-26,"2026-08-17 13:39:45","2026-08-17 13:39:45",-1153.43,Não,Não,Ausente,C492459E0AAB,"Ausência justificada pelo estudante",NULL,1558,2026-06-30,"Arroz, feijão, carne suína, legumes e salada",2,Almoço,05:00:00,11:20:00,1,"Campus Cedro",NULL,NULL,NULL,1558,143.14,NULL,NULL,NULL,NULL,NULL,NULL
1099,"Agostinho Fernandes",48358562,Sim,2028-03-02,Sim,Sim,Não,Não,47,NULL,NULL,5,"Licenciatura em Física",FIS,1,Manhã,1,"Campus Cedro",Não,Não,Não,Não,Não,Não,NULL,91,"República Estudantil de Cedro91","R. Galindo, 46",Cedro,Divisão,"Yuri Corona Salazar",637.11,Sim,60141,2026-06-29,20:01:00,2026-06-27,"2026-08-17 13:39:45","2026-08-17 13:39:45",-1169.63,Não,Sim,Cancelada,BEAE245E02BD,NULL,NULL,1556,2026-06-29,"Tapioca de frango com suco",4,"Lanche da Noite",05:00:00,19:50:00,1,"Campus Cedro",NULL,NULL,NULL,1556,18.50,NULL,NULL,NULL,NULL,NULL,NULL
1099,"Agostinho Fernandes",48358562,Sim,2028-03-02,Sim,Sim,Não,Não,47,NULL,NULL,5,"Licenciatura em Física",FIS,1,Manhã,1,"Campus Cedro",Não,Não,Não,Não,Não,Não,NULL,91,"República Estudantil de Cedro91","R. Galindo, 46",Cedro,Divisão,"Yuri Corona Salazar",637.11,Sim,60140,2026-06-26,12:10:00,2026-06-24,"2026-08-17 13:39:45","2026-08-17 13:39:45",-1249.48,Sim,Não,Presente,9DBB134120BE,NULL,NULL,1550,2026-06-26,"Arroz, feijão, carne cozida, macarrão e salada",2,Almoço,05:00:00,11:20:00,1,"Campus Cedro",22644,4,"Atividade acadêmica",1550,91.36,NULL,NULL,NULL,NULL,NULL,NULL
1099,"Agostinho Fernandes",48358562,Sim,2028-03-02,Sim,Sim,Não,Não,47,NULL,NULL,5,"Licenciatura em Física",FIS,1,Manhã,1,"Campus Cedro",Não,Não,Não,Não,Não,Não,NULL,91,"República Estudantil de Cedro91","R. Galindo, 46",Cedro,Divisão,"Yuri Corona Salazar",637.11,Sim,60139,2026-06-15,20:07:00,2026-06-10,"2026-08-17 13:39:45","2026-08-17 13:39:45",-1505.53,Sim,Não,Presente,42282E7E7C66,NULL,NULL,1516,2026-06-15,"Sanduíche de frango com suco",4,"Lanche da Noite",05:00:00,19:50:00,1,"Campus Cedro",NULL,NULL,NULL,1516,22.10,NULL,NULL,NULL,NULL,NULL,NULL
1099,"Agostinho Fernandes",48358562,Sim,2028-03-02,Sim,Sim,Não,Não,47,NULL,NULL,5,"Licenciatura em Física",FIS,1,Manhã,1,"Campus Cedro",Não,Não,Não,Não,Não,Não,NULL,91,"República Estudantil de Cedro91","R. Galindo, 46",Cedro,Divisão,"Yuri Corona Salazar",637.11,Sim,60138,2026-06-11,21:44:00,2026-06-11,"2026-08-17 13:39:45","2026-08-17 13:39:45",-1599.92,Sim,Não,Presente,D758B0332726,NULL,NULL,1508,2026-06-11,"Tapioca de frango com suco",4,"Lanche da Noite",05:00:00,19:50:00,1,"Campus Cedro",NULL,NULL,NULL,1508,14.47,NULL,NULL,NULL,NULL,NULL,NULL
1099,"Agostinho Fernandes",48358562,Sim,2028-03-02,Sim,Sim,Não,Não,47,NULL,NULL,5,"Licenciatura em Física",FIS,1,Manhã,1,"Campus Cedro",Não,Não,Não,Não,Não,Não,NULL,91,"República Estudantil de Cedro91","R. Galindo, 46",Cedro,Divisão,"Yuri Corona Salazar",637.11,Sim,60137,2026-06-10,08:59:00,2026-06-05,"2026-08-17 13:39:45","2026-08-17 13:39:45",-1636.67,Sim,Não,Presente,EDBAAB73BBCC,NULL,NULL,1501,2026-06-10,"Bolo de milho com suco de goiaba",1,"Lanche da Manhã",05:00:00,08:00:00,1,"Campus Cedro",22643,2,NULL,1501,9.12,NULL,NULL,NULL,NULL,NULL,NULL
1099,"Agostinho Fernandes",48358562,Sim,2028-03-02,Sim,Sim,Não,Não,47,NULL,NULL,5,"Licenciatura em Física",FIS,1,Manhã,1,"Campus Cedro",Não,Não,Não,Não,Não,Não,NULL,91,"República Estudantil de Cedro91","R. Galindo, 46",Cedro,Divisão,"Yuri Corona Salazar",637.11,Sim,60136,2026-05-28,15:20:00,2026-05-27,"2026-08-17 13:39:45","2026-08-17 13:39:45",-1942.32,Sim,Não,Presente,EB41F770F999,NULL,NULL,1467,2026-05-28,"Tapioca com queijo e suco",3,"Lanche da Tarde",05:00:00,14:50:00,1,"Campus Cedro",22642,4,NULL,1467,12.48,NULL,NULL,NULL,NULL,NULL,NULL
1099,"Agostinho Fernandes",48358562,Sim,2028-03-02,Sim,Sim,Não,Não,47,NULL,NULL,5,"Licenciatura em Física",FIS,1,Manhã,1,"Campus Cedro",Não,Não,Não,Não,Não,Não,NULL,91,"República Estudantil de Cedro91","R. Galindo, 46",Cedro,Divisão,"Yuri Corona Salazar",637.11,Sim,60135,2026-05-13,16:35:00,2026-05-10,"2026-08-17 13:39:45","2026-08-17 13:39:45",-2301.07,Sim,Não,Presente,1B56A36D5F19,NULL,NULL,1423,2026-05-13,"Bolo de chocolate com suco",3,"Lanche da Tarde",05:00:00,14:50:00,1,"Campus Cedro",NULL,NULL,NULL,1423,11.34,NULL,NULL,NULL,NULL,NULL,NULL
1099,"Agostinho Fernandes",48358562,Sim,2028-03-02,Sim,Sim,Não,Não,47,NULL,NULL,5,"Licenciatura em Física",FIS,1,Manhã,1,"Campus Cedro",Não,Não,Não,Não,Não,Não,NULL,91,"República Estudantil de Cedro91","R. Galindo, 46",Cedro,Divisão,"Yuri Corona Salazar",637.11,Sim,60134,2026-05-08,11:24:00,2026-05-07,"2026-08-17 13:39:45","2026-08-17 13:39:45",-2426.25,Sim,Não,Presente,1A5209ECDC1D,NULL,NULL,1410,2026-05-08,"Arroz, feijão, frango ao curry, macarrão e salada",2,Almoço,05:00:00,11:20:00,1,"Campus Cedro",NULL,NULL,NULL,1410,105.70,NULL,NULL,NULL,NULL,NULL,NULL
1099,"Agostinho Fernandes",48358562,Sim,2028-03-02,Sim,Sim,Não,Não,47,NULL,NULL,5,"Licenciatura em Física",FIS,1,Manhã,1,"Campus Cedro",Não,Não,Não,Não,Não,Não,NULL,91,"República Estudantil de Cedro91","R. Galindo, 46",Cedro,Divisão,"Yuri Corona Salazar",637.11,Sim,60133,2026-05-01,14:45:00,2026-04-27,"2026-08-17 13:39:45","2026-08-17 13:39:45",-2590.90,Sim,Não,Presente,802830DB4594,NULL,NULL,1391,2026-05-01,"Tapioca com queijo e suco",3,"Lanche da Tarde",05:00:00,14:50:00,1,"Campus Cedro",22641,5,NULL,1391,9.48,NULL,NULL,NULL,NULL,NULL,NULL
1099,"Agostinho Fernandes",48358562,Sim,2028-03-02,Sim,Sim,Não,Não,47,NULL,NULL,5,"Licenciatura em Física",FIS,1,Manhã,1,"Campus Cedro",Não,Não,Não,Não,Não,Não,NULL,91,"República Estudantil de Cedro91","R. Galindo, 46",Cedro,Divisão,"Yuri Corona Salazar",637.11,Sim,60132,2026-04-30,20:47:00,2026-04-28,"2026-08-17 13:39:45","2026-08-17 13:39:45",-2608.87,Sim,Não,Presente,97A26FA235CA,NULL,NULL,1388,2026-04-30,"Bolo de milho com suco",4,"Lanche da Noite",05:00:00,19:50:00,1,"Campus Cedro",NULL,NULL,NULL,1388,16.14,NULL,NULL,NULL,NULL,NULL,NULL
1099,"Agostinho Fernandes",48358562,Sim,2028-03-02,Sim,Sim,Não,Não,47,NULL,NULL,5,"Licenciatura em Física",FIS,1,Manhã,1,"Campus Cedro",Não,Não,Não,Não,Não,Não,NULL,91,"República Estudantil de Cedro91","R. Galindo, 46",Cedro,Divisão,"Yuri Corona Salazar",637.11,Sim,60131,2026-04-20,07:58:00,2026-04-17,"2026-08-17 13:39:45","2026-08-17 13:39:45",-2861.68,Sim,Não,Presente,B4DEC9870B16,NULL,NULL,1353,2026-04-20,"Bolo de macaxeira com café",1,"Lanche da Manhã",05:00:00,08:00:00,1,"Campus Cedro",22640,5,NULL,1353,8.55,NULL,NULL,NULL,NULL,NULL,NULL
1099,"Agostinho Fernandes",48358562,Sim,2028-03-02,Sim,Sim,Não,Não,47,NULL,NULL,5,"Licenciatura em Física",FIS,1,Manhã,1,"Campus Cedro",Não,Não,Não,Não,Não,Não,NULL,91,"República Estudantil de Cedro91","R. Galindo, 46",Cedro,Divisão,"Yuri Corona Salazar",637.11,Sim,60130,2026-04-15,11:55:00,2026-04-14,"2026-08-17 13:39:45","2026-08-17 13:39:45",-2977.73,Sim,Não,Presente,4D632ECCDC5E,NULL,NULL,1342,2026-04-15,"Arroz, feijão, frango ao curry, macarrão e salada",2,Almoço,05:00:00,11:20:00,1,"Campus Cedro",NULL,NULL,NULL,1342,115.15,NULL,NULL,NULL,NULL,NULL,NULL
1099,"Agostinho Fernandes",48358562,Sim,2028-03-02,Sim,Sim,Não,Não,47,NULL,NULL,5,"Licenciatura em Física",FIS,1,Manhã,1,"Campus Cedro",Não,Não,Não,Não,Não,Não,NULL,91,"República Estudantil de Cedro91","R. Galindo, 46",Cedro,Divisão,"Yuri Corona Salazar",637.11,Sim,60129,2026-03-26,20:05:00,2026-03-23,"2026-08-17 13:39:45","2026-08-17 13:39:45",-3449.57,Sim,Não,Presente,C7962A963D71,NULL,NULL,1288,2026-03-26,"Tapioca de frango com suco",4,"Lanche da Noite",05:00:00,19:50:00,1,"Campus Cedro",22639,3,NULL,1288,20.02,NULL,NULL,NULL,NULL,NULL,NULL
1099,"Agostinho Fernandes",48358562,Sim,2028-03-02,Sim,Sim,Não,Não,47,NULL,NULL,5,"Licenciatura em Física",FIS,1,Manhã,1,"Campus Cedro",Não,Não,Não,Não,Não,Não,NULL,91,"República Estudantil de Cedro91","R. Galindo, 46",Cedro,Divisão,"Yuri Corona Salazar",637.11,Sim,60128,2026-03-24,12:11:00,2026-03-20,"2026-08-17 13:39:45","2026-08-17 13:39:45",-3505.47,Sim,Não,Presente,B011A18B82E1,NULL,NULL,1278,2026-03-24,"Arroz, feijão, frango assado, farofa e salada",2,Almoço,05:00:00,11:20:00,1,"Campus Cedro",22638,5,NULL,1278,114.73,NULL,NULL,NULL,NULL,NULL,NULL
1099,"Agostinho Fernandes",48358562,Sim,2028-03-02,Sim,Sim,Não,Não,47,NULL,NULL,5,"Licenciatura em Física",FIS,1,Manhã,1,"Campus Cedro",Não,Não,Não,Não,Não,Não,NULL,91,"República Estudantil de Cedro91","R. Galindo, 46",Cedro,Divisão,"Yuri Corona Salazar",637.11,Sim,60127,2026-03-18,07:28:00,2026-03-13,"2026-08-17 13:39:45","2026-08-17 13:39:45",-3654.18,Sim,Não,Presente,39E5F8A162D2,NULL,NULL,1261,2026-03-18,"Cuscuz com carne moída e suco",1,"Lanche da Manhã",05:00:00,08:00:00,1,"Campus Cedro",NULL,NULL,NULL,1261,8.72,NULL,NULL,NULL,NULL,NULL,NULL
1099,"Agostinho Fernandes",48358562,Sim,2028-03-02,Sim,Sim,Não,Não,47,NULL,NULL,5,"Licenciatura em Física",FIS,1,Manhã,1,"Campus Cedro",Não,Não,Não,Não,Não,Não,NULL,91,"República Estudantil de Cedro91","R. Galindo, 46",Cedro,Divisão,"Yuri Corona Salazar",637.11,Sim,60126,2026-03-16,16:47:00,2026-03-13,"2026-08-17 13:39:45","2026-08-17 13:39:45",-3692.87,Sim,Não,Presente,320F51944C60,NULL,NULL,1255,2026-03-16,"Pão com frango desfiado e suco",3,"Lanche da Tarde",05:00:00,14:50:00,1,"Campus Cedro",NULL,NULL,NULL,1255,15.74,NULL,NULL,NULL,NULL,NULL,NULL
1099,"Agostinho Fernandes",48358562,Sim,2028-03-02,Sim,Sim,Não,Não,47,NULL,NULL,5,"Licenciatura em Física",FIS,1,Manhã,1,"Campus Cedro",Não,Não,Não,Não,Não,Não,NULL,91,"República Estudantil de Cedro91","R. Galindo, 46",Cedro,Divisão,"Yuri Corona Salazar",637.11,Sim,60125,2026-03-02,14:21:00,2026-03-02,"2026-08-17 13:39:45","2026-08-17 13:39:45",-4031.30,Sim,Não,Presente,3462E6C9463E,NULL,NULL,1215,2026-03-02,"Tapioca de frango com suco",3,"Lanche da Tarde",05:00:00,14:50:00,1,"Campus Cedro",22637,4,NULL,1215,11.56,NULL,NULL,NULL,NULL,NULL,NULL
1099,"Agostinho Fernandes",48358562,Sim,2028-03-02,Sim,Sim,Não,Não,47,NULL,NULL,5,"Licenciatura em Física",FIS,1,Manhã,1,"Campus Cedro",Não,Não,Não,Não,Não,Não,NULL,91,"República Estudantil de Cedro91","R. Galindo, 46",Cedro,Divisão,"Yuri Corona Salazar",637.11,Sim,60124,2026-02-26,08:00:00,2026-02-23,"2026-08-17 13:39:45","2026-08-17 13:39:45",-4133.65,Sim,Não,Presente,AB340AF12994,NULL,NULL,1205,2026-02-26,"Cuscuz com frango e suco de manga",1,"Lanche da Manhã",05:00:00,08:00:00,1,"Campus Cedro",NULL,NULL,NULL,1205,7.25,NULL,NULL,NULL,NULL,NULL,NULL
1099,"Agostinho Fernandes",48358562,Sim,2028-03-02,Sim,Sim,Não,Não,47,NULL,NULL,5,"Licenciatura em Física",FIS,1,Manhã,1,"Campus Cedro",Não,Não,Não,Não,Não,Não,NULL,91,"República Estudantil de Cedro91","R. Galindo, 46",Cedro,Divisão,"Yuri Corona Salazar",637.11,Sim,60123,2026-02-25,20:01:00,2026-02-22,"2026-08-17 13:39:45","2026-08-17 13:39:45",-4145.63,Sim,Não,Presente,845D8C809CC9,NULL,NULL,1204,2026-02-25,"Cuscuz com queijo e suco",4,"Lanche da Noite",05:00:00,19:50:00,1,"Campus Cedro",22636,4,NULL,1204,18.04,NULL,NULL,NULL,NULL,NULL,NULL
1099,"Agostinho Fernandes",48358562,Sim,2028-03-02,Sim,Sim,Não,Não,47,NULL,NULL,5,"Licenciatura em Física",FIS,1,Manhã,1,"Campus Cedro",Não,Não,Não,Não,Não,Não,NULL,91,"República Estudantil de Cedro91","R. Galindo, 46",Cedro,Divisão,"Yuri Corona Salazar",637.11,Sim,60122,2026-02-20,19:55:00,2026-02-19,"2026-08-17 13:39:45","2026-08-17 13:39:45",-4265.73,Sim,Não,Presente,8273FA43AA25,NULL,NULL,1192,2026-02-20,"Tapioca com queijo e suco",4,"Lanche da Noite",05:00:00,19:50:00,1,"Campus Cedro",NULL,NULL,NULL,1192,14.85,NULL,NULL,NULL,NULL,NULL,NULL
1099,"Agostinho Fernandes",48358562,Sim,2028-03-02,Sim,Sim,Não,Não,47,NULL,NULL,5,"Licenciatura em Física",FIS,1,Manhã,1,"Campus Cedro",Não,Não,Não,Não,Não,Não,NULL,91,"República Estudantil de Cedro91","R. Galindo, 46",Cedro,Divisão,"Yuri Corona Salazar",637.11,Sim,60121,2026-02-17,15:27:00,2026-02-14,"2026-08-17 13:39:45","2026-08-17 13:39:45",-4342.20,Sim,Não,Presente,5210085A7E24,NULL,NULL,1179,2026-02-17,"Tapioca de frango com suco",3,"Lanche da Tarde",05:00:00,14:50:00,1,"Campus Cedro",NULL,NULL,NULL,1179,12.92,NULL,NULL,NULL,NULL,NULL,NULL
1099,"Agostinho Fernandes",48358562,Sim,2028-03-02,Sim,Sim,Não,Não,47,NULL,NULL,5,"Licenciatura em Física",FIS,1,Manhã,1,"Campus Cedro",Não,Não,Não,Não,Não,Não,NULL,91,"República Estudantil de Cedro91","R. Galindo, 46",Cedro,Divisão,"Yuri Corona Salazar",637.11,Sim,60120,2026-02-09,08:07:00,2026-02-09,"2026-08-17 13:39:45","2026-08-17 13:39:45",-4541.53,Sim,Não,Presente,D5D2E71467F8,NULL,NULL,1153,2026-02-09,"Sanduíche de frango com suco",1,"Lanche da Manhã",05:00:00,08:00:00,1,"Campus Cedro",NULL,NULL,NULL,1153,8.69,NULL,NULL,NULL,NULL,NULL,NULL
1099,"Agostinho Fernandes",48358562,Sim,2028-03-02,Sim,Sim,Não,Não,47,NULL,NULL,5,"Licenciatura em Física",FIS,1,Manhã,1,"Campus Cedro",Não,Não,Não,Não,Não,Não,NULL,91,"República Estudantil de Cedro91","R. Galindo, 46",Cedro,Divisão,"Yuri Corona Salazar",637.11,Sim,60119,2026-01-30,14:25:00,2026-01-30,"2026-08-17 13:39:45","2026-08-17 13:39:45",-4775.23,Sim,Não,Presente,7505BEBD93E3,NULL,NULL,1131,2026-01-30,"Bolo de chocolate com suco",3,"Lanche da Tarde",05:00:00,14:50:00,1,"Campus Cedro",22635,4,NULL,1131,12.73,NULL,NULL,NULL,NULL,NULL,NULL
1099,"Agostinho Fernandes",48358562,Sim,2028-03-02,Sim,Sim,Não,Não,47,NULL,NULL,5,"Licenciatura em Física",FIS,1,Manhã,1,"Campus Cedro",Não,Não,Não,Não,Não,Não,NULL,91,"República Estudantil de Cedro91","R. Galindo, 46",Cedro,Divisão,"Yuri Corona Salazar",637.11,Sim,60118,2026-01-21,21:21:00,2026-01-20,"2026-08-17 13:39:45","2026-08-17 13:39:45",-4984.30,Sim,Não,Presente,3B9AAB5E61F5,NULL,NULL,1104,2026-01-21,"Bolo de macaxeira com suco",4,"Lanche da Noite",05:00:00,19:50:00,1,"Campus Cedro",NULL,NULL,NULL,1104,18.00,NULL,NULL,NULL,NULL,NULL,NULL
1099,"Agostinho Fernandes",48358562,Sim,2028-03-02,Sim,Sim,Não,Não,47,NULL,NULL,5,"Licenciatura em Física",FIS,1,Manhã,1,"Campus Cedro",Não,Não,Não,Não,Não,Não,NULL,91,"República Estudantil de Cedro91","R. Galindo, 46",Cedro,Divisão,"Yuri Corona Salazar",637.11,Sim,60116,2026-01-20,15:43:00,2026-01-15,"2026-08-17 13:39:45","2026-08-17 13:39:45",-5013.93,Sim,Não,Presente,951253699F36,NULL,NULL,1099,2026-01-20,"Risoto cremoso",3,"Lanche da Tarde",05:00:00,14:50:00,1,"Campus Cedro",22633,2,NULL,1099,14.45,NULL,NULL,NULL,NULL,NULL,NULL
1099,"Agostinho Fernandes",48358562,Sim,2028-03-02,Sim,Sim,Não,Não,47,NULL,NULL,5,"Licenciatura em Física",FIS,1,Manhã,1,"Campus Cedro",Não,Não,Não,Não,Não,Não,NULL,91,"República Estudantil de Cedro91","R. Galindo, 46",Cedro,Divisão,"Yuri Corona Salazar",637.11,Sim,60117,2026-01-20,20:29:00,2026-01-20,"2026-08-17 13:39:45","2026-08-17 13:39:45",-5009.17,Sim,Não,Presente,D0B19EA13E11,NULL,NULL,1100,2026-01-20,"Tapioca de frango com suco",4,"Lanche da Noite",05:00:00,19:50:00,1,"Campus Cedro",22634,5,NULL,1100,14.56,NULL,NULL,NULL,NULL,NULL,NULL
1099,"Agostinho Fernandes",48358562,Sim,2028-03-02,Sim,Sim,Não,Não,47,NULL,NULL,5,"Licenciatura em Física",FIS,1,Manhã,1,"Campus Cedro",Não,Não,Não,Não,Não,Não,NULL,91,"República Estudantil de Cedro91","R. Galindo, 46",Cedro,Divisão,"Yuri Corona Salazar",637.11,Sim,60115,2026-01-08,21:02:00,2026-01-06,"2026-08-17 13:39:45","2026-08-17 13:39:45",-5296.62,Sim,Não,Presente,595D76C6CC56,NULL,NULL,1068,2026-01-08,"Bolo de macaxeira com suco",4,"Lanche da Noite",05:00:00,19:50:00,1,"Campus Cedro",NULL,NULL,NULL,1068,20.91,NULL,NULL,NULL,NULL,NULL,NULL
1099,"Agostinho Fernandes",48358562,Sim,2028-03-02,Sim,Sim,Não,Não,47,NULL,NULL,5,"Licenciatura em Física",FIS,1,Manhã,1,"Campus Cedro",Não,Não,Não,Não,Não,Não,NULL,91,"República Estudantil de Cedro91","R. Galindo, 46",Cedro,Divisão,"Yuri Corona Salazar",637.11,Sim,60114,2025-12-26,08:51:00,2025-12-21,"2026-08-17 13:39:45","2026-08-17 13:39:45",-5620.80,Não,Sim,Cancelada,D0B9E859DFCA,NULL,NULL,1029,2025-12-26,"Pão com frango desfiado e suco",1,"Lanche da Manhã",05:00:00,08:00:00,1,"Campus Cedro",NULL,NULL,NULL,1029,5.83,NULL,NULL,NULL,NULL,NULL,NULL
1099,"Agostinho Fernandes",48358562,Sim,2028-03-02,Sim,Sim,Não,Não,47,NULL,NULL,5,"Licenciatura em Física",FIS,1,Manhã,1,"Campus Cedro",Não,Não,Não,Não,Não,Não,NULL,91,"República Estudantil de Cedro91","R. Galindo, 46",Cedro,Divisão,"Yuri Corona Salazar",637.11,Sim,60113,2025-12-19,08:48:00,2025-12-17,"2026-08-17 13:39:45","2026-08-17 13:39:45",-5788.85,Sim,Não,Presente,4A97A155174F,NULL,NULL,1009,2025-12-19,"Cuscuz com frango e suco de manga",1,"Lanche da Manhã",05:00:00,08:00:00,1,"Campus Cedro",NULL,NULL,NULL,1009,8.14,NULL,NULL,NULL,NULL,NULL,NULL
1099,"Agostinho Fernandes",48358562,Sim,2028-03-02,Sim,Sim,Não,Não,47,NULL,NULL,5,"Licenciatura em Física",FIS,1,Manhã,1,"Campus Cedro",Não,Não,Não,Não,Não,Não,NULL,91,"República Estudantil de Cedro91","R. Galindo, 46",Cedro,Divisão,"Yuri Corona Salazar",637.11,Sim,60112,2025-12-05,20:08:00,2025-12-01,"2026-08-17 13:39:45","2026-08-17 13:39:45",-6113.52,Sim,Não,Presente,9D2590023708,NULL,NULL,972,2025-12-05,"Bolo de milho com suco",4,"Lanche da Noite",05:00:00,19:50:00,1,"Campus Cedro",22632,4,NULL,972,14.75,NULL,NULL,NULL,NULL,NULL,NULL
1099,"Agostinho Fernandes",48358562,Sim,2028-03-02,Sim,Sim,Não,Não,47,NULL,NULL,5,"Licenciatura em Física",FIS,1,Manhã,1,"Campus Cedro",Não,Não,Não,Não,Não,Não,NULL,91,"República Estudantil de Cedro91","R. Galindo, 46",Cedro,Divisão,"Yuri Corona Salazar",637.11,Sim,60111,2025-11-28,19:19:00,2025-11-26,"2026-08-17 13:39:45","2026-08-17 13:39:45",-6282.33,Sim,Não,Presente,3AFCB0BD33DB,NULL,NULL,952,2025-11-28,"Tapioca de frango com suco",4,"Lanche da Noite",05:00:00,19:50:00,1,"Campus Cedro",NULL,NULL,NULL,952,14.19,NULL,NULL,NULL,NULL,NULL,NULL
1099,"Agostinho Fernandes",48358562,Sim,2028-03-02,Sim,Sim,Não,Não,47,NULL,NULL,5,"Licenciatura em Física",FIS,1,Manhã,1,"Campus Cedro",Não,Não,Não,Não,Não,Não,NULL,91,"República Estudantil de Cedro91","R. Galindo, 46",Cedro,Divisão,"Yuri Corona Salazar",637.11,Sim,60110,2025-11-12,11:39:00,2025-11-07,"2026-08-17 13:39:45","2026-08-17 13:39:45",-6674.00,Sim,Não,Presente,287F1430337E,NULL,NULL,902,2025-11-12,"Arroz, feijão, frango ensopado, farofa e salada",2,Almoço,05:00:00,11:20:00,1,"Campus Cedro",NULL,NULL,NULL,902,119.04,NULL,NULL,NULL,NULL,NULL,NULL
1099,"Agostinho Fernandes",48358562,Sim,2028-03-02,Sim,Sim,Não,Não,47,NULL,NULL,5,"Licenciatura em Física",FIS,1,Manhã,1,"Campus Cedro",Não,Não,Não,Não,Não,Não,NULL,91,"República Estudantil de Cedro91","R. Galindo, 46",Cedro,Divisão,"Yuri Corona Salazar",637.11,Sim,60109,2025-10-22,21:25:00,2025-10-18,"2026-08-17 13:39:45","2026-08-17 13:39:45",-7168.23,Sim,Não,Presente,BC63BBE9B3E2,NULL,NULL,844,2025-10-22,"Bolo de macaxeira com suco",4,"Lanche da Noite",05:00:00,19:50:00,1,"Campus Cedro",NULL,NULL,NULL,844,19.26,NULL,NULL,NULL,NULL,NULL,NULL
1099,"Agostinho Fernandes",48358562,Sim,2028-03-02,Sim,Sim,Não,Não,47,NULL,NULL,5,"Licenciatura em Física",FIS,1,Manhã,1,"Campus Cedro",Não,Não,Não,Não,Não,Não,NULL,91,"República Estudantil de Cedro91","R. Galindo, 46",Cedro,Divisão,"Yuri Corona Salazar",637.11,Sim,60108,2025-10-14,16:34:00,2025-10-14,"2026-08-17 13:39:45","2026-08-17 13:39:45",-7365.08,Sim,Não,Presente,5A3243C65E50,NULL,NULL,819,2025-10-14,"Cuscuz de frango com suco de goiaba",3,"Lanche da Tarde",05:00:00,14:50:00,1,"Campus Cedro",NULL,NULL,NULL,819,13.45,NULL,NULL,NULL,NULL,NULL,NULL
1099,"Agostinho Fernandes",48358562,Sim,2028-03-02,Sim,Sim,Não,Não,47,NULL,NULL,5,"Licenciatura em Física",FIS,1,Manhã,1,"Campus Cedro",Não,Não,Não,Não,Não,Não,NULL,91,"República Estudantil de Cedro91","R. Galindo, 46",Cedro,Divisão,"Yuri Corona Salazar",637.11,Sim,60107,2025-10-01,11:10:00,2025-09-26,"2026-08-17 13:39:45","2026-08-17 13:39:45",-7682.48,Sim,Não,Presente,EAA33B285B3A,NULL,NULL,782,2025-10-01,"Arroz, feijão, carne moída com legumes e salada",2,Almoço,05:00:00,11:20:00,1,"Campus Cedro",NULL,NULL,NULL,782,124.89,NULL,NULL,NULL,NULL,NULL,NULL
1099,"Agostinho Fernandes",48358562,Sim,2028-03-02,Sim,Sim,Não,Não,47,NULL,NULL,5,"Licenciatura em Física",FIS,1,Manhã,1,"Campus Cedro",Não,Não,Não,Não,Não,Não,NULL,91,"República Estudantil de Cedro91","R. Galindo, 46",Cedro,Divisão,"Yuri Corona Salazar",637.11,Sim,60106,2025-09-25,12:44:00,2025-09-20,"2026-08-17 13:39:45","2026-08-17 13:39:45",-7824.92,Sim,Não,Presente,CFBA375F44E2,NULL,NULL,766,2025-09-25,"Arroz, feijão, frango assado, farofa e salada",2,Almoço,05:00:00,11:20:00,1,"Campus Cedro",22631,5,"Problema de transporte",766,101.09,NULL,NULL,NULL,NULL,NULL,NULL
1099,"Agostinho Fernandes",48358562,Sim,2028-03-02,Sim,Sim,Não,Não,47,NULL,NULL,5,"Licenciatura em Física",FIS,1,Manhã,1,"Campus Cedro",Não,Não,Não,Não,Não,Não,NULL,91,"República Estudantil de Cedro91","R. Galindo, 46",Cedro,Divisão,"Yuri Corona Salazar",637.11,Sim,60105,2025-09-03,20:57:00,2025-09-03,"2026-08-17 13:39:45","2026-08-17 13:39:45",-8344.70,Não,Não,Ausente,E31DCFCACB42,"Atividade acadêmica",NULL,704,2025-09-03,"Tapioca com queijo e suco",4,"Lanche da Noite",05:00:00,19:50:00,1,"Campus Cedro",NULL,NULL,NULL,704,18.13,NULL,NULL,NULL,NULL,NULL,NULL
1099,"Agostinho Fernandes",48358562,Sim,2028-03-02,Sim,Sim,Não,Não,47,NULL,NULL,5,"Licenciatura em Física",FIS,1,Manhã,1,"Campus Cedro",Não,Não,Não,Não,Não,Não,NULL,91,"República Estudantil de Cedro91","R. Galindo, 46",Cedro,Divisão,"Yuri Corona Salazar",637.11,Sim,60104,2025-08-25,14:35:00,2025-08-20,"2026-08-17 13:39:45","2026-08-17 13:39:45",-8567.07,Não,Sim,Cancelada,B00FD856419C,NULL,NULL,675,2025-08-25,"Sanduíche de frango com suco",3,"Lanche da Tarde",05:00:00,14:50:00,1,"Campus Cedro",NULL,NULL,NULL,675,11.50,NULL,NULL,NULL,NULL,NULL,NULL
1099,"Agostinho Fernandes",48358562,Sim,2028-03-02,Sim,Sim,Não,Não,47,NULL,NULL,5,"Licenciatura em Física",FIS,1,Manhã,1,"Campus Cedro",Não,Não,Não,Não,Não,Não,NULL,91,"República Estudantil de Cedro91","R. Galindo, 46",Cedro,Divisão,"Yuri Corona Salazar",637.11,Sim,60103,2025-08-20,08:27:00,2025-08-19,"2026-08-17 13:39:45","2026-08-17 13:39:45",-8693.20,Sim,Não,Presente,A9AC32E20FF4,NULL,NULL,661,2025-08-20,"Sanduíche de frango com suco",1,"Lanche da Manhã",05:00:00,08:00:00,1,"Campus Cedro",NULL,NULL,NULL,661,11.27,NULL,NULL,NULL,NULL,NULL,NULL
1099,"Agostinho Fernandes",48358562,Sim,2028-03-02,Sim,Sim,Não,Não,47,NULL,NULL,5,"Licenciatura em Física",FIS,1,Manhã,1,"Campus Cedro",Não,Não,Não,Não,Não,Não,NULL,91,"República Estudantil de Cedro91","R. Galindo, 46",Cedro,Divisão,"Yuri Corona Salazar",637.11,Sim,60102,2025-08-19,08:14:00,2025-08-19,"2026-08-17 13:39:45","2026-08-17 13:39:45",-8717.42,Sim,Não,Presente,49BD1130A949,NULL,NULL,657,2025-08-19,"Bolo de milho com suco de goiaba",1,"Lanche da Manhã",05:00:00,08:00:00,1,"Campus Cedro",22630,4,"Problema de saúde",657,7.58,NULL,NULL,NULL,NULL,NULL,NULL
1099,"Agostinho Fernandes",48358562,Sim,2028-03-02,Sim,Sim,Não,Não,47,NULL,NULL,5,"Licenciatura em Física",FIS,1,Manhã,1,"Campus Cedro",Não,Não,Não,Não,Não,Não,NULL,91,"República Estudantil de Cedro91","R. Galindo, 46",Cedro,Divisão,"Yuri Corona Salazar",637.11,Sim,60101,2025-08-12,19:42:00,2025-08-10,"2026-08-17 13:39:45","2026-08-17 13:39:45",-8873.95,Sim,Não,Presente,6EE65C0AB523,NULL,NULL,640,2025-08-12,"Pão com frango desfiado e suco",4,"Lanche da Noite",05:00:00,19:50:00,1,"Campus Cedro",22629,3,NULL,640,14.58,NULL,NULL,NULL,NULL,NULL,NULL
1099,"Agostinho Fernandes",48358562,Sim,2028-03-02,Sim,Sim,Não,Não,47,NULL,NULL,5,"Licenciatura em Física",FIS,1,Manhã,1,"Campus Cedro",Não,Não,Não,Não,Não,Não,NULL,91,"República Estudantil de Cedro91","R. Galindo, 46",Cedro,Divisão,"Yuri Corona Salazar",637.11,Sim,60100,2025-08-05,14:26:00,2025-08-03,"2026-08-17 13:39:45","2026-08-17 13:39:45",-9047.22,Sim,Não,Presente,11896CA16DCA,NULL,NULL,619,2025-08-05,"Bolo de milho com suco de manga",3,"Lanche da Tarde",05:00:00,14:50:00,1,"Campus Cedro",22628,4,NULL,619,9.56,NULL,NULL,NULL,NULL,NULL,NULL
1099,"Agostinho Fernandes",48358562,Sim,2028-03-02,Sim,Sim,Não,Não,47,NULL,NULL,5,"Licenciatura em Física",FIS,1,Manhã,1,"Campus Cedro",Não,Não,Não,Não,Não,Não,NULL,91,"República Estudantil de Cedro91","R. Galindo, 46",Cedro,Divisão,"Yuri Corona Salazar",637.11,Sim,60098,2025-08-01,14:24:00,2025-07-29,"2026-08-17 13:39:45","2026-08-17 13:39:45",-9143.25,Sim,Não,Presente,22BA08E610CB,NULL,NULL,611,2025-08-01,"Tapioca de frango com suco",3,"Lanche da Tarde",05:00:00,14:50:00,1,"Campus Cedro",NULL,NULL,NULL,611,11.79,NULL,NULL,NULL,NULL,NULL,NULL
1099,"Agostinho Fernandes",48358562,Sim,2028-03-02,Sim,Sim,Não,Não,47,NULL,NULL,5,"Licenciatura em Física",FIS,1,Manhã,1,"Campus Cedro",Não,Não,Não,Não,Não,Não,NULL,91,"República Estudantil de Cedro91","R. Galindo, 46",Cedro,Divisão,"Yuri Corona Salazar",637.11,Sim,60099,2025-08-01,20:03:00,2025-07-28,"2026-08-17 13:39:45","2026-08-17 13:39:45",-9137.60,Não,Sim,Cancelada,D28C74013901,NULL,NULL,612,2025-08-01,"Cuscuz com queijo e suco",4,"Lanche da Noite",05:00:00,19:50:00,1,"Campus Cedro",NULL,NULL,NULL,612,19.38,NULL,NULL,NULL,NULL,NULL,NULL
1099,"Agostinho Fernandes",48358562,Sim,2028-03-02,Sim,Sim,Não,Não,47,NULL,NULL,5,"Licenciatura em Física",FIS,1,Manhã,1,"Campus Cedro",Não,Não,Não,Não,Não,Não,NULL,91,"República Estudantil de Cedro91","R. Galindo, 46",Cedro,Divisão,"Yuri Corona Salazar",637.11,Sim,60097,2025-07-24,14:43:00,2025-07-22,"2026-08-17 13:39:45","2026-08-17 13:39:45",-9334.93,Sim,Não,Presente,1B36B6D8962C,NULL,NULL,587,2025-07-24,"Cuscuz de frango com suco de goiaba",3,"Lanche da Tarde",05:00:00,14:50:00,1,"Campus Cedro",22627,3,NULL,587,11.62,NULL,NULL,NULL,NULL,NULL,NULL
1099,"Agostinho Fernandes",48358562,Sim,2028-03-02,Sim,Sim,Não,Não,47,NULL,NULL,5,"Licenciatura em Física",FIS,1,Manhã,1,"Campus Cedro",Não,Não,Não,Não,Não,Não,NULL,91,"República Estudantil de Cedro91","R. Galindo, 46",Cedro,Divisão,"Yuri Corona Salazar",637.11,Sim,60096,2025-07-18,20:35:00,2025-07-18,"2026-08-17 13:39:45","2026-08-17 13:39:45",-9473.07,Sim,Não,Presente,BEC143FA2031,NULL,NULL,572,2025-07-18,"Bolo de milho com suco",4,"Lanche da Noite",05:00:00,19:50:00,1,"Campus Cedro",NULL,NULL,NULL,572,17.19,NULL,NULL,NULL,NULL,NULL,NULL
1099,"Agostinho Fernandes",48358562,Sim,2028-03-02,Sim,Sim,Não,Não,47,NULL,NULL,5,"Licenciatura em Física",FIS,1,Manhã,1,"Campus Cedro",Não,Não,Não,Não,Não,Não,NULL,91,"República Estudantil de Cedro91","R. Galindo, 46",Cedro,Divisão,"Yuri Corona Salazar",637.11,Sim,60095,2025-07-16,07:24:00,2025-07-12,"2026-08-17 13:39:45","2026-08-17 13:39:45",-9534.25,Sim,Não,Presente,592D12FA3463,NULL,NULL,561,2025-07-16,"Cuscuz com carne moída e suco",1,"Lanche da Manhã",05:00:00,08:00:00,1,"Campus Cedro",NULL,NULL,NULL,561,8.64,NULL,NULL,NULL,NULL,NULL,NULL
1099,"Agostinho Fernandes",48358562,Sim,2028-03-02,Sim,Sim,Não,Não,47,NULL,NULL,5,"Licenciatura em Física",FIS,1,Manhã,1,"Campus Cedro",Não,Não,Não,Não,Não,Não,NULL,91,"República Estudantil de Cedro91","R. Galindo, 46",Cedro,Divisão,"Yuri Corona Salazar",637.11,Sim,60094,2025-07-11,20:47:00,2025-07-06,"2026-08-17 13:39:45","2026-08-17 13:39:45",-9640.87,Sim,Não,Presente,0142D7613830,NULL,NULL,552,2025-07-11,"Cuscuz com queijo e suco",4,"Lanche da Noite",05:00:00,19:50:00,1,"Campus Cedro",NULL,NULL,NULL,552,17.83,NULL,NULL,NULL,NULL,NULL,NULL
1099,"Agostinho Fernandes",48358562,Sim,2028-03-02,Sim,Sim,Não,Não,47,NULL,NULL,5,"Licenciatura em Física",FIS,1,Manhã,1,"Campus Cedro",Não,Não,Não,Não,Não,Não,NULL,91,"República Estudantil de Cedro91","R. Galindo, 46",Cedro,Divisão,"Yuri Corona Salazar",637.11,Sim,60093,2025-06-25,08:35:00,2025-06-24,"2026-08-17 13:39:45","2026-08-17 13:39:45",-10037.07,Sim,Não,Presente,43A0FD4C2A4E,NULL,NULL,501,2025-06-25,"Risoto cremoso",1,"Lanche da Manhã",05:00:00,08:00:00,1,"Campus Cedro",NULL,NULL,NULL,501,9.94,NULL,NULL,NULL,NULL,NULL,NULL
1099,"Agostinho Fernandes",48358562,Sim,2028-03-02,Sim,Sim,Não,Não,47,NULL,NULL,5,"Licenciatura em Física",FIS,1,Manhã,1,"Campus Cedro",Não,Não,Não,Não,Não,Não,NULL,91,"República Estudantil de Cedro91","R. Galindo, 46",Cedro,Divisão,"Yuri Corona Salazar",637.11,Sim,60092,2025-06-13,12:53:00,2025-06-12,"2026-08-17 13:39:45","2026-08-17 13:39:45",-10320.77,Não,Sim,Cancelada,3629E9C3C402,NULL,NULL,470,2025-06-13,"Arroz, feijão, carne moída, purê de batata e salada",2,Almoço,05:00:00,11:20:00,1,"Campus Cedro",NULL,NULL,NULL,470,105.85,NULL,NULL,NULL,NULL,NULL,NULL
1099,"Agostinho Fernandes",48358562,Sim,2028-03-02,Sim,Sim,Não,Não,47,NULL,NULL,5,"Licenciatura em Física",FIS,1,Manhã,1,"Campus Cedro",Não,Não,Não,Não,Não,Não,NULL,91,"República Estudantil de Cedro91","R. Galindo, 46",Cedro,Divisão,"Yuri Corona Salazar",637.11,Sim,60091,2025-06-05,08:13:00,2025-06-02,"2026-08-17 13:39:45","2026-08-17 13:39:45",-10517.43,Sim,Não,Presente,521A707796D0,NULL,NULL,445,2025-06-05,"Cuscuz com frango e suco de manga",1,"Lanche da Manhã",05:00:00,08:00:00,1,"Campus Cedro",NULL,NULL,NULL,445,6.89,NULL,NULL,NULL,NULL,NULL,NULL
1099,"Agostinho Fernandes",48358562,Sim,2028-03-02,Sim,Sim,Não,Não,47,NULL,NULL,5,"Licenciatura em Física",FIS,1,Manhã,1,"Campus Cedro",Não,Não,Não,Não,Não,Não,NULL,91,"República Estudantil de Cedro91","R. Galindo, 46",Cedro,Divisão,"Yuri Corona Salazar",637.11,Sim,60090,2025-06-04,12:59:00,2025-05-31,"2026-08-17 13:39:45","2026-08-17 13:39:45",-10536.67,Sim,Não,Presente,9839EB3FFAC6,NULL,NULL,442,2025-06-04,"Arroz, feijão, carne cozida, macarrão e salada",2,Almoço,05:00:00,11:20:00,1,"Campus Cedro",22626,3,NULL,442,135.58,NULL,NULL,NULL,NULL,NULL,NULL
1099,"Agostinho Fernandes",48358562,Sim,2028-03-02,Sim,Sim,Não,Não,47,NULL,NULL,5,"Licenciatura em Física",FIS,1,Manhã,1,"Campus Cedro",Não,Não,Não,Não,Não,Não,NULL,91,"República Estudantil de Cedro91","R. Galindo, 46",Cedro,Divisão,"Yuri Corona Salazar",637.11,Sim,60089,2025-05-26,07:34:00,2025-05-21,"2026-08-17 13:39:45","2026-08-17 13:39:45",-10758.08,Sim,Não,Presente,9B9AE73FC5FD,NULL,NULL,413,2025-05-26,"Sanduíche de frango com suco",1,"Lanche da Manhã",05:00:00,08:00:00,1,"Campus Cedro",NULL,NULL,NULL,413,9.50,NULL,NULL,NULL,NULL,NULL,NULL
1099,"Agostinho Fernandes",48358562,Sim,2028-03-02,Sim,Sim,Não,Não,47,NULL,NULL,5,"Licenciatura em Física",FIS,1,Manhã,1,"Campus Cedro",Não,Não,Não,Não,Não,Não,NULL,91,"República Estudantil de Cedro91","R. Galindo, 46",Cedro,Divisão,"Yuri Corona Salazar",637.11,Sim,60088,2025-05-13,07:31:00,2025-05-10,"2026-08-17 13:39:45","2026-08-17 13:39:45",-11070.13,Sim,Não,Presente,48EF4EBB49D2,NULL,NULL,377,2025-05-13,"Risoto cremoso",1,"Lanche da Manhã",05:00:00,08:00:00,1,"Campus Cedro",NULL,NULL,NULL,377,7.43,NULL,NULL,NULL,NULL,NULL,NULL
1099,"Agostinho Fernandes",48358562,Sim,2028-03-02,Sim,Sim,Não,Não,47,NULL,NULL,5,"Licenciatura em Física",FIS,1,Manhã,1,"Campus Cedro",Não,Não,Não,Não,Não,Não,NULL,91,"República Estudantil de Cedro91","R. Galindo, 46",Cedro,Divisão,"Yuri Corona Salazar",637.11,Sim,60087,2025-05-12,15:50:00,2025-05-12,"2026-08-17 13:39:45","2026-08-17 13:39:45",-11085.82,Sim,Não,Presente,DE353C3906B5,NULL,NULL,375,2025-05-12,"Risoto cremoso",3,"Lanche da Tarde",05:00:00,14:50:00,1,"Campus Cedro",22625,1,NULL,375,14.41,NULL,NULL,NULL,NULL,NULL,NULL
1099,"Agostinho Fernandes",48358562,Sim,2028-03-02,Sim,Sim,Não,Não,47,NULL,NULL,5,"Licenciatura em Física",FIS,1,Manhã,1,"Campus Cedro",Não,Não,Não,Não,Não,Não,NULL,91,"República Estudantil de Cedro91","R. Galindo, 46",Cedro,Divisão,"Yuri Corona Salazar",637.11,Sim,60086,2025-05-08,07:35:00,2025-05-05,"2026-08-17 13:39:45","2026-08-17 13:39:45",-11190.07,Sim,Não,Presente,BA85B552D67A,NULL,NULL,365,2025-05-08,"Cuscuz com carne moída e suco",1,"Lanche da Manhã",05:00:00,08:00:00,1,"Campus Cedro",NULL,NULL,NULL,365,6.81,NULL,NULL,NULL,NULL,NULL,NULL
1099,"Agostinho Fernandes",48358562,Sim,2028-03-02,Sim,Sim,Não,Não,47,NULL,NULL,5,"Licenciatura em Física",FIS,1,Manhã,1,"Campus Cedro",Não,Não,Não,Não,Não,Não,NULL,91,"República Estudantil de Cedro91","R. Galindo, 46",Cedro,Divisão,"Yuri Corona Salazar",637.11,Sim,60085,2025-04-30,12:20:00,2025-04-30,"2026-08-17 13:39:45","2026-08-17 13:39:45",-11377.32,Sim,Não,Presente,7F889147461A,NULL,NULL,342,2025-04-30,"Arroz, feijão, frango com legumes, macarrão e salada",2,Almoço,05:00:00,11:20:00,1,"Campus Cedro",NULL,NULL,NULL,342,105.90,NULL,NULL,NULL,NULL,NULL,NULL
1099,"Agostinho Fernandes",48358562,Sim,2028-03-02,Sim,Sim,Não,Não,47,NULL,NULL,5,"Licenciatura em Física",FIS,1,Manhã,1,"Campus Cedro",Não,Não,Não,Não,Não,Não,NULL,91,"República Estudantil de Cedro91","R. Galindo, 46",Cedro,Divisão,"Yuri Corona Salazar",637.11,Sim,60084,2025-04-28,12:28:00,2025-04-27,"2026-08-17 13:39:45","2026-08-17 13:39:45",-11425.18,Sim,Não,Presente,7512B593F90B,NULL,NULL,334,2025-04-28,"Arroz, feijão, almôndegas, macarrão e salada",2,Almoço,05:00:00,11:20:00,1,"Campus Cedro",22624,3,NULL,334,115.21,NULL,NULL,NULL,NULL,NULL,NULL
1099,"Agostinho Fernandes",48358562,Sim,2028-03-02,Sim,Sim,Não,Não,47,NULL,NULL,5,"Licenciatura em Física",FIS,1,Manhã,1,"Campus Cedro",Não,Não,Não,Não,Não,Não,NULL,91,"República Estudantil de Cedro91","R. Galindo, 46",Cedro,Divisão,"Yuri Corona Salazar",637.11,Sim,60083,2025-04-21,16:07:00,2025-04-17,"2026-08-17 13:39:45","2026-08-17 13:39:45",-11589.53,Não,Não,Ausente,CD80DC77D4D1,"Ausência justificada pelo estudante",NULL,315,2025-04-21,"Cuscuz com queijo e suco",3,"Lanche da Tarde",05:00:00,14:50:00,1,"Campus Cedro",NULL,NULL,NULL,315,12.06,NULL,NULL,NULL,NULL,NULL,NULL
1099,"Agostinho Fernandes",48358562,Sim,2028-03-02,Sim,Sim,Não,Não,47,NULL,NULL,5,"Licenciatura em Física",FIS,1,Manhã,1,"Campus Cedro",Não,Não,Não,Não,Não,Não,NULL,91,"República Estudantil de Cedro91","R. Galindo, 46",Cedro,Divisão,"Yuri Corona Salazar",637.11,Sim,60082,2025-04-08,11:05:00,2025-04-05,"2026-08-17 13:39:45","2026-08-17 13:39:45",-11906.57,Sim,Não,Presente,2FFE8C36A965,NULL,NULL,278,2025-04-08,"Arroz, feijão, carne cozida com batatas e salada",2,Almoço,05:00:00,11:20:00,1,"Campus Cedro",NULL,NULL,NULL,278,115.49,NULL,NULL,NULL,NULL,NULL,NULL
1099,"Agostinho Fernandes",48358562,Sim,2028-03-02,Sim,Sim,Não,Não,47,NULL,NULL,5,"Licenciatura em Física",FIS,1,Manhã,1,"Campus Cedro",Não,Não,Não,Não,Não,Não,NULL,91,"República Estudantil de Cedro91","R. Galindo, 46",Cedro,Divisão,"Yuri Corona Salazar",637.11,Sim,60081,2025-04-03,20:19:00,2025-03-31,"2026-08-17 13:39:45","2026-08-17 13:39:45",-12017.33,Sim,Não,Presente,2985A9C60B03,NULL,NULL,268,2025-04-03,"Cuscuz de frango com suco de manga",4,"Lanche da Noite",05:00:00,19:50:00,1,"Campus Cedro",NULL,NULL,NULL,268,21.29,NULL,NULL,NULL,NULL,NULL,NULL
1099,"Agostinho Fernandes",48358562,Sim,2028-03-02,Sim,Sim,Não,Não,47,NULL,NULL,5,"Licenciatura em Física",FIS,1,Manhã,1,"Campus Cedro",Não,Não,Não,Não,Não,Não,NULL,91,"República Estudantil de Cedro91","R. Galindo, 46",Cedro,Divisão,"Yuri Corona Salazar",637.11,Sim,60079,2025-04-02,11:08:00,2025-03-31,"2026-08-17 13:39:45","2026-08-17 13:39:45",-12050.52,Sim,Não,Presente,ED756794250A,NULL,NULL,262,2025-04-02,"Arroz, feijão, peixe assado, pirão e salada",2,Almoço,05:00:00,11:20:00,1,"Campus Cedro",NULL,NULL,NULL,262,88.53,NULL,NULL,NULL,NULL,NULL,NULL
1099,"Agostinho Fernandes",48358562,Sim,2028-03-02,Sim,Sim,Não,Não,47,NULL,NULL,5,"Licenciatura em Física",FIS,1,Manhã,1,"Campus Cedro",Não,Não,Não,Não,Não,Não,NULL,91,"República Estudantil de Cedro91","R. Galindo, 46",Cedro,Divisão,"Yuri Corona Salazar",637.11,Sim,60080,2025-04-02,20:44:00,2025-03-31,"2026-08-17 13:39:45","2026-08-17 13:39:45",-12040.92,Sim,Não,Presente,DCC0DA94BC20,NULL,NULL,264,2025-04-02,"Bolo de milho com suco",4,"Lanche da Noite",05:00:00,19:50:00,1,"Campus Cedro",NULL,NULL,NULL,264,16.83,NULL,NULL,NULL,NULL,NULL,NULL
1099,"Agostinho Fernandes",48358562,Sim,2028-03-02,Sim,Sim,Não,Não,47,NULL,NULL,5,"Licenciatura em Física",FIS,1,Manhã,1,"Campus Cedro",Não,Não,Não,Não,Não,Não,NULL,91,"República Estudantil de Cedro91","R. Galindo, 46",Cedro,Divisão,"Yuri Corona Salazar",637.11,Sim,60078,2025-04-01,08:30:00,2025-03-28,"2026-08-17 13:39:45","2026-08-17 13:39:45",-12077.15,Não,Não,Ausente,449ECDFE01F8,"Problema de saúde",NULL,257,2025-04-01,"Pão com ovo e suco de frutas",1,"Lanche da Manhã",05:00:00,08:00:00,1,"Campus Cedro",NULL,NULL,NULL,257,9.30,NULL,NULL,NULL,NULL,NULL,NULL
1099,"Agostinho Fernandes",48358562,Sim,2028-03-02,Sim,Sim,Não,Não,47,NULL,NULL,5,"Licenciatura em Física",FIS,1,Manhã,1,"Campus Cedro",Não,Não,Não,Não,Não,Não,NULL,91,"República Estudantil de Cedro91","R. Galindo, 46",Cedro,Divisão,"Yuri Corona Salazar",637.11,Sim,60077,2025-03-21,07:42:00,2025-03-20,"2026-08-17 13:39:45","2026-08-17 13:39:45",-12341.95,Sim,Não,Presente,9FDB06B1D16D,NULL,NULL,229,2025-03-21,"Pão com ovo e suco de frutas",1,"Lanche da Manhã",05:00:00,08:00:00,1,"Campus Cedro",22623,4,NULL,229,5.95,NULL,NULL,NULL,NULL,NULL,NULL
1099,"Agostinho Fernandes",48358562,Sim,2028-03-02,Sim,Sim,Não,Não,47,NULL,NULL,5,"Licenciatura em Física",FIS,1,Manhã,1,"Campus Cedro",Não,Não,Não,Não,Não,Não,NULL,91,"República Estudantil de Cedro91","R. Galindo, 46",Cedro,Divisão,"Yuri Corona Salazar",637.11,Sim,60076,2025-03-20,20:57:00,2025-03-19,"2026-08-17 13:39:45","2026-08-17 13:39:45",-12352.70,Sim,Não,Presente,1D0D1681D143,NULL,NULL,228,2025-03-20,"Risoto cremoso",4,"Lanche da Noite",05:00:00,19:50:00,1,"Campus Cedro",22622,5,NULL,228,19.62,NULL,NULL,NULL,NULL,NULL,NULL
1099,"Agostinho Fernandes",48358562,Sim,2028-03-02,Sim,Sim,Não,Não,47,NULL,NULL,5,"Licenciatura em Física",FIS,1,Manhã,1,"Campus Cedro",Não,Não,Não,Não,Não,Não,NULL,91,"República Estudantil de Cedro91","R. Galindo, 46",Cedro,Divisão,"Yuri Corona Salazar",637.11,Sim,60075,2025-02-25,14:36:00,2025-02-21,"2026-08-17 13:39:45","2026-08-17 13:39:45",-12911.05,Não,Sim,Cancelada,E76C3254EED7,NULL,NULL,159,2025-02-25,"Sanduíche de frango com suco",3,"Lanche da Tarde",05:00:00,14:50:00,1,"Campus Cedro",NULL,NULL,NULL,159,14.43,NULL,NULL,NULL,NULL,NULL,NULL
1099,"Agostinho Fernandes",48358562,Sim,2028-03-02,Sim,Sim,Não,Não,47,NULL,NULL,5,"Licenciatura em Física",FIS,1,Manhã,1,"Campus Cedro",Não,Não,Não,Não,Não,Não,NULL,91,"República Estudantil de Cedro91","R. Galindo, 46",Cedro,Divisão,"Yuri Corona Salazar",637.11,Sim,60073,2025-02-18,12:55:00,2025-02-16,"2026-08-17 13:39:45","2026-08-17 13:39:45",-13080.73,Sim,Não,Presente,C7F3EE8F27A9,NULL,NULL,138,2025-02-18,"Arroz, feijão, peixe ao molho, legumes e salada",2,Almoço,05:00:00,11:20:00,1,"Campus Cedro",22621,1,NULL,138,111.73,NULL,NULL,NULL,NULL,NULL,NULL
1099,"Agostinho Fernandes",48358562,Sim,2028-03-02,Sim,Sim,Não,Não,47,NULL,NULL,5,"Licenciatura em Física",FIS,1,Manhã,1,"Campus Cedro",Não,Não,Não,Não,Não,Não,NULL,91,"República Estudantil de Cedro91","R. Galindo, 46",Cedro,Divisão,"Yuri Corona Salazar",637.11,Sim,60074,2025-02-18,21:51:00,2025-02-18,"2026-08-17 13:39:45","2026-08-17 13:39:45",-13071.80,Sim,Não,Presente,87002D2ED04C,NULL,NULL,140,2025-02-18,"Bolo de macaxeira com suco",4,"Lanche da Noite",05:00:00,19:50:00,1,"Campus Cedro",NULL,NULL,NULL,140,18.75,NULL,NULL,NULL,NULL,NULL,NULL
1099,"Agostinho Fernandes",48358562,Sim,2028-03-02,Sim,Sim,Não,Não,47,NULL,NULL,5,"Licenciatura em Física",FIS,1,Manhã,1,"Campus Cedro",Não,Não,Não,Não,Não,Não,NULL,91,"República Estudantil de Cedro91","R. Galindo, 46",Cedro,Divisão,"Yuri Corona Salazar",637.11,Sim,60072,2025-01-30,14:21:00,2025-01-28,"2026-08-17 13:39:45","2026-08-17 13:39:45",-13535.30,Não,Sim,Cancelada,9596C94AFBB8,NULL,NULL,87,2025-01-30,"Sanduíche de frango com suco",3,"Lanche da Tarde",05:00:00,14:50:00,1,"Campus Cedro",NULL,NULL,NULL,87,15.08,NULL,NULL,NULL,NULL,NULL,NULL
1099,"Agostinho Fernandes",48358562,Sim,2028-03-02,Sim,Sim,Não,Não,47,NULL,NULL,5,"Licenciatura em Física",FIS,1,Manhã,1,"Campus Cedro",Não,Não,Não,Não,Não,Não,NULL,91,"República Estudantil de Cedro91","R. Galindo, 46",Cedro,Divisão,"Yuri Corona Salazar",637.11,Sim,60071,2025-01-27,15:17:00,2025-01-26,"2026-08-17 13:39:45","2026-08-17 13:39:45",-13606.37,Sim,Não,Presente,EC96E444ED81,NULL,NULL,75,2025-01-27,"Bolo de macaxeira com suco",3,"Lanche da Tarde",05:00:00,14:50:00,1,"Campus Cedro",22620,4,NULL,75,12.41,NULL,NULL,NULL,NULL,NULL,NULL
1099,"Agostinho Fernandes",48358562,Sim,2028-03-02,Sim,Sim,Não,Não,47,NULL,NULL,5,"Licenciatura em Física",FIS,1,Manhã,1,"Campus Cedro",Não,Não,Não,Não,Não,Não,NULL,91,"República Estudantil de Cedro91","R. Galindo, 46",Cedro,Divisão,"Yuri Corona Salazar",637.11,Sim,60070,2025-01-16,20:28:00,2025-01-16,"2026-08-17 13:39:45","2026-08-17 13:39:45",-13865.18,Sim,Não,Presente,B9BD96586151,NULL,NULL,48,2025-01-16,"Cuscuz com carne moída",4,"Lanche da Noite",05:00:00,19:50:00,1,"Campus Cedro",NULL,NULL,NULL,48,24.82,NULL,NULL,NULL,NULL,NULL,NULL
1099,"Agostinho Fernandes",48358562,Sim,2028-03-02,Sim,Sim,Não,Não,47,NULL,NULL,5,"Licenciatura em Física",FIS,1,Manhã,1,"Campus Cedro",Não,Não,Não,Não,Não,Não,NULL,91,"República Estudantil de Cedro91","R. Galindo, 46",Cedro,Divisão,"Yuri Corona Salazar",637.11,Sim,60069,2025-01-09,15:49:00,2025-01-07,"2026-08-17 13:39:45","2026-08-17 13:39:45",-14037.83,Sim,Não,Presente,05EA240A2407,NULL,NULL,27,2025-01-09,"Cuscuz com queijo e suco",3,"Lanche da Tarde",05:00:00,14:50:00,1,"Campus Cedro",22619,5,NULL,27,12.04,NULL,NULL,NULL,NULL,NULL,NULL
2332,"Agostinho Mascarenhas Leon",69989664,Sim,2027-10-26,Não,Não,Não,Sim,NULL,392,NULL,4,"Licenciatura em Matemática",MAT,3,Noite,1,"Campus Cedro",Não,Não,Não,Não,Não,Não,NULL,NULL,NULL,NULL,NULL,NULL,NULL,NULL,Não,128243,2026-06-19,11:52:00,2026-06-15,"2026-08-17 13:39:56","2026-08-17 13:39:56",-1417.78,Sim,Não,Presente,3858239F9EB4,NULL,NULL,1530,2026-06-19,"Arroz, feijão, carne suína, legumes e salada",2,Almoço,05:00:00,11:20:00,1,"Campus Cedro",NULL,NULL,NULL,1530,127.62,NULL,NULL,NULL,NULL,NULL,NULL
2332,"Agostinho Mascarenhas Leon",69989664,Sim,2027-10-26,Não,Não,Não,Sim,NULL,392,NULL,4,"Licenciatura em Matemática",MAT,3,Noite,1,"Campus Cedro",Não,Não,Não,Não,Não,Não,NULL,NULL,NULL,NULL,NULL,NULL,NULL,NULL,Não,128242,2026-06-15,07:03:00,2026-06-13,"2026-08-17 13:39:56","2026-08-17 13:39:56",-1518.60,Sim,Não,Presente,59077DAA1E29,NULL,NULL,1513,2026-06-15,"Sanduíche de frango com suco",1,"Lanche da Manhã",05:00:00,08:00:00,1,"Campus Cedro",NULL,NULL,NULL,1513,8.12,NULL,NULL,NULL,NULL,NULL,NULL
2332,"Agostinho Mascarenhas Leon",69989664,Sim,2027-10-26,Não,Não,Não,Sim,NULL,392,NULL,4,"Licenciatura em Matemática",MAT,3,Noite,1,"Campus Cedro",Não,Não,Não,Não,Não,Não,NULL,NULL,NULL,NULL,NULL,NULL,NULL,NULL,Não,128241,2026-05-29,12:59:00,2026-05-29,"2026-08-17 13:39:56","2026-08-17 13:39:56",-1920.67,Sim,Não,Presente,DCDCAF1C4A02,NULL,NULL,1470,2026-05-29,"Arroz, feijão, frango ao molho, purê e legumes",2,Almoço,05:00:00,11:20:00,1,"Campus Cedro",NULL,NULL,NULL,1470,122.54,NULL,NULL,NULL,NULL,NULL,NULL
2332,"Agostinho Mascarenhas Leon",69989664,Sim,2027-10-26,Não,Não,Não,Sim,NULL,392,NULL,4,"Licenciatura em Matemática",MAT,3,Noite,1,"Campus Cedro",Não,Não,Não,Não,Não,Não,NULL,NULL,NULL,NULL,NULL,NULL,NULL,NULL,Não,128240,2026-05-25,11:43:00,2026-05-24,"2026-08-17 13:39:56","2026-08-17 13:39:56",-2017.93,Sim,Não,Presente,A1EB3CBB7CC6,NULL,NULL,1454,2026-05-25,"Arroz, feijão, frango ao molho, farofa e salada",2,Almoço,05:00:00,11:20:00,1,"Campus Cedro",48448,2,NULL,1454,109.86,NULL,NULL,NULL,NULL,NULL,NULL
2332,"Agostinho Mascarenhas Leon",69989664,Sim,2027-10-26,Não,Não,Não,Sim,NULL,392,NULL,4,"Licenciatura em Matemática",MAT,3,Noite,1,"Campus Cedro",Não,Não,Não,Não,Não,Não,NULL,NULL,NULL,NULL,NULL,NULL,NULL,NULL,Não,128239,2026-05-22,20:18:00,2026-05-21,"2026-08-17 13:39:56","2026-08-17 13:39:56",-2081.35,Sim,Não,Presente,F29AD6A30403,NULL,NULL,1452,2026-05-22,"Cuscuz com carne moída",4,"Lanche da Noite",05:00:00,19:50:00,1,"Campus Cedro",NULL,NULL,NULL,1452,18.64,NULL,NULL,NULL,NULL,NULL,NULL
2332,"Agostinho Mascarenhas Leon",69989664,Sim,2027-10-26,Não,Não,Não,Sim,NULL,392,NULL,4,"Licenciatura em Matemática",MAT,3,Noite,1,"Campus Cedro",Não,Não,Não,Não,Não,Não,NULL,NULL,NULL,NULL,NULL,NULL,NULL,NULL,Não,128238,2026-05-13,08:43:00,2026-05-11,"2026-08-17 13:39:56","2026-08-17 13:39:56",-2308.93,Sim,Não,Presente,E132F794AE62,NULL,NULL,1421,2026-05-13,"Tapioca com queijo e suco",1,"Lanche da Manhã",05:00:00,08:00:00,1,"Campus Cedro",48447,3,NULL,1421,7.53,NULL,NULL,NULL,NULL,NULL,NULL
2332,"Agostinho Mascarenhas Leon",69989664,Sim,2027-10-26,Não,Não,Não,Sim,NULL,392,NULL,4,"Licenciatura em Matemática",MAT,3,Noite,1,"Campus Cedro",Não,Não,Não,Não,Não,Não,NULL,NULL,NULL,NULL,NULL,NULL,NULL,NULL,Não,128237,2026-04-21,07:47:00,2026-04-19,"2026-08-17 13:39:56","2026-08-17 13:39:56",-2837.87,Sim,Não,Presente,EE8BE4D2C4CC,NULL,NULL,1357,2026-04-21,"Cuscuz com carne moída e suco",1,"Lanche da Manhã",05:00:00,08:00:00,1,"Campus Cedro",48446,2,NULL,1357,9.33,NULL,NULL,NULL,NULL,NULL,NULL
2332,"Agostinho Mascarenhas Leon",69989664,Sim,2027-10-26,Não,Não,Não,Sim,NULL,392,NULL,4,"Licenciatura em Matemática",MAT,3,Noite,1,"Campus Cedro",Não,Não,Não,Não,Não,Não,NULL,NULL,NULL,NULL,NULL,NULL,NULL,NULL,Não,128236,2026-04-16,16:05:00,2026-04-16,"2026-08-17 13:39:56","2026-08-17 13:39:56",-2949.57,Sim,Não,Presente,29E9B6D73258,NULL,NULL,1347,2026-04-16,"Bolo de milho com suco de manga",3,"Lanche da Tarde",05:00:00,14:50:00,1,"Campus Cedro",48445,1,NULL,1347,12.67,NULL,NULL,NULL,NULL,NULL,NULL
2332,"Agostinho Mascarenhas Leon",69989664,Sim,2027-10-26,Não,Não,Não,Sim,NULL,392,NULL,4,"Licenciatura em Matemática",MAT,3,Noite,1,"Campus Cedro",Não,Não,Não,Não,Não,Não,NULL,NULL,NULL,NULL,NULL,NULL,NULL,NULL,Não,128235,2026-04-15,11:51:00,2026-04-15,"2026-08-17 13:39:56","2026-08-17 13:39:56",-2977.80,Sim,Não,Presente,7DF1367D680F,NULL,NULL,1342,2026-04-15,"Arroz, feijão, frango ao curry, macarrão e salada",2,Almoço,05:00:00,11:20:00,1,"Campus Cedro",48444,2,NULL,1342,115.15,NULL,NULL,NULL,NULL,NULL,NULL
2332,"Agostinho Mascarenhas Leon",69989664,Sim,2027-10-26,Não,Não,Não,Sim,NULL,392,NULL,4,"Licenciatura em Matemática",MAT,3,Noite,1,"Campus Cedro",Não,Não,Não,Não,Não,Não,NULL,NULL,NULL,NULL,NULL,NULL,NULL,NULL,Não,128233,2026-04-02,16:06:00,2026-03-29,"2026-08-17 13:39:56","2026-08-17 13:39:56",-3285.55,Não,Sim,Cancelada,1088A5180E74,NULL,NULL,1307,2026-04-02,"Risoto cremoso",3,"Lanche da Tarde",05:00:00,14:50:00,1,"Campus Cedro",NULL,NULL,NULL,1307,14.00,NULL,NULL,NULL,NULL,NULL,NULL
2332,"Agostinho Mascarenhas Leon",69989664,Sim,2027-10-26,Não,Não,Não,Sim,NULL,392,NULL,4,"Licenciatura em Matemática",MAT,3,Noite,1,"Campus Cedro",Não,Não,Não,Não,Não,Não,NULL,NULL,NULL,NULL,NULL,NULL,NULL,NULL,Não,128234,2026-04-02,20:03:00,2026-03-30,"2026-08-17 13:39:56","2026-08-17 13:39:56",-3281.60,Sim,Não,Presente,9702BE164573,NULL,NULL,1308,2026-04-02,"Bolo de macaxeira com suco",4,"Lanche da Noite",05:00:00,19:50:00,1,"Campus Cedro",48443,5,NULL,1308,17.80,NULL,NULL,NULL,NULL,NULL,NULL
2332,"Agostinho Mascarenhas Leon",69989664,Sim,2027-10-26,Não,Não,Não,Sim,NULL,392,NULL,4,"Licenciatura em Matemática",MAT,3,Noite,1,"Campus Cedro",Não,Não,Não,Não,Não,Não,NULL,NULL,NULL,NULL,NULL,NULL,NULL,NULL,Não,128232,2026-03-26,14:43:00,2026-03-25,"2026-08-17 13:39:56","2026-08-17 13:39:56",-3454.93,Não,Não,Ausente,6DD7DA36D55F,"Imprevisto pessoal",NULL,1287,2026-03-26,"Risoto cremoso",3,"Lanche da Tarde",05:00:00,14:50:00,1,"Campus Cedro",NULL,NULL,NULL,1287,16.38,NULL,NULL,NULL,NULL,NULL,NULL
2332,"Agostinho Mascarenhas Leon",69989664,Sim,2027-10-26,Não,Não,Não,Sim,NULL,392,NULL,4,"Licenciatura em Matemática",MAT,3,Noite,1,"Campus Cedro",Não,Não,Não,Não,Não,Não,NULL,NULL,NULL,NULL,NULL,NULL,NULL,NULL,Não,128231,2026-03-09,11:38:00,2026-03-06,"2026-08-17 13:39:56","2026-08-17 13:39:56",-3866.02,Sim,Não,Presente,6FE9B2FD6D38,NULL,NULL,1234,2026-03-09,"Arroz, feijão, carne cozida com batatas e salada",2,Almoço,05:00:00,11:20:00,1,"Campus Cedro",NULL,NULL,NULL,1234,112.89,NULL,NULL,NULL,NULL,NULL,NULL
2332,"Agostinho Mascarenhas Leon",69989664,Sim,2027-10-26,Não,Não,Não,Sim,NULL,392,NULL,4,"Licenciatura em Matemática",MAT,3,Noite,1,"Campus Cedro",Não,Não,Não,Não,Não,Não,NULL,NULL,NULL,NULL,NULL,NULL,NULL,NULL,Não,128230,2026-03-02,07:51:00,2026-02-28,"2026-08-17 13:39:56","2026-08-17 13:39:56",-4037.80,Sim,Não,Presente,D0E0C73810B2,NULL,NULL,1213,2026-03-02,"Cuscuz com frango e suco de manga",1,"Lanche da Manhã",05:00:00,08:00:00,1,"Campus Cedro",NULL,NULL,NULL,1213,8.28,NULL,NULL,NULL,NULL,NULL,NULL
2332,"Agostinho Mascarenhas Leon",69989664,Sim,2027-10-26,Não,Não,Não,Sim,NULL,392,NULL,4,"Licenciatura em Matemática",MAT,3,Noite,1,"Campus Cedro",Não,Não,Não,Não,Não,Não,NULL,NULL,NULL,NULL,NULL,NULL,NULL,NULL,Não,128229,2026-02-18,19:40:00,2026-02-17,"2026-08-17 13:39:56","2026-08-17 13:39:56",-4313.98,Sim,Não,Presente,9E434859C97C,NULL,NULL,1184,2026-02-18,"Canja de frango",4,"Lanche da Noite",05:00:00,19:50:00,1,"Campus Cedro",48442,4,NULL,1184,17.85,NULL,NULL,NULL,NULL,NULL,NULL
2332,"Agostinho Mascarenhas Leon",69989664,Sim,2027-10-26,Não,Não,Não,Sim,NULL,392,NULL,4,"Licenciatura em Matemática",MAT,3,Noite,1,"Campus Cedro",Não,Não,Não,Não,Não,Não,NULL,NULL,NULL,NULL,NULL,NULL,NULL,NULL,Não,128228,2026-02-13,08:06:00,2026-02-08,"2026-08-17 13:39:56","2026-08-17 13:39:56",-4445.55,Sim,Não,Presente,51C2670AD398,NULL,NULL,1169,2026-02-13,"Sanduíche de frango com suco",1,"Lanche da Manhã",05:00:00,08:00:00,1,"Campus Cedro",NULL,NULL,NULL,1169,10.92,NULL,NULL,NULL,NULL,NULL,NULL
2332,"Agostinho Mascarenhas Leon",69989664,Sim,2027-10-26,Não,Não,Não,Sim,NULL,392,NULL,4,"Licenciatura em Matemática",MAT,3,Noite,1,"Campus Cedro",Não,Não,Não,Não,Não,Não,NULL,NULL,NULL,NULL,NULL,NULL,NULL,NULL,Não,128227,2026-02-12,16:57:00,2026-02-09,"2026-08-17 13:39:56","2026-08-17 13:39:56",-4460.70,Não,Não,Ausente,66CC9117BE93,"Compromisso acadêmico",NULL,1167,2026-02-12,"Cuscuz de frango com suco de goiaba",3,"Lanche da Tarde",05:00:00,14:50:00,1,"Campus Cedro",NULL,NULL,NULL,1167,15.43,NULL,NULL,NULL,NULL,NULL,NULL
2332,"Agostinho Mascarenhas Leon",69989664,Sim,2027-10-26,Não,Não,Não,Sim,NULL,392,NULL,4,"Licenciatura em Matemática",MAT,3,Noite,1,"Campus Cedro",Não,Não,Não,Não,Não,Não,NULL,NULL,NULL,NULL,NULL,NULL,NULL,NULL,Não,128225,2026-02-09,11:37:00,2026-02-04,"2026-08-17 13:39:56","2026-08-17 13:39:56",-4538.03,Sim,Não,Presente,A2F407C41730,NULL,NULL,1154,2026-02-09,"Arroz, feijão, frango ensopado, farofa e salada",2,Almoço,05:00:00,11:20:00,1,"Campus Cedro",48441,5,"Ausência justificada pelo estudante",1154,103.65,NULL,NULL,NULL,NULL,NULL,NULL
2332,"Agostinho Mascarenhas Leon",69989664,Sim,2027-10-26,Não,Não,Não,Sim,NULL,392,NULL,4,"Licenciatura em Matemática",MAT,3,Noite,1,"Campus Cedro",Não,Não,Não,Não,Não,Não,NULL,NULL,NULL,NULL,NULL,NULL,NULL,NULL,Não,128226,2026-02-09,14:15:00,2026-02-05,"2026-08-17 13:39:56","2026-08-17 13:39:56",-4535.40,Sim,Não,Presente,CE2FD0EDE775,NULL,NULL,1155,2026-02-09,"Bolo de chocolate com suco",3,"Lanche da Tarde",05:00:00,14:50:00,1,"Campus Cedro",NULL,NULL,NULL,1155,12.88,NULL,NULL,NULL,NULL,NULL,NULL
2332,"Agostinho Mascarenhas Leon",69989664,Sim,2027-10-26,Não,Não,Não,Sim,NULL,392,NULL,4,"Licenciatura em Matemática",MAT,3,Noite,1,"Campus Cedro",Não,Não,Não,Não,Não,Não,NULL,NULL,NULL,NULL,NULL,NULL,NULL,NULL,Não,128224,2026-02-05,20:02:00,2026-02-03,"2026-08-17 13:39:56","2026-08-17 13:39:56",-4625.62,Sim,Não,Presente,47E99EA6E85D,NULL,NULL,1148,2026-02-05,"Cuscuz com carne moída",4,"Lanche da Noite",05:00:00,19:50:00,1,"Campus Cedro",NULL,NULL,NULL,1148,17.71,NULL,NULL,NULL,NULL,NULL,NULL
2332,"Agostinho Mascarenhas Leon",69989664,Sim,2027-10-26,Não,Não,Não,Sim,NULL,392,NULL,4,"Licenciatura em Matemática",MAT,3,Noite,1,"Campus Cedro",Não,Não,Não,Não,Não,Não,NULL,NULL,NULL,NULL,NULL,NULL,NULL,NULL,Não,128223,2026-01-20,19:18:00,2026-01-20,"2026-08-17 13:39:56","2026-08-17 13:39:56",-5010.35,Sim,Não,Presente,07BD1BABA1EB,NULL,NULL,1100,2026-01-20,"Tapioca de frango com suco",4,"Lanche da Noite",05:00:00,19:50:00,1,"Campus Cedro",NULL,NULL,NULL,1100,14.56,NULL,NULL,NULL,NULL,NULL,NULL
2332,"Agostinho Mascarenhas Leon",69989664,Sim,2027-10-26,Não,Não,Não,Sim,NULL,392,NULL,4,"Licenciatura em Matemática",MAT,3,Noite,1,"Campus Cedro",Não,Não,Não,Não,Não,Não,NULL,NULL,NULL,NULL,NULL,NULL,NULL,NULL,Não,128222,2026-01-16,20:09:00,2026-01-11,"2026-08-17 13:39:56","2026-08-17 13:39:56",-5105.50,Sim,Não,Presente,0980EA83614C,NULL,NULL,1092,2026-01-16,"Cuscuz com carne moída",4,"Lanche da Noite",05:00:00,19:50:00,1,"Campus Cedro",48440,4,NULL,1092,20.52,NULL,NULL,NULL,NULL,NULL,NULL
2332,"Agostinho Mascarenhas Leon",69989664,Sim,2027-10-26,Não,Não,Não,Sim,NULL,392,NULL,4,"Licenciatura em Matemática",MAT,3,Noite,1,"Campus Cedro",Não,Não,Não,Não,Não,Não,NULL,NULL,NULL,NULL,NULL,NULL,NULL,NULL,Não,128221,2025-12-30,21:19:00,2025-12-26,"2026-08-17 13:39:56","2026-08-17 13:39:56",-5512.33,Sim,Não,Presente,3F5588E540B4,NULL,NULL,1040,2025-12-30,"Tapioca com queijo e suco",4,"Lanche da Noite",05:00:00,19:50:00,1,"Campus Cedro",48439,4,NULL,1040,17.73,NULL,NULL,NULL,NULL,NULL,NULL
2332,"Agostinho Mascarenhas Leon",69989664,Sim,2027-10-26,Não,Não,Não,Sim,NULL,392,NULL,4,"Licenciatura em Matemática",MAT,3,Noite,1,"Campus Cedro",Não,Não,Não,Não,Não,Não,NULL,NULL,NULL,NULL,NULL,NULL,NULL,NULL,Não,128220,2025-12-19,12:52:00,2025-12-18,"2026-08-17 13:39:56","2026-08-17 13:39:56",-5784.78,Sim,Não,Presente,632C28DC51BF,NULL,NULL,1010,2025-12-19,"Arroz, feijão, frango ao curry, macarrão e salada",2,Almoço,05:00:00,11:20:00,1,"Campus Cedro",NULL,NULL,NULL,1010,109.15,NULL,NULL,NULL,NULL,NULL,NULL
2332,"Agostinho Mascarenhas Leon",69989664,Sim,2027-10-26,Não,Não,Não,Sim,NULL,392,NULL,4,"Licenciatura em Matemática",MAT,3,Noite,1,"Campus Cedro",Não,Não,Não,Não,Não,Não,NULL,NULL,NULL,NULL,NULL,NULL,NULL,NULL,Não,128219,2025-12-18,07:41:00,2025-12-16,"2026-08-17 13:39:56","2026-08-17 13:39:56",-5813.97,Sim,Não,Presente,AAF7A7045282,NULL,NULL,1005,2025-12-18,"Sanduíche de frango com suco",1,"Lanche da Manhã",05:00:00,08:00:00,1,"Campus Cedro",48438,4,NULL,1005,8.41,NULL,NULL,NULL,NULL,NULL,NULL
2332,"Agostinho Mascarenhas Leon",69989664,Sim,2027-10-26,Não,Não,Não,Sim,NULL,392,NULL,4,"Licenciatura em Matemática",MAT,3,Noite,1,"Campus Cedro",Não,Não,Não,Não,Não,Não,NULL,NULL,NULL,NULL,NULL,NULL,NULL,NULL,Não,128218,2025-12-15,07:36:00,2025-12-13,"2026-08-17 13:39:56","2026-08-17 13:39:56",-5886.05,Não,Sim,Cancelada,EE272C42476E,NULL,NULL,993,2025-12-15,"Bolo de macaxeira com café",1,"Lanche da Manhã",05:00:00,08:00:00,1,"Campus Cedro",NULL,NULL,NULL,993,7.75,NULL,NULL,NULL,NULL,NULL,NULL
2332,"Agostinho Mascarenhas Leon",69989664,Sim,2027-10-26,Não,Não,Não,Sim,NULL,392,NULL,4,"Licenciatura em Matemática",MAT,3,Noite,1,"Campus Cedro",Não,Não,Não,Não,Não,Não,NULL,NULL,NULL,NULL,NULL,NULL,NULL,NULL,Não,128217,2025-12-12,11:59:00,2025-12-11,"2026-08-17 13:39:56","2026-08-17 13:39:56",-5953.67,Sim,Não,Presente,30229D1EAF0A,NULL,NULL,990,2025-12-12,"Arroz, feijão, carne moída, purê de batata e salada",2,Almoço,05:00:00,11:20:00,1,"Campus Cedro",48437,5,"Problema de saúde",990,88.99,NULL,NULL,NULL,NULL,NULL,NULL
2332,"Agostinho Mascarenhas Leon",69989664,Sim,2027-10-26,Não,Não,Não,Sim,NULL,392,NULL,4,"Licenciatura em Matemática",MAT,3,Noite,1,"Campus Cedro",Não,Não,Não,Não,Não,Não,NULL,NULL,NULL,NULL,NULL,NULL,NULL,NULL,Não,128216,2025-12-09,08:45:00,2025-12-07,"2026-08-17 13:39:56","2026-08-17 13:39:56",-6028.90,Sim,Não,Presente,33992DA891D3,NULL,NULL,977,2025-12-09,"Risoto cremoso",1,"Lanche da Manhã",05:00:00,08:00:00,1,"Campus Cedro",48436,4,NULL,977,9.33,NULL,NULL,NULL,NULL,NULL,NULL
2332,"Agostinho Mascarenhas Leon",69989664,Sim,2027-10-26,Não,Não,Não,Sim,NULL,392,NULL,4,"Licenciatura em Matemática",MAT,3,Noite,1,"Campus Cedro",Não,Não,Não,Não,Não,Não,NULL,NULL,NULL,NULL,NULL,NULL,NULL,NULL,Não,128215,2025-12-03,15:05:00,2025-12-02,"2026-08-17 13:39:56","2026-08-17 13:39:56",-6166.57,Sim,Não,Presente,6357BAD5854B,NULL,NULL,963,2025-12-03,"Pão com frango desfiado e suco",3,"Lanche da Tarde",05:00:00,14:50:00,1,"Campus Cedro",48435,5,NULL,963,12.54,NULL,NULL,NULL,NULL,NULL,NULL
2332,"Agostinho Mascarenhas Leon",69989664,Sim,2027-10-26,Não,Não,Não,Sim,NULL,392,NULL,4,"Licenciatura em Matemática",MAT,3,Noite,1,"Campus Cedro",Não,Não,Não,Não,Não,Não,NULL,NULL,NULL,NULL,NULL,NULL,NULL,NULL,Não,128214,2025-12-02,11:21:00,2025-11-28,"2026-08-17 13:39:56","2026-08-17 13:39:56",-6194.30,Sim,Não,Presente,A89DEC5550A4,NULL,NULL,958,2025-12-02,"Arroz, feijão, frango assado, macarrão e salada",2,Almoço,05:00:00,11:20:00,1,"Campus Cedro",48434,4,NULL,958,119.41,NULL,NULL,NULL,NULL,NULL,NULL
2332,"Agostinho Mascarenhas Leon",69989664,Sim,2027-10-26,Não,Não,Não,Sim,NULL,392,NULL,4,"Licenciatura em Matemática",MAT,3,Noite,1,"Campus Cedro",Não,Não,Não,Não,Não,Não,NULL,NULL,NULL,NULL,NULL,NULL,NULL,NULL,Não,128213,2025-11-25,07:31:00,2025-11-20,"2026-08-17 13:39:56","2026-08-17 13:39:56",-6366.13,Sim,Não,Presente,034D3B60D92D,NULL,NULL,937,2025-11-25,"Tapioca com frango e suco",1,"Lanche da Manhã",05:00:00,08:00:00,1,"Campus Cedro",48433,4,NULL,937,7.32,NULL,NULL,NULL,NULL,NULL,NULL
2332,"Agostinho Mascarenhas Leon",69989664,Sim,2027-10-26,Não,Não,Não,Sim,NULL,392,NULL,4,"Licenciatura em Matemática",MAT,3,Noite,1,"Campus Cedro",Não,Não,Não,Não,Não,Não,NULL,NULL,NULL,NULL,NULL,NULL,NULL,NULL,Não,128212,2025-11-07,12:51:00,2025-11-02,"2026-08-17 13:39:56","2026-08-17 13:39:56",-6792.80,Sim,Não,Presente,4F4A8E7DFF10,NULL,NULL,890,2025-11-07,"Arroz, feijão, peixe ao molho, legumes e salada",2,Almoço,05:00:00,11:20:00,1,"Campus Cedro",48432,4,NULL,890,105.56,NULL,NULL,NULL,NULL,NULL,NULL
2332,"Agostinho Mascarenhas Leon",69989664,Sim,2027-10-26,Não,Não,Não,Sim,NULL,392,NULL,4,"Licenciatura em Matemática",MAT,3,Noite,1,"Campus Cedro",Não,Não,Não,Não,Não,Não,NULL,NULL,NULL,NULL,NULL,NULL,NULL,NULL,Não,128211,2025-11-06,11:00:00,2025-11-06,"2026-08-17 13:39:56","2026-08-17 13:39:56",-6818.65,Sim,Não,Presente,56EF01F4746C,NULL,NULL,886,2025-11-06,"Arroz, feijão, peixe assado, pirão e salada",2,Almoço,05:00:00,11:20:00,1,"Campus Cedro",48431,3,NULL,886,119.90,NULL,NULL,NULL,NULL,NULL,NULL
2332,"Agostinho Mascarenhas Leon",69989664,Sim,2027-10-26,Não,Não,Não,Sim,NULL,392,NULL,4,"Licenciatura em Matemática",MAT,3,Noite,1,"Campus Cedro",Não,Não,Não,Não,Não,Não,NULL,NULL,NULL,NULL,NULL,NULL,NULL,NULL,Não,128210,2025-11-05,14:10:00,2025-11-04,"2026-08-17 13:39:56","2026-08-17 13:39:56",-6839.48,Sim,Não,Presente,91417FD17AAC,NULL,NULL,883,2025-11-05,"Canja de frango",3,"Lanche da Tarde",05:00:00,14:50:00,1,"Campus Cedro",48430,4,NULL,883,11.04,NULL,NULL,NULL,NULL,NULL,NULL
2332,"Agostinho Mascarenhas Leon",69989664,Sim,2027-10-26,Não,Não,Não,Sim,NULL,392,NULL,4,"Licenciatura em Matemática",MAT,3,Noite,1,"Campus Cedro",Não,Não,Não,Não,Não,Não,NULL,NULL,NULL,NULL,NULL,NULL,NULL,NULL,Não,128209,2025-10-08,08:53:00,2025-10-08,"2026-08-17 13:39:56","2026-08-17 13:39:56",-7516.77,Sim,Não,Presente,1C72C572AC27,NULL,NULL,801,2025-10-08,"Bolo de milho com suco de goiaba",1,"Lanche da Manhã",05:00:00,08:00:00,1,"Campus Cedro",48429,1,NULL,801,6.10,NULL,NULL,NULL,NULL,NULL,NULL
2332,"Agostinho Mascarenhas Leon",69989664,Sim,2027-10-26,Não,Não,Não,Sim,NULL,392,NULL,4,"Licenciatura em Matemática",MAT,3,Noite,1,"Campus Cedro",Não,Não,Não,Não,Não,Não,NULL,NULL,NULL,NULL,NULL,NULL,NULL,NULL,Não,128208,2025-10-06,07:41:00,2025-10-02,"2026-08-17 13:39:56","2026-08-17 13:39:56",-7565.97,Sim,Não,Presente,0F7EB6361BE9,NULL,NULL,793,2025-10-06,"Canja de frango",1,"Lanche da Manhã",05:00:00,08:00:00,1,"Campus Cedro",NULL,NULL,NULL,793,7.48,NULL,NULL,NULL,NULL,NULL,NULL
2332,"Agostinho Mascarenhas Leon",69989664,Sim,2027-10-26,Não,Não,Não,Sim,NULL,392,NULL,4,"Licenciatura em Matemática",MAT,3,Noite,1,"Campus Cedro",Não,Não,Não,Não,Não,Não,NULL,NULL,NULL,NULL,NULL,NULL,NULL,NULL,Não,128207,2025-10-03,19:37:00,2025-10-01,"2026-08-17 13:39:56","2026-08-17 13:39:56",-7626.03,Sim,Não,Presente,3CA005D15E8F,NULL,NULL,792,2025-10-03,"Tapioca com queijo e suco",4,"Lanche da Noite",05:00:00,19:50:00,1,"Campus Cedro",48428,2,NULL,792,16.71,NULL,NULL,NULL,NULL,NULL,NULL
2332,"Agostinho Mascarenhas Leon",69989664,Sim,2027-10-26,Não,Não,Não,Sim,NULL,392,NULL,4,"Licenciatura em Matemática",MAT,3,Noite,1,"Campus Cedro",Não,Não,Não,Não,Não,Não,NULL,NULL,NULL,NULL,NULL,NULL,NULL,NULL,Não,128206,2025-10-01,21:24:00,2025-09-30,"2026-08-17 13:39:56","2026-08-17 13:39:56",-7672.25,Sim,Não,Presente,A394F4443691,NULL,NULL,784,2025-10-01,"Risoto cremoso",4,"Lanche da Noite",05:00:00,19:50:00,1,"Campus Cedro",48427,4,NULL,784,27.61,NULL,NULL,NULL,NULL,NULL,NULL
2332,"Agostinho Mascarenhas Leon",69989664,Sim,2027-10-26,Não,Não,Não,Sim,NULL,392,NULL,4,"Licenciatura em Matemática",MAT,3,Noite,1,"Campus Cedro",Não,Não,Não,Não,Não,Não,NULL,NULL,NULL,NULL,NULL,NULL,NULL,NULL,Não,128205,2025-09-05,19:51:00,2025-09-01,"2026-08-17 13:39:56","2026-08-17 13:39:56",-8297.80,Não,Não,Ausente,A6E027AA1712,"Problema de transporte",NULL,712,2025-09-05,"Pão com frango desfiado e suco",4,"Lanche da Noite",05:00:00,19:50:00,1,"Campus Cedro",NULL,NULL,NULL,712,16.48,NULL,NULL,NULL,NULL,NULL,NULL
2332,"Agostinho Mascarenhas Leon",69989664,Sim,2027-10-26,Não,Não,Não,Sim,NULL,392,NULL,4,"Licenciatura em Matemática",MAT,3,Noite,1,"Campus Cedro",Não,Não,Não,Não,Não,Não,NULL,NULL,NULL,NULL,NULL,NULL,NULL,NULL,Não,128203,2025-08-14,07:05:00,2025-08-10,"2026-08-17 13:39:56","2026-08-17 13:39:56",-8838.57,Sim,Não,Presente,336DAA34327C,NULL,NULL,645,2025-08-14,"Sanduíche de frango com suco",1,"Lanche da Manhã",05:00:00,08:00:00,1,"Campus Cedro",48426,4,NULL,645,8.42,NULL,NULL,NULL,NULL,NULL,NULL
2332,"Agostinho Mascarenhas Leon",69989664,Sim,2027-10-26,Não,Não,Não,Sim,NULL,392,NULL,4,"Licenciatura em Matemática",MAT,3,Noite,1,"Campus Cedro",Não,Não,Não,Não,Não,Não,NULL,NULL,NULL,NULL,NULL,NULL,NULL,NULL,Não,128204,2025-08-14,12:28:00,2025-08-11,"2026-08-17 13:39:56","2026-08-17 13:39:56",-8833.18,Sim,Não,Presente,623E215936A5,NULL,NULL,646,2025-08-14,"Arroz, feijão, frango ao molho, purê e legumes",2,Almoço,05:00:00,11:20:00,1,"Campus Cedro",NULL,NULL,NULL,646,92.09,NULL,NULL,NULL,NULL,NULL,NULL
2332,"Agostinho Mascarenhas Leon",69989664,Sim,2027-10-26,Não,Não,Não,Sim,NULL,392,NULL,4,"Licenciatura em Matemática",MAT,3,Noite,1,"Campus Cedro",Não,Não,Não,Não,Não,Não,NULL,NULL,NULL,NULL,NULL,NULL,NULL,NULL,Não,128202,2025-08-12,19:58:00,2025-08-07,"2026-08-17 13:39:56","2026-08-17 13:39:56",-8873.68,Sim,Não,Presente,9F27FCE90724,NULL,NULL,640,2025-08-12,"Pão com frango desfiado e suco",4,"Lanche da Noite",05:00:00,19:50:00,1,"Campus Cedro",48425,1,NULL,640,14.58,NULL,NULL,NULL,NULL,NULL,NULL
2332,"Agostinho Mascarenhas Leon",69989664,Sim,2027-10-26,Não,Não,Não,Sim,NULL,392,NULL,4,"Licenciatura em Matemática",MAT,3,Noite,1,"Campus Cedro",Não,Não,Não,Não,Não,Não,NULL,NULL,NULL,NULL,NULL,NULL,NULL,NULL,Não,128201,2025-08-07,11:26:00,2025-08-03,"2026-08-17 13:39:56","2026-08-17 13:39:56",-9002.22,Não,Não,Ausente,A1E8E953AFB0,"Compromisso acadêmico",NULL,626,2025-08-07,"Arroz, feijão, carne cozida, macarrão e salada",2,Almoço,05:00:00,11:20:00,1,"Campus Cedro",NULL,NULL,NULL,626,118.80,NULL,NULL,NULL,NULL,NULL,NULL
2332,"Agostinho Mascarenhas Leon",69989664,Sim,2027-10-26,Não,Não,Não,Sim,NULL,392,NULL,4,"Licenciatura em Matemática",MAT,3,Noite,1,"Campus Cedro",Não,Não,Não,Não,Não,Não,NULL,NULL,NULL,NULL,NULL,NULL,NULL,NULL,Não,128200,2025-07-31,16:09:00,2025-07-27,"2026-08-17 13:39:56","2026-08-17 13:39:56",-9165.50,Sim,Não,Presente,40ECE7F2A1ED,NULL,NULL,607,2025-07-31,"Pão com frango desfiado e suco",3,"Lanche da Tarde",05:00:00,14:50:00,1,"Campus Cedro",NULL,NULL,NULL,607,10.89,NULL,NULL,NULL,NULL,NULL,NULL
2332,"Agostinho Mascarenhas Leon",69989664,Sim,2027-10-26,Não,Não,Não,Sim,NULL,392,NULL,4,"Licenciatura em Matemática",MAT,3,Noite,1,"Campus Cedro",Não,Não,Não,Não,Não,Não,NULL,NULL,NULL,NULL,NULL,NULL,NULL,NULL,Não,128199,2025-07-21,08:19:00,2025-07-21,"2026-08-17 13:39:56","2026-08-17 13:39:56",-9413.33,Sim,Não,Presente,9F4AE854DB52,NULL,NULL,573,2025-07-21,"Tapioca com frango e suco",1,"Lanche da Manhã",05:00:00,08:00:00,1,"Campus Cedro",NULL,NULL,NULL,573,8.78,NULL,NULL,NULL,NULL,NULL,NULL
2332,"Agostinho Mascarenhas Leon",69989664,Sim,2027-10-26,Não,Não,Não,Sim,NULL,392,NULL,4,"Licenciatura em Matemática",MAT,3,Noite,1,"Campus Cedro",Não,Não,Não,Não,Não,Não,NULL,NULL,NULL,NULL,NULL,NULL,NULL,NULL,Não,128198,2025-07-14,12:10:00,2025-07-12,"2026-08-17 13:39:56","2026-08-17 13:39:56",-9577.48,Sim,Não,Presente,623A55946D54,NULL,NULL,554,2025-07-14,"Arroz, feijão, frango assado, farofa e salada",2,Almoço,05:00:00,11:20:00,1,"Campus Cedro",NULL,NULL,NULL,554,89.22,NULL,NULL,NULL,NULL,NULL,NULL
2332,"Agostinho Mascarenhas Leon",69989664,Sim,2027-10-26,Não,Não,Não,Sim,NULL,392,NULL,4,"Licenciatura em Matemática",MAT,3,Noite,1,"Campus Cedro",Não,Não,Não,Não,Não,Não,NULL,NULL,NULL,NULL,NULL,NULL,NULL,NULL,Não,128197,2025-06-26,07:06:00,2025-06-21,"2026-08-17 13:39:56","2026-08-17 13:39:56",-10014.55,Sim,Não,Presente,32F7977EEFEA,NULL,NULL,505,2025-06-26,"Sanduíche de frango com suco",1,"Lanche da Manhã",05:00:00,08:00:00,1,"Campus Cedro",NULL,NULL,NULL,505,9.11,NULL,NULL,NULL,NULL,NULL,NULL
2332,"Agostinho Mascarenhas Leon",69989664,Sim,2027-10-26,Não,Não,Não,Sim,NULL,392,NULL,4,"Licenciatura em Matemática",MAT,3,Noite,1,"Campus Cedro",Não,Não,Não,Não,Não,Não,NULL,NULL,NULL,NULL,NULL,NULL,NULL,NULL,Não,128196,2025-06-24,07:41:00,2025-06-21,"2026-08-17 13:39:56","2026-08-17 13:39:56",-10061.97,Sim,Não,Presente,CBDC24F4B646,NULL,NULL,497,2025-06-24,"Bolo de macaxeira com café",1,"Lanche da Manhã",05:00:00,08:00:00,1,"Campus Cedro",48424,5,NULL,497,7.25,NULL,NULL,NULL,NULL,NULL,NULL
2332,"Agostinho Mascarenhas Leon",69989664,Sim,2027-10-26,Não,Não,Não,Sim,NULL,392,NULL,4,"Licenciatura em Matemática",MAT,3,Noite,1,"Campus Cedro",Não,Não,Não,Não,Não,Não,NULL,NULL,NULL,NULL,NULL,NULL,NULL,NULL,Não,128195,2025-06-20,21:52:00,2025-06-19,"2026-08-17 13:39:56","2026-08-17 13:39:56",-10143.78,Sim,Não,Presente,44137E779E86,NULL,NULL,492,2025-06-20,"Sanduíche de frango com suco",4,"Lanche da Noite",05:00:00,19:50:00,1,"Campus Cedro",NULL,NULL,NULL,492,19.64,NULL,NULL,NULL,NULL,NULL,NULL
2332,"Agostinho Mascarenhas Leon",69989664,Sim,2027-10-26,Não,Não,Não,Sim,NULL,392,NULL,4,"Licenciatura em Matemática",MAT,3,Noite,1,"Campus Cedro",Não,Não,Não,Não,Não,Não,NULL,NULL,NULL,NULL,NULL,NULL,NULL,NULL,Não,128194,2025-06-18,14:52:00,2025-06-18,"2026-08-17 13:39:56","2026-08-17 13:39:56",-10198.78,Sim,Não,Presente,0BB9F4B41AFD,NULL,NULL,483,2025-06-18,"Cuscuz com carne moída e suco",3,"Lanche da Tarde",05:00:00,14:50:00,1,"Campus Cedro",NULL,NULL,NULL,483,11.27,NULL,NULL,NULL,NULL,NULL,NULL
2332,"Agostinho Mascarenhas Leon",69989664,Sim,2027-10-26,Não,Não,Não,Sim,NULL,392,NULL,4,"Licenciatura em Matemática",MAT,3,Noite,1,"Campus Cedro",Não,Não,Não,Não,Não,Não,NULL,NULL,NULL,NULL,NULL,NULL,NULL,NULL,Não,128193,2025-06-16,20:21:00,2025-06-12,"2026-08-17 13:39:56","2026-08-17 13:39:56",-10241.30,Sim,Não,Presente,D084C5FE271F,NULL,NULL,476,2025-06-16,"Tapioca com queijo e suco",4,"Lanche da Noite",05:00:00,19:50:00,1,"Campus Cedro",48423,4,NULL,476,16.83,NULL,NULL,NULL,NULL,NULL,NULL
2332,"Agostinho Mascarenhas Leon",69989664,Sim,2027-10-26,Não,Não,Não,Sim,NULL,392,NULL,4,"Licenciatura em Matemática",MAT,3,Noite,1,"Campus Cedro",Não,Não,Não,Não,Não,Não,NULL,NULL,NULL,NULL,NULL,NULL,NULL,NULL,Não,128192,2025-06-02,20:53:00,2025-05-29,"2026-08-17 13:39:56","2026-08-17 13:39:56",-10576.77,Sim,Não,Presente,67C9A823A5C7,NULL,NULL,436,2025-06-02,"Cuscuz com carne moída",4,"Lanche da Noite",05:00:00,19:50:00,1,"Campus Cedro",48422,1,NULL,436,21.40,NULL,NULL,NULL,NULL,NULL,NULL
2332,"Agostinho Mascarenhas Leon",69989664,Sim,2027-10-26,Não,Não,Não,Sim,NULL,392,NULL,4,"Licenciatura em Matemática",MAT,3,Noite,1,"Campus Cedro",Não,Não,Não,Não,Não,Não,NULL,NULL,NULL,NULL,NULL,NULL,NULL,NULL,Não,128190,2025-05-22,07:23:00,2025-05-18,"2026-08-17 13:39:56","2026-08-17 13:39:56",-10854.27,Sim,Não,Presente,847C670EA693,NULL,NULL,405,2025-05-22,"Bolo de milho com suco de goiaba",1,"Lanche da Manhã",05:00:00,08:00:00,1,"Campus Cedro",48421,3,NULL,405,8.57,NULL,NULL,NULL,NULL,NULL,NULL
2332,"Agostinho Mascarenhas Leon",69989664,Sim,2027-10-26,Não,Não,Não,Sim,NULL,392,NULL,4,"Licenciatura em Matemática",MAT,3,Noite,1,"Campus Cedro",Não,Não,Não,Não,Não,Não,NULL,NULL,NULL,NULL,NULL,NULL,NULL,NULL,Não,128191,2025-05-22,19:12:00,2025-05-17,"2026-08-17 13:39:56","2026-08-17 13:39:56",-10842.45,Sim,Não,Presente,352366FE2714,NULL,NULL,408,2025-05-22,"Tapioca de frango com suco",4,"Lanche da Noite",05:00:00,19:50:00,1,"Campus Cedro",NULL,NULL,NULL,408,18.20,NULL,NULL,NULL,NULL,NULL,NULL
2332,"Agostinho Mascarenhas Leon",69989664,Sim,2027-10-26,Não,Não,Não,Sim,NULL,392,NULL,4,"Licenciatura em Matemática",MAT,3,Noite,1,"Campus Cedro",Não,Não,Não,Não,Não,Não,NULL,NULL,NULL,NULL,NULL,NULL,NULL,NULL,Não,128189,2025-05-20,07:36:00,2025-05-18,"2026-08-17 13:39:56","2026-08-17 13:39:56",-10902.05,Sim,Não,Presente,D7334510B8FE,NULL,NULL,397,2025-05-20,"Tapioca com frango e suco",1,"Lanche da Manhã",05:00:00,08:00:00,1,"Campus Cedro",NULL,NULL,NULL,397,8.69,NULL,NULL,NULL,NULL,NULL,NULL
2332,"Agostinho Mascarenhas Leon",69989664,Sim,2027-10-26,Não,Não,Não,Sim,NULL,392,NULL,4,"Licenciatura em Matemática",MAT,3,Noite,1,"Campus Cedro",Não,Não,Não,Não,Não,Não,NULL,NULL,NULL,NULL,NULL,NULL,NULL,NULL,Não,128188,2025-05-19,19:12:00,2025-05-17,"2026-08-17 13:39:56","2026-08-17 13:39:56",-10914.45,Sim,Não,Presente,69230C1490C0,NULL,NULL,396,2025-05-19,"Sanduíche de frango com suco",4,"Lanche da Noite",05:00:00,19:50:00,1,"Campus Cedro",NULL,NULL,NULL,396,19.66,NULL,NULL,NULL,NULL,NULL,NULL
2332,"Agostinho Mascarenhas Leon",69989664,Sim,2027-10-26,Não,Não,Não,Sim,NULL,392,NULL,4,"Licenciatura em Matemática",MAT,3,Noite,1,"Campus Cedro",Não,Não,Não,Não,Não,Não,NULL,NULL,NULL,NULL,NULL,NULL,NULL,NULL,Não,128187,2025-05-16,08:52:00,2025-05-16,"2026-08-17 13:39:56","2026-08-17 13:39:56",-10996.78,Sim,Não,Presente,004BE24B871B,NULL,NULL,389,2025-05-16,"Canja de frango",1,"Lanche da Manhã",05:00:00,08:00:00,1,"Campus Cedro",48420,5,"Ausência justificada pelo estudante",389,8.25,NULL,NULL,NULL,NULL,NULL,NULL
2332,"Agostinho Mascarenhas Leon",69989664,Sim,2027-10-26,Não,Não,Não,Sim,NULL,392,NULL,4,"Licenciatura em Matemática",MAT,3,Noite,1,"Campus Cedro",Não,Não,Não,Não,Não,Não,NULL,NULL,NULL,NULL,NULL,NULL,NULL,NULL,Não,128185,2025-05-14,12:22:00,2025-05-11,"2026-08-17 13:39:56","2026-08-17 13:39:56",-11041.28,Sim,Não,Presente,DA0F8244078C,NULL,NULL,382,2025-05-14,"Arroz, feijão, carne cozida com batatas e salada",2,Almoço,05:00:00,11:20:00,1,"Campus Cedro",48419,5,NULL,382,81.38,NULL,NULL,NULL,NULL,NULL,NULL
2332,"Agostinho Mascarenhas Leon",69989664,Sim,2027-10-26,Não,Não,Não,Sim,NULL,392,NULL,4,"Licenciatura em Matemática",MAT,3,Noite,1,"Campus Cedro",Não,Não,Não,Não,Não,Não,NULL,NULL,NULL,NULL,NULL,NULL,NULL,NULL,Não,128186,2025-05-14,16:26:00,2025-05-11,"2026-08-17 13:39:56","2026-08-17 13:39:56",-11037.22,Sim,Não,Presente,B4A4C54089F7,NULL,NULL,383,2025-05-14,"Bolo de macaxeira com suco",3,"Lanche da Tarde",05:00:00,14:50:00,1,"Campus Cedro",NULL,NULL,NULL,383,10.65,NULL,NULL,NULL,NULL,NULL,NULL
2332,"Agostinho Mascarenhas Leon",69989664,Sim,2027-10-26,Não,Não,Não,Sim,NULL,392,NULL,4,"Licenciatura em Matemática",MAT,3,Noite,1,"Campus Cedro",Não,Não,Não,Não,Não,Não,NULL,NULL,NULL,NULL,NULL,NULL,NULL,NULL,Não,128184,2025-05-01,21:02:00,2025-04-30,"2026-08-17 13:39:56","2026-08-17 13:39:56",-11344.62,Não,Não,Ausente,DEC12F140871,"Ausência justificada pelo estudante",NULL,348,2025-05-01,"Canja de frango",4,"Lanche da Noite",05:00:00,19:50:00,1,"Campus Cedro",NULL,NULL,NULL,348,15.96,NULL,NULL,NULL,NULL,NULL,NULL
2332,"Agostinho Mascarenhas Leon",69989664,Sim,2027-10-26,Não,Não,Não,Sim,NULL,392,NULL,4,"Licenciatura em Matemática",MAT,3,Noite,1,"Campus Cedro",Não,Não,Não,Não,Não,Não,NULL,NULL,NULL,NULL,NULL,NULL,NULL,NULL,Não,128183,2025-04-22,08:44:00,2025-04-22,"2026-08-17 13:39:56","2026-08-17 13:39:56",-11572.92,Sim,Não,Presente,FFAD0A1CA742,NULL,NULL,317,2025-04-22,"Cuscuz com frango e suco de manga",1,"Lanche da Manhã",05:00:00,08:00:00,1,"Campus Cedro",NULL,NULL,NULL,317,10.29,NULL,NULL,NULL,NULL,NULL,NULL
2332,"Agostinho Mascarenhas Leon",69989664,Sim,2027-10-26,Não,Não,Não,Sim,NULL,392,NULL,4,"Licenciatura em Matemática",MAT,3,Noite,1,"Campus Cedro",Não,Não,Não,Não,Não,Não,NULL,NULL,NULL,NULL,NULL,NULL,NULL,NULL,Não,128182,2025-04-16,12:17:00,2025-04-12,"2026-08-17 13:39:56","2026-08-17 13:39:56",-11713.37,Sim,Não,Presente,DA78B99A4008,NULL,NULL,302,2025-04-16,"Arroz, feijão, peixe ao molho, legumes e salada",2,Almoço,05:00:00,11:20:00,1,"Campus Cedro",NULL,NULL,NULL,302,131.75,NULL,NULL,NULL,NULL,NULL,NULL
2332,"Agostinho Mascarenhas Leon",69989664,Sim,2027-10-26,Não,Não,Não,Sim,NULL,392,NULL,4,"Licenciatura em Matemática",MAT,3,Noite,1,"Campus Cedro",Não,Não,Não,Não,Não,Não,NULL,NULL,NULL,NULL,NULL,NULL,NULL,NULL,Não,128181,2025-04-09,12:16:00,2025-04-08,"2026-08-17 13:39:56","2026-08-17 13:39:56",-11881.38,Sim,Não,Presente,E2FD8CF57440,NULL,NULL,282,2025-04-09,"Arroz, feijão, frango ao molho, farofa e salada",2,Almoço,05:00:00,11:20:00,1,"Campus Cedro",48418,4,NULL,282,110.11,NULL,NULL,NULL,NULL,NULL,NULL
